{ "type": "FeatureCollection", "features": [{"type":"Feature","geometry":{"type":"MultiPolygon","coordinates":[[[[-73.987237384748,40.739284771165],[-73.987397759634,40.739068629192],[-73.987410114522,40.739051978357],[-73.987639599677,40.73915048902],[-73.987491940302,40.73934949515],[-73.987466869266,40.739383283068],[-73.987458001264,40.739379475658],[-73.9873981189,40.739353770439],[-73.987237384748,40.739284771165]]]]},"properties":{"name":null,"base_bbl":"1008500039","construction_year":"1927","ground_elevation":"35","feature_code":"2100","height_roof":"175.09","last_status_type":"Constructed","bin":"1016252","last_edited_date":"2017-08-22T19:20:09.000Z","geom_source":"Photogrammetric","doitt_id":"1083"}},{"type":"Feature","geometry":{"type":"MultiPolygon","coordinates":[[[[-73.988141795738,40.74495571532],[-73.988277170793,40.744770312121],[-73.988290883004,40.744776103774],[-73.98831046772,40.744749281466],[-73.9883508573,40.744766340256],[-73.988305056992,40.744829066721],[-73.988324175022,40.744837140804],[-73.988327955297,40.744838737785],[-73.988318105493,40.74485222818],[-73.988218795985,40.744988236918],[-73.988141795738,40.74495571532]]]]},"properties":{"name":null,"base_bbl":"1008290047","construction_year":"1856","ground_elevation":"42","feature_code":"2100","height_roof":"58.35","last_status_type":"Constructed","bin":"1015695","last_edited_date":"2020-01-28T17:20:41.000Z","geom_source":"Photogrammetric","doitt_id":"1698"}},{"type":"Feature","geometry":{"type":"MultiPolygon","coordinates":[[[[-73.989590857716,40.743637244935],[-73.98960395075,40.743619180146],[-73.98975446684,40.743411502501],[-73.98984027207,40.74344747635],[-73.989692116367,40.743651896283],[-73.989647216801,40.743660873913],[-73.989590857716,40.743637244935]]]]},"properties":{"name":null,"base_bbl":"1008270022","construction_year":"1900","ground_elevation":"42","feature_code":"2100","height_roof":"65.67","last_status_type":"Constructed","bin":"1080694","last_edited_date":"2017-08-22T18:00:15.000Z","geom_source":"Photogrammetric","doitt_id":"3247"}},{"type":"Feature","geometry":{"type":"MultiPolygon","coordinates":[[[[-73.987400176888,40.740472828562],[-73.987479622944,40.740363506624],[-73.987513380159,40.740377698683],[-73.987536829272,40.74034543244],[-73.987503072069,40.740331240389],[-73.987556178018,40.740258162759],[-73.987636126261,40.740291774701],[-73.987480125309,40.740506440613],[-73.987400176888,40.740472828562]]]]},"properties":{"name":null,"base_bbl":"1008510051","construction_year":"1905","ground_elevation":"35","feature_code":"2100","height_roof":"124.6","last_status_type":"Constructed","bin":"1016291","last_edited_date":"2017-08-22T19:24:25.000Z","geom_source":"Photogrammetric","doitt_id":"15122"}},{"type":"Feature","geometry":{"type":"MultiPolygon","coordinates":[[[[-73.992563532457,40.740263508901],[-73.992716278795,40.740056212849],[-73.992721157303,40.740049591727],[-73.992774907531,40.740072504019],[-73.992768531136,40.740081157495],[-73.992805279779,40.740096823222],[-73.992648494626,40.740309601422],[-73.992557995552,40.740271023278],[-73.992563532457,40.740263508901]]]]},"properties":{"name":null,"base_bbl":"1008210059","construction_year":"1952","ground_elevation":"37","feature_code":"2100","height_roof":"67.6","last_status_type":"Constructed","bin":"1015482","last_edited_date":"2020-01-28T17:19:01.000Z","geom_source":"Photogrammetric","doitt_id":"23541"}},{"type":"Feature","geometry":{"type":"MultiPolygon","coordinates":[[[[-73.989954605548,40.744552119305],[-73.990102150042,40.744349554953],[-73.990181215334,40.744382867866],[-73.990033671007,40.744585431418],[-73.989954605548,40.744552119305]]]]},"properties":{"name":null,"base_bbl":"1008280015","construction_year":"1850","ground_elevation":"40","feature_code":"2100","height_roof":"72.37","last_status_type":"Constructed","bin":"1015637","last_edited_date":"2020-01-28T17:24:18.000Z","geom_source":"Photogrammetric","doitt_id":"30191"}},{"type":"Feature","geometry":{"type":"MultiPolygon","coordinates":[[[[-73.993100398204,40.741682546403],[-73.993136836118,40.741632241743],[-73.993148976945,40.741615481325],[-73.993187838684,40.741561830508],[-73.99329642884,40.741607333204],[-73.993485479918,40.741686551763],[-73.993446618347,40.741740202679],[-73.993398039814,40.741807267881],[-73.993131515994,40.741695585805],[-73.993100398204,40.741682546403]]]]},"properties":{"name":null,"base_bbl":"1008230002","construction_year":"1915","ground_elevation":"35","feature_code":"2100","height_roof":"63","last_status_type":"Constructed","bin":"1015519","last_edited_date":"2017-08-22T18:01:17.000Z","geom_source":"Other (Manual)","doitt_id":"30441"}},{"type":"Feature","geometry":{"type":"MultiPolygon","coordinates":[[[[-73.98769206347,40.740202317983],[-73.987742656174,40.740132700647],[-73.987754078064,40.740116983505],[-73.987803111013,40.740049510084],[-73.987811254938,40.740038304131],[-73.987961211717,40.740101349117],[-73.987976196756,40.740107648831],[-73.987968054035,40.740118854796],[-73.987937600519,40.740160761226],[-73.987818830729,40.740324196224],[-73.987645762663,40.740251434805],[-73.987673422799,40.740213374221],[-73.987681547487,40.740216789814],[-73.98769206347,40.740202317983]]]]},"properties":{"name":null,"base_bbl":"1008510026","construction_year":"1907","ground_elevation":"36","feature_code":"2100","height_roof":"150","last_status_type":"Constructed","bin":"1016283","last_edited_date":"2017-08-22T17:32:35.000Z","geom_source":"Other (Manual)","doitt_id":"31780"}},{"type":"Feature","geometry":{"type":"MultiPolygon","coordinates":[[[[-73.990742081785,40.742442518038],[-73.99088030326,40.742252244702],[-73.991020430892,40.742311131767],[-73.990874474532,40.742512053154],[-73.990734346607,40.742453166814],[-73.990742081785,40.742442518038]]]]},"properties":{"name":null,"base_bbl":"1008250023","construction_year":"1880","ground_elevation":"36","feature_code":"2100","height_roof":"76","last_status_type":"Constructed","bin":"1015588","last_edited_date":"2020-01-28T17:24:54.000Z","geom_source":"Other (Manual)","doitt_id":"36902"}},{"type":"Feature","geometry":{"type":"MultiPolygon","coordinates":[[[[-73.991525266622,40.741064517729],[-73.991646911965,40.740897695929],[-73.991680428035,40.740851731958],[-73.991800957784,40.740902576939],[-73.9920124574,40.740991796051],[-73.991857297904,40.741204582265],[-73.991525266622,40.741064517729]]]]},"properties":{"name":null,"base_bbl":"1008230024","construction_year":"1908","ground_elevation":"39","feature_code":"2100","height_roof":"153.14","last_status_type":"Constructed","bin":"1015530","last_edited_date":"2017-08-22T19:10:44.000Z","geom_source":"Photogrammetric","doitt_id":"37954"}},{"type":"Feature","geometry":{"type":"MultiPolygon","coordinates":[[[[-73.988404092639,40.744597458271],[-73.988399284732,40.744595427144],[-73.988444288948,40.744533791073],[-73.98844503245,40.744534105424],[-73.988717778781,40.744649300981],[-73.988704268364,40.744724239835],[-73.988416825722,40.744602836478],[-73.988404092639,40.744597458271]]]]},"properties":{"name":null,"base_bbl":"1008290030","construction_year":"1920","ground_elevation":"41","feature_code":"2100","height_roof":"81.86","last_status_type":"Constructed","bin":"1080700","last_edited_date":"2017-08-22T17:35:03.000Z","geom_source":"Photogrammetric","doitt_id":"39339"}},{"type":"Feature","geometry":{"type":"MultiPolygon","coordinates":[[[[-73.989076716295,40.739223828415],[-73.989157323338,40.739112914214],[-73.989202326749,40.739050989637],[-73.989208875233,40.739041978871],[-73.989270916224,40.739068064266],[-73.989138756219,40.73924991388],[-73.989131289785,40.739246774907],[-73.989076716295,40.739223828415]]]]},"properties":{"name":null,"base_bbl":"1008490020","construction_year":"1901","ground_elevation":"40","feature_code":"2100","height_roof":"105.4","last_status_type":"Constructed","bin":"1016202","last_edited_date":"2020-01-28T17:21:34.000Z","geom_source":"Photogrammetric","doitt_id":"44549"}},{"type":"Feature","geometry":{"type":"MultiPolygon","coordinates":[[[[-73.991734140421,40.744666419779],[-73.991806571453,40.744566974779],[-73.991996273175,40.744646899091],[-73.991994361868,40.744649524836],[-73.992027237801,40.74466337601],[-73.991957171856,40.744759574986],[-73.991956543042,40.744760437628],[-73.991734140421,40.744666419779]]]]},"properties":{"name":null,"base_bbl":"1008010041","construction_year":"1935","ground_elevation":"39","feature_code":"2100","height_roof":"18.07","last_status_type":"Constructed","bin":"1015016","last_edited_date":"2017-08-22T18:05:11.000Z","geom_source":"Photogrammetric","doitt_id":"44716"}},{"type":"Feature","geometry":{"type":"MultiPolygon","coordinates":[[[[-73.993663721249,40.740427571464],[-73.993816065505,40.740220816942],[-73.993901385739,40.74025718668],[-73.993780878173,40.740420735792],[-73.993738291373,40.740402581058],[-73.993698873135,40.740456078052],[-73.993656139534,40.740437862045],[-73.993663721249,40.740427571464]]]]},"properties":{"name":null,"base_bbl":"1008210010","construction_year":"1854","ground_elevation":"35","feature_code":"2100","height_roof":"58.13","last_status_type":"Constructed","bin":"1015461","last_edited_date":"2020-01-28T17:25:43.000Z","geom_source":"Photogrammetric","doitt_id":"47301"}},{"type":"Feature","geometry":{"type":"MultiPolygon","coordinates":[[[[-73.991866737375,40.7396632511],[-73.992016814337,40.739459577611],[-73.992019975236,40.73946092499],[-73.992079906855,40.739486473821],[-73.992095738593,40.739493222411],[-73.991945660613,40.739696896002],[-73.991866737375,40.7396632511]]]]},"properties":{"name":null,"base_bbl":"1008210034","construction_year":"1850","ground_elevation":"38","feature_code":"2100","height_roof":"46.53","last_status_type":"Constructed","bin":"1015474","last_edited_date":"2020-01-28T17:22:07.000Z","geom_source":"Photogrammetric","doitt_id":"48371"}},{"type":"Feature","geometry":{"type":"MultiPolygon","coordinates":[[[[-73.99183541491,40.741533742232],[-73.991874520366,40.741480113487],[-73.991988459172,40.741323858245],[-73.992088749,40.741366164703],[-73.991966726163,40.741533506525],[-73.991935704956,40.741576047921],[-73.99183541491,40.741533742232]]]]},"properties":{"name":null,"base_bbl":"1008230061","construction_year":"1905","ground_elevation":"36","feature_code":"2100","height_roof":"76.38","last_status_type":"Constructed","bin":"1015542","last_edited_date":"2020-01-28T17:20:41.000Z","geom_source":"Photogrammetric","doitt_id":"50209"}},{"type":"Feature","geometry":{"type":"MultiPolygon","coordinates":[[[[-73.990375956602,40.743131030152],[-73.990295119201,40.743096969796],[-73.990327479153,40.743052542401],[-73.990371112796,40.742992635323],[-73.990441641015,40.742895803369],[-73.990599188451,40.742962183703],[-73.990492558453,40.743108580288],[-73.990452665784,40.743163350329],[-73.990375956602,40.743131030152]]]]},"properties":{"name":null,"base_bbl":"1008260026","construction_year":"1910","ground_elevation":"38","feature_code":"2100","height_roof":"149.87","last_status_type":"Constructed","bin":"1015598","last_edited_date":"2017-08-22T17:54:11.000Z","geom_source":"Photogrammetric","doitt_id":"50656"}},{"type":"Feature","geometry":{"type":"MultiPolygon","coordinates":[[[[-73.993115644642,40.743476157543],[-73.993183627005,40.743382815931],[-73.993272220493,40.743261172547],[-73.993429076642,40.743327257202],[-73.993317053728,40.74348106906],[-73.993272501142,40.743542242408],[-73.993115644642,40.743476157543]]]]},"properties":{"name":null,"base_bbl":"1007990030","construction_year":"1920","ground_elevation":"33","feature_code":"2100","height_roof":"67.04","last_status_type":"Constructed","bin":"1014953","last_edited_date":"2017-08-22T18:33:52.000Z","geom_source":"Photogrammetric","doitt_id":"51551"}},{"type":"Feature","geometry":{"type":"MultiPolygon","coordinates":[[[[-73.986702317929,40.743527637876],[-73.986823632767,40.743361684775],[-73.986872620889,40.743382400228],[-73.986958972087,40.743264274322],[-73.986909984025,40.743243558906],[-73.987036777571,40.743070110375],[-73.987091850716,40.743093399169],[-73.987299892802,40.743181373014],[-73.987206491012,40.743309144625],[-73.987161674866,40.743290192972],[-73.987132943779,40.743329496897],[-73.987043692446,40.74345158934],[-73.987088509851,40.743470540138],[-73.986965434408,40.743638902173],[-73.986702317929,40.743527637876]]]]},"properties":{"name":null,"base_bbl":"1008560011","construction_year":"1912","ground_elevation":"36","feature_code":"2100","height_roof":"277.6","last_status_type":"Constructed","bin":"1016877","last_edited_date":"2019-01-22T17:36:27.000Z","geom_source":"Photogrammetric","doitt_id":"52549"}},{"type":"Feature","geometry":{"type":"MultiPolygon","coordinates":[[[[-73.988444288948,40.744533791073],[-73.9884464183,40.744530874545],[-73.988488162087,40.744473703742],[-73.9884893369,40.744472094654],[-73.988733873687,40.744575376347],[-73.988728610232,40.744599549938],[-73.988717778781,40.744649300981],[-73.98844503245,40.744534105424],[-73.988444288948,40.744533791073]]]]},"properties":{"name":null,"base_bbl":"1008290030","construction_year":"1920","ground_elevation":"42","feature_code":"2100","height_roof":"75.52","last_status_type":"Constructed","bin":"1080699","last_edited_date":"2017-08-22T19:13:28.000Z","geom_source":"Photogrammetric","doitt_id":"53088"}},{"type":"Feature","geometry":{"type":"MultiPolygon","coordinates":[[[[-73.98786375805,40.74054838678],[-73.987966726968,40.740406695543],[-73.98804434342,40.740439326306],[-73.98804496849,40.740439589319],[-73.988044689013,40.740439972906],[-73.987908026399,40.740628031405],[-73.98787557007,40.740672693158],[-73.98783100883,40.740653958807],[-73.987797328358,40.740639798368],[-73.98786375805,40.74054838678]]]]},"properties":{"name":null,"base_bbl":"1008510056","construction_year":"1928","ground_elevation":"36","feature_code":"2100","height_roof":"29.701178","last_status_type":"Constructed","bin":"1016296","last_edited_date":"2017-08-22T18:01:06.000Z","geom_source":"Photogrammetric","doitt_id":"55021"}},{"type":"Feature","geometry":{"type":"MultiPolygon","coordinates":[[[[-73.991897628258,40.74075394604],[-73.991902831364,40.740746785571],[-73.992043288742,40.74055350866],[-73.992092321425,40.740574115644],[-73.992363222898,40.740687967954],[-73.992217537031,40.740888439952],[-73.991915555759,40.740761483645],[-73.991897628258,40.74075394604]]]]},"properties":{"name":null,"base_bbl":"1008220054","construction_year":"1908","ground_elevation":"39","feature_code":"2100","height_roof":"151.23","last_status_type":"Constructed","bin":"1015505","last_edited_date":"2020-01-28T17:17:41.000Z","geom_source":"Photogrammetric","doitt_id":"58036"}},{"type":"Feature","geometry":{"type":"MultiPolygon","coordinates":[[[[-73.991626779013,40.739022354421],[-73.992066541505,40.739208796008],[-73.992074971726,40.739212369802],[-73.992068486379,40.739221221345],[-73.992128138428,40.739246511688],[-73.99209736826,40.739288501147],[-73.992091098417,40.739297057339],[-73.991601740316,40.739089588994],[-73.991583252164,40.739081750528],[-73.991584481276,40.739080072972],[-73.991626779013,40.739022354421]]]]},"properties":{"name":null,"base_bbl":"1008200047","construction_year":"1901","ground_elevation":"40","feature_code":"2100","height_roof":"177","last_status_type":"Constructed","bin":"1015455","last_edited_date":"2017-08-22T18:09:12.000Z","geom_source":"Other (Manual)","doitt_id":"59742"}},{"type":"Feature","geometry":{"type":"MultiPolygon","coordinates":[[[[-73.989969399437,40.74031421612],[-73.989954636726,40.740308025646],[-73.989980228007,40.74027271988],[-73.989794500659,40.7401976733],[-73.989672144124,40.740187739704],[-73.989696315837,40.740015494611],[-73.990309599144,40.740272676017],[-73.990207202582,40.740413939857],[-73.989969399437,40.74031421612]]]]},"properties":{"name":null,"base_bbl":"1008500001","construction_year":"1918","ground_elevation":"41","feature_code":"2100","height_roof":"202.12","last_status_type":"Constructed","bin":"1016239","last_edited_date":"2017-08-22T18:12:28.000Z","geom_source":"Photogrammetric","doitt_id":"60754"}},{"type":"Feature","geometry":{"type":"MultiPolygon","coordinates":[[[[-73.986164429373,40.74412396137],[-73.986168522426,40.744118439053],[-73.986254781928,40.744002067864],[-73.986341430772,40.743885169857],[-73.986370771196,40.743845587047],[-73.98652485488,40.743911654657],[-73.986570363518,40.743850258906],[-73.986524633277,40.74383065133],[-73.986580214469,40.743755666301],[-73.986627044512,40.743775745848],[-73.986674482209,40.743711746913],[-73.986840295909,40.743782842988],[-73.986965510598,40.743836531041],[-73.986922487016,40.743894574643],[-73.986780671388,40.74408590177],[-73.986769390012,40.744081064753],[-73.986719893796,40.74414784065],[-73.986789644475,40.744177748201],[-73.986738410809,40.744246867925],[-73.986627324195,40.744199237179],[-73.986556065767,40.744295371503],[-73.986398874613,40.744227972623],[-73.986400837045,40.744225327165],[-73.986164429373,40.74412396137]]]]},"properties":{"name":null,"base_bbl":"1008570066","construction_year":"1912","ground_elevation":"36","feature_code":"2100","height_roof":"154.65","last_status_type":"Constructed","bin":"1016894","last_edited_date":"2020-01-28T17:15:08.000Z","geom_source":"Photogrammetric","doitt_id":"63187"}},{"type":"Feature","geometry":{"type":"MultiPolygon","coordinates":[[[[-73.988046903881,40.739629611905],[-73.988021482327,40.739618699616],[-73.988164547204,40.739425883332],[-73.9881927134,40.739387922627],[-73.988387544255,40.739471555455],[-73.988359560501,40.739509270387],[-73.988354903314,40.73950727169],[-73.988325897563,40.739546364287],[-73.988289783644,40.739530861987],[-73.988229652289,40.739611905134],[-73.988265766238,40.739627407453],[-73.988214618141,40.739696341482],[-73.988211656446,40.739700333128],[-73.988115356494,40.739658995343],[-73.988046903881,40.739629611905]]]]},"properties":{"name":null,"base_bbl":"1008500025","construction_year":"1903","ground_elevation":"36","feature_code":"2100","height_roof":"127.43","last_status_type":"Constructed","bin":"1080769","last_edited_date":"2017-08-22T17:29:22.000Z","geom_source":"Photogrammetric","doitt_id":"71159"}},{"type":"Feature","geometry":{"type":"MultiPolygon","coordinates":[[[[-73.992456312935,40.739847455796],[-73.992568749515,40.73969486401],[-73.992648211805,40.739728737194],[-73.992535774165,40.739881329057],[-73.992456312935,40.739847455796]]]]},"properties":{"name":null,"base_bbl":"1008210027","construction_year":"1911","ground_elevation":"37","feature_code":"2100","height_roof":"76.69","last_status_type":"Constructed","bin":"1015471","last_edited_date":"2020-01-28T17:18:58.000Z","geom_source":"Photogrammetric","doitt_id":"72049"}},{"type":"Feature","geometry":{"type":"MultiPolygon","coordinates":[[[[-73.989089193492,40.739824452785],[-73.989127072007,40.739773401196],[-73.989428970851,40.739902989805],[-73.989410161882,40.739962227059],[-73.989089193492,40.739824452785]]]]},"properties":{"name":null,"base_bbl":"1008500016","construction_year":"1854","ground_elevation":"41","feature_code":"2100","height_roof":"63.52","last_status_type":"Constructed","bin":"1016244","last_edited_date":"2020-01-28T17:22:03.000Z","geom_source":"Photogrammetric","doitt_id":"80791"}},{"type":"Feature","geometry":{"type":"MultiPolygon","coordinates":[[[[-73.992924679463,40.7411857286],[-73.993070811447,40.740984637095],[-73.993119671916,40.741005177893],[-73.99297353885,40.74120626946],[-73.992924679463,40.7411857286]]]]},"properties":{"name":null,"base_bbl":"1008220069","construction_year":"1862","ground_elevation":"37","feature_code":"2100","height_roof":"53.12","last_status_type":"Constructed","bin":"1015511","last_edited_date":"2020-01-28T17:20:23.000Z","geom_source":"Photogrammetric","doitt_id":"83733"}},{"type":"Feature","geometry":{"type":"MultiPolygon","coordinates":[[[[-73.991835944762,40.74451518061],[-73.991871512387,40.744466346837],[-73.991876829488,40.744468586773],[-73.992000560229,40.744520715867],[-73.991996391835,40.744526439199],[-73.992063436466,40.744554685532],[-73.992032037331,40.744597796031],[-73.991835944762,40.74451518061]]]]},"properties":{"name":null,"base_bbl":"1008010039","construction_year":"1935","ground_elevation":"40","feature_code":"2100","height_roof":"40.25343192","last_status_type":"Constructed","bin":"1015014","last_edited_date":"2017-08-22T18:13:56.000Z","geom_source":"Photogrammetric","doitt_id":"84585"}},{"type":"Feature","geometry":{"type":"MultiPolygon","coordinates":[[[[-73.987960714027,40.739592613684],[-73.987704858364,40.739482784179],[-73.987728432474,40.739451013186],[-73.987876091368,40.739252007656],[-73.988174810394,40.739380237661],[-73.9881927134,40.739387922627],[-73.988164547204,40.739425883332],[-73.988021482327,40.739618699616],[-73.987960714027,40.739592613684]]]]},"properties":{"name":null,"base_bbl":"1008500028","construction_year":"1955","ground_elevation":"36","feature_code":"2100","height_roof":"86.74","last_status_type":"Constructed","bin":"1016250","last_edited_date":"2017-08-22T18:24:34.000Z","geom_source":"Photogrammetric","doitt_id":"89840"}},{"type":"Feature","geometry":{"type":"MultiPolygon","coordinates":[[[[-73.991638562701,40.743191637377],[-73.991782731318,40.742993154388],[-73.991794750758,40.742976606627],[-73.991809426309,40.742956402994],[-73.991870838567,40.742982214975],[-73.991876278678,40.742984501746],[-73.991944988675,40.743013381329],[-73.991960634029,40.742991842294],[-73.992115527464,40.742778598518],[-73.99242811319,40.74290993863],[-73.992551919622,40.742961958187],[-73.992381513343,40.743196567849],[-73.992250070289,40.743141339992],[-73.992285902058,40.743092782555],[-73.992075961693,40.743004571746],[-73.992052123434,40.742994555566],[-73.992047132136,40.743001427891],[-73.992018201533,40.743041257118],[-73.992085039869,40.743069341339],[-73.991912580665,40.743306773253],[-73.991638562701,40.743191637377]]]]},"properties":{"name":null,"base_bbl":"1008250001","construction_year":"1912","ground_elevation":"34","feature_code":"2100","height_roof":"278.29","last_status_type":"Constructed","bin":"1015575","last_edited_date":"2017-08-22T19:12:12.000Z","geom_source":"Photogrammetric","doitt_id":"94965"}},{"type":"Feature","geometry":{"type":"MultiPolygon","coordinates":[[[[-73.990044361595,40.742991271196],[-73.99018333929,40.742800464776],[-73.990190860249,40.742790138401],[-73.990355729644,40.74285960483],[-73.990304836832,40.742929479005],[-73.990241567643,40.743016343778],[-73.99020923252,40.743060738733],[-73.990044361595,40.742991271196]]]]},"properties":{"name":null,"base_bbl":"1008260029","construction_year":"1906","ground_elevation":"39","feature_code":"2100","height_roof":"135.45","last_status_type":"Constructed","bin":"1015600","last_edited_date":"2017-08-22T17:27:32.000Z","geom_source":"Photogrammetric","doitt_id":"95456"}},{"type":"Feature","geometry":{"type":"MultiPolygon","coordinates":[[[[-73.987972640204,40.744522655756],[-73.987710816099,40.744412070193],[-73.987806491167,40.744281038599],[-73.987924901395,40.744331050816],[-73.987908211074,40.744353908432],[-73.987963991203,40.744377468832],[-73.987981670399,40.744353256048],[-73.98809781132,40.74440230971],[-73.988034054697,40.744489628858],[-73.988106751994,40.744520333765],[-73.988139917109,40.744534340966],[-73.98810701022,40.744579408842],[-73.988072384133,40.744564783732],[-73.987972640204,40.744522655756]]]]},"properties":{"name":null,"base_bbl":"1008290036","construction_year":"1907","ground_elevation":"38","feature_code":"2100","height_roof":"153.07","last_status_type":"Constructed","bin":"1015687","last_edited_date":"2017-08-22T19:31:53.000Z","geom_source":"Photogrammetric","doitt_id":"96025"}},{"type":"Feature","geometry":{"type":"MultiPolygon","coordinates":[[[[-73.993587664477,40.743869305595],[-73.99356151719,40.743905207348],[-73.993508343888,40.743978215665],[-73.993395058946,40.743930488663],[-73.993429957252,40.743882571083],[-73.993489918133,40.743800243838],[-73.993554793676,40.74382757607],[-73.99353925522,40.743848910911],[-73.993587664477,40.743869305595]]]]},"properties":{"name":null,"base_bbl":"1007990024","construction_year":"1920","ground_elevation":"34","feature_code":"2100","height_roof":"65.05","last_status_type":"Constructed","bin":"1014960","last_edited_date":"2018-12-07T18:34:42.000Z","geom_source":"Photogrammetric","doitt_id":"99924"}},{"type":"Feature","geometry":{"type":"MultiPolygon","coordinates":[[[[-73.990732358221,40.741877806519],[-73.99089281262,40.741657651607],[-73.990975837589,40.741692657254],[-73.99081538338,40.74191281138],[-73.990732358221,40.741877806519]]]]},"properties":{"name":null,"base_bbl":"1008240053","construction_year":"1853","ground_elevation":"38","feature_code":"2100","height_roof":"78.94","last_status_type":"Constructed","bin":"1015574","last_edited_date":"2020-01-28T17:19:33.000Z","geom_source":"Photogrammetric","doitt_id":"104202"}},{"type":"Feature","geometry":{"type":"MultiPolygon","coordinates":[[[[-73.988720509998,40.73993640438],[-73.988748715172,40.739898389516],[-73.988729196024,40.739890011087],[-73.988792569341,40.739804597835],[-73.988818465245,40.739769696683],[-73.988881422684,40.739684844356],[-73.988967939908,40.739721981498],[-73.988914522375,40.739793976444],[-73.988890013356,40.739783456155],[-73.988762998037,40.739954642008],[-73.988720509998,40.73993640438]]]]},"properties":{"name":null,"base_bbl":"1008500019","construction_year":"1878","ground_elevation":"39","feature_code":"2100","height_roof":"64.29","last_status_type":"Constructed","bin":"1016246","last_edited_date":"2020-01-28T17:20:27.000Z","geom_source":"Photogrammetric","doitt_id":"105267"}},{"type":"Feature","geometry":{"type":"MultiPolygon","coordinates":[[[[-73.987806491167,40.744281038599],[-73.9878562187,40.744212934013],[-73.988197761225,40.74435718929],[-73.988252412002,40.744380272166],[-73.988139917109,40.744534340966],[-73.988106751994,40.744520333765],[-73.988034054697,40.744489628858],[-73.98809781132,40.74440230971],[-73.987981670399,40.744353256048],[-73.987963991203,40.744377468832],[-73.987908211074,40.744353908432],[-73.987924901395,40.744331050816],[-73.987806491167,40.744281038599]]]]},"properties":{"name":null,"base_bbl":"1008290035","construction_year":"1850","ground_elevation":"39","feature_code":"2100","height_roof":"61.16","last_status_type":"Constructed","bin":"1015686","last_edited_date":"2020-01-28T17:17:12.000Z","geom_source":"Photogrammetric","doitt_id":"105594"}},{"type":"Feature","geometry":{"type":"MultiPolygon","coordinates":[[[[-73.99009735169,40.739709458108],[-73.989979882231,40.739658967302],[-73.990047207611,40.739568347867],[-73.990144600841,40.739437255858],[-73.990301469554,40.739504680262],[-73.990216679494,40.739618808814],[-73.990153652786,40.739703644755],[-73.990136751299,40.73972639283],[-73.99009735169,40.739709458108]]]]},"properties":{"name":null,"base_bbl":"1008490007","construction_year":"1907","ground_elevation":"42","feature_code":"2100","height_roof":"149","last_status_type":"Constructed","bin":"1068277","last_edited_date":"2020-01-28T17:19:32.000Z","geom_source":"Other (Manual)","doitt_id":"111766"}},{"type":"Feature","geometry":{"type":"MultiPolygon","coordinates":[[[[-73.993240668752,40.743865444198],[-73.993254902362,40.743845902231],[-73.993321261429,40.743754788302],[-73.993453787509,40.743810621935],[-73.993404570434,40.743878200373],[-73.993373196169,40.743921277924],[-73.993240668752,40.743865444198]]]]},"properties":{"name":null,"base_bbl":"1007990024","construction_year":"1920","ground_elevation":"34","feature_code":"2100","height_roof":"71.71","last_status_type":"Constructed","bin":"1014959","last_edited_date":"2018-12-07T18:34:25.000Z","geom_source":"Photogrammetric","doitt_id":"114277"}},{"type":"Feature","geometry":{"type":"MultiPolygon","coordinates":[[[[-73.987637765632,40.739751307428],[-73.987642658825,40.739744712636],[-73.987630243585,40.739748078301],[-73.987452065749,40.739671592438],[-73.987333575524,40.739620727812],[-73.987326446495,40.739630336344],[-73.987325101216,40.739632148917],[-73.987249702306,40.73959978176],[-73.98714254035,40.739553780031],[-73.987122991909,40.739545388719],[-73.987122758799,40.739544758338],[-73.987114914698,40.73952355231],[-73.987114500543,40.739522432933],[-73.987096716735,40.739474351947],[-73.987237384748,40.739284771165],[-73.9873981189,40.739353770439],[-73.987458001264,40.739379475658],[-73.987466869266,40.739383283068],[-73.987548784977,40.739418446865],[-73.987496183264,40.739489339023],[-73.98774597268,40.73959656498],[-73.987748054074,40.73960266704],[-73.987751136582,40.739598513326],[-73.987827064905,40.739631107139],[-73.987713694075,40.739783901314],[-73.987637765632,40.739751307428]]]]},"properties":{"name":null,"base_bbl":"1008500044","construction_year":"1986","ground_elevation":"35","feature_code":"2100","height_roof":"276","last_status_type":"Constructed","bin":"1068310","last_edited_date":"2017-08-22T18:45:36.000Z","geom_source":"Other (Manual)","doitt_id":"116656"}},{"type":"Feature","geometry":{"type":"MultiPolygon","coordinates":[[[[-73.991589372068,40.742822942799],[-73.991723705448,40.74263800098],[-73.991737081905,40.742619583869],[-73.991799529749,40.742645823705],[-73.991975434582,40.742719735305],[-73.991827725251,40.742923094538],[-73.991589372068,40.742822942799]]]]},"properties":{"name":null,"base_bbl":"1008250009","construction_year":"1920","ground_elevation":"36","feature_code":"2100","height_roof":"92.13","last_status_type":"Constructed","bin":"1015578","last_edited_date":"2017-08-22T18:54:39.000Z","geom_source":"Photogrammetric","doitt_id":"117501"}},{"type":"Feature","geometry":{"type":"MultiPolygon","coordinates":[[[[-73.99201442809,40.741609256007],[-73.992032289811,40.741584760745],[-73.992169875773,40.741396075191],[-73.992236005725,40.741423971077],[-73.992234923419,40.74142545504],[-73.992200498021,40.741472666309],[-73.992087986357,40.741626965054],[-73.992080558189,40.741637151982],[-73.99201442809,40.741609256007]]]]},"properties":{"name":null,"base_bbl":"1008230063","construction_year":"1903","ground_elevation":"37","feature_code":"2100","height_roof":"76.7","last_status_type":"Constructed","bin":"1015544","last_edited_date":"2020-01-28T17:25:15.000Z","geom_source":"Photogrammetric","doitt_id":"124131"}},{"type":"Feature","geometry":{"type":"MultiPolygon","coordinates":[[[[-73.988864438598,40.739462464193],[-73.988970224437,40.739316906432],[-73.989039525208,40.7392215493],[-73.989128889161,40.73925912334],[-73.989131320754,40.739260145646],[-73.989184078292,40.739282328311],[-73.98915078389,40.739328141201],[-73.989135603873,40.739349028843],[-73.989113563242,40.739339761441],[-73.989088000711,40.739329013266],[-73.98904237531,40.739391793219],[-73.989097988334,40.73941517567],[-73.989017001886,40.739526610283],[-73.988864438598,40.739462464193]]]]},"properties":{"name":null,"base_bbl":"1008490058","construction_year":"1904","ground_elevation":"40","feature_code":"2100","height_roof":"99","last_status_type":"Constructed","bin":"1016222","last_edited_date":"2020-01-28T17:18:36.000Z","geom_source":"Other (Manual)","doitt_id":"126638"}},{"type":"Feature","geometry":{"type":"MultiPolygon","coordinates":[[[[-73.992091098417,40.739297057339],[-73.99209736826,40.739288501147],[-73.992128138428,40.739246511688],[-73.992230924432,40.739106246607],[-73.992390537575,40.739173915994],[-73.992353392418,40.739224604003],[-73.992247835686,40.739368650236],[-73.992115765806,40.739312658522],[-73.992088222222,40.739300981554],[-73.992090932642,40.739297283355],[-73.992091098417,40.739297057339]]]]},"properties":{"name":null,"base_bbl":"1008200051","construction_year":"1907","ground_elevation":"37","feature_code":"2100","height_roof":"141","last_status_type":"Constructed","bin":"1015456","last_edited_date":"2020-01-28T17:18:13.000Z","geom_source":"Other (Manual)","doitt_id":"127355"}},{"type":"Feature","geometry":{"type":"MultiPolygon","coordinates":[[[[-73.990033709426,40.739562546532],[-73.989971119644,40.739535643842],[-73.990009292164,40.739484264201],[-73.990029685028,40.739493029707],[-73.990088907008,40.739413317391],[-73.990144600841,40.739437255858],[-73.990047207611,40.739568347867],[-73.990033709426,40.739562546532]]]]},"properties":{"name":null,"base_bbl":"1008490009","construction_year":"1853","ground_elevation":"42","feature_code":"2100","height_roof":"35.55","last_status_type":"Constructed","bin":"1016200","last_edited_date":"2020-01-28T17:18:10.000Z","geom_source":"Photogrammetric","doitt_id":"127680"}},{"type":"Feature","geometry":{"type":"MultiPolygon","coordinates":[[[[-73.992975946642,40.740119950679],[-73.992982009227,40.740111723112],[-73.993118176633,40.73992692379],[-73.993145535965,40.739938586092],[-73.993199139448,40.739961436042],[-73.993056908434,40.740154463931],[-73.992990675249,40.740126229013],[-73.992975946642,40.740119950679]]]]},"properties":{"name":null,"base_bbl":"1008210020","construction_year":"1903","ground_elevation":"36","feature_code":"2100","height_roof":"75.05","last_status_type":"Constructed","bin":"1015467","last_edited_date":"2020-01-28T17:22:34.000Z","geom_source":"Photogrammetric","doitt_id":"134188"}},{"type":"Feature","geometry":{"type":"MultiPolygon","coordinates":[[[[-73.991386977633,40.739364474672],[-73.991433769422,40.739300974371],[-73.991749058935,40.739435383721],[-73.991702268535,40.739498884149],[-73.991386977633,40.739364474672]]]]},"properties":{"name":null,"base_bbl":"1008210039","construction_year":"1851","ground_elevation":"38","feature_code":"2100","height_roof":"60.75","last_status_type":"Constructed","bin":"1015476","last_edited_date":"2020-01-28T17:18:03.000Z","geom_source":"Photogrammetric","doitt_id":"135329"}},{"type":"Feature","geometry":{"type":"MultiPolygon","coordinates":[[[[-73.987561506767,40.744616553873],[-73.987615255532,40.744542943229],[-73.98785542138,40.744644382078],[-73.987882540228,40.744655835779],[-73.987828791668,40.744729446547],[-73.987713463727,40.744680735795],[-73.987561506767,40.744616553873]]]]},"properties":{"name":null,"base_bbl":"1008290040","construction_year":"1915","ground_elevation":"40","feature_code":"2100","height_roof":"149.13","last_status_type":"Constructed","bin":"1015690","last_edited_date":"2017-08-22T17:37:22.000Z","geom_source":"Photogrammetric","doitt_id":"137870"}},{"type":"Feature","geometry":{"type":"MultiPolygon","coordinates":[[[[-73.988797843064,40.740238159356],[-73.988948973745,40.740034471973],[-73.988964910605,40.740012992796],[-73.988965912431,40.740011642131],[-73.988966453448,40.740011874514],[-73.989049416058,40.740047485792],[-73.98900156169,40.740111982779],[-73.988881346884,40.740274003138],[-73.988874071167,40.740283808961],[-73.988873997747,40.74028390801],[-73.988790493918,40.740248064222],[-73.98879086102,40.740247568979],[-73.988797843064,40.740238159356]]]]},"properties":{"name":null,"base_bbl":"1008500067","construction_year":"1910","ground_elevation":"41","feature_code":"2100","height_roof":"61","last_status_type":"Constructed","bin":"1016265","last_edited_date":"2017-08-22T18:02:32.000Z","geom_source":"Other (Manual)","doitt_id":"140391"}},{"type":"Feature","geometry":{"type":"MultiPolygon","coordinates":[[[[-73.99349123358,40.740296074263],[-73.993611072624,40.740133434026],[-73.993672540953,40.740159635881],[-73.993552702012,40.740322277082],[-73.99349123358,40.740296074263]]]]},"properties":{"name":null,"base_bbl":"1008210013","construction_year":"1855","ground_elevation":"35","feature_code":"2100","height_roof":"63.15","last_status_type":"Constructed","bin":"1015464","last_edited_date":"2020-01-28T17:19:28.000Z","geom_source":"Photogrammetric","doitt_id":"142289"}},{"type":"Feature","geometry":{"type":"MultiPolygon","coordinates":[[[[-73.988376611199,40.740555187172],[-73.988296841029,40.740521650504],[-73.988249008798,40.740501540907],[-73.988137009702,40.740454455405],[-73.98829007866,40.740243820777],[-73.988322280414,40.740257358672],[-73.98851930794,40.740340191839],[-73.98874402386,40.740434664633],[-73.988749524032,40.740436976773],[-73.988604071787,40.740637131754],[-73.988596456083,40.740647612006],[-73.988461573823,40.740590906233],[-73.988376611199,40.740555187172]]]]},"properties":{"name":null,"base_bbl":"1008510013","construction_year":"1911","ground_elevation":"40","feature_code":"2100","height_roof":"149.57","last_status_type":"Constructed","bin":"1016280","last_edited_date":"2017-08-22T18:12:01.000Z","geom_source":"Photogrammetric","doitt_id":"142754"}},{"type":"Feature","geometry":{"type":"MultiPolygon","coordinates":[[[[-73.989303676783,40.742856060308],[-73.989641440073,40.742998377593],[-73.989721715849,40.743032201524],[-73.989803017979,40.742920580094],[-73.989875026541,40.742950920026],[-73.989876812355,40.742948467201],[-73.989925105074,40.742882165299],[-73.990038799824,40.742726068683],[-73.99016345999,40.742778593365],[-73.990190860249,40.742790138401],[-73.99018333929,40.742800464776],[-73.990044361595,40.742991271196],[-73.990027015084,40.743015087207],[-73.990061604099,40.7430296613],[-73.990037876981,40.743062235994],[-73.989978280793,40.743144057198],[-73.99003204682,40.743166711415],[-73.990011168892,40.743195373646],[-73.989949308302,40.743280304988],[-73.98994463651,40.743286717991],[-73.989268429964,40.743001799595],[-73.989289730465,40.742850184104],[-73.989303676783,40.742856060308]]]]},"properties":{"name":null,"base_bbl":"1008260046","construction_year":"1914","ground_elevation":"40","feature_code":"2100","height_roof":"164.98","last_status_type":"Constructed","bin":"1015604","last_edited_date":"2017-08-22T17:31:45.000Z","geom_source":"Photogrammetric","doitt_id":"146248"}},{"type":"Feature","geometry":{"type":"MultiPolygon","coordinates":[[[[-73.991000605515,40.742923579504],[-73.991156706188,40.742708673873],[-73.99131712964,40.742776080926],[-73.991161029327,40.742990987673],[-73.991000605515,40.742923579504]]]]},"properties":{"name":null,"base_bbl":"1008250012","construction_year":"1916","ground_elevation":"37","feature_code":"2100","height_roof":"149.25","last_status_type":"Constructed","bin":"1080678","last_edited_date":"2017-08-22T17:43:10.000Z","geom_source":"Photogrammetric","doitt_id":"148924"}},{"type":"Feature","geometry":{"type":"MultiPolygon","coordinates":[[[[-73.986341430772,40.743885169857],[-73.9860683866,40.743768094669],[-73.98604088133,40.743756301002],[-73.986171516009,40.74358006233],[-73.986278378338,40.743625882998],[-73.986471678961,40.743708765109],[-73.986515701194,40.743649372831],[-73.986518911873,40.743645042669],[-73.986674482209,40.743711746913],[-73.986627044512,40.743775745848],[-73.986580214469,40.743755666301],[-73.986524633277,40.74383065133],[-73.986570363518,40.743850258906],[-73.98652485488,40.743911654657],[-73.986370771196,40.743845587047],[-73.986341430772,40.743885169857]]]]},"properties":{"name":null,"base_bbl":"1008570018","construction_year":"1910","ground_elevation":"36","feature_code":"2100","height_roof":"173.40553126","last_status_type":"Constructed","bin":"1016888","last_edited_date":"2017-08-22T18:21:21.000Z","geom_source":"Photogrammetric","doitt_id":"149336"}},{"type":"Feature","geometry":{"type":"MultiPolygon","coordinates":[[[[-73.990297400673,40.744227763598],[-73.990345070969,40.744162480853],[-73.990393032492,40.744096799187],[-73.99040724448,40.744077337716],[-73.990439313496,40.744033419958],[-73.990446524282,40.744023543796],[-73.990668811662,40.744117437159],[-73.990513667873,40.744329901791],[-73.990479552847,40.744315491767],[-73.99029137882,40.744236008132],[-73.990297400673,40.744227763598]]]]},"properties":{"name":null,"base_bbl":"1008270064","construction_year":"1909","ground_elevation":"41","feature_code":"2100","height_roof":"154.52","last_status_type":"Constructed","bin":"1015629","last_edited_date":"2017-08-22T19:04:48.000Z","geom_source":"Photogrammetric","doitt_id":"151674"}},{"type":"Feature","geometry":{"type":"MultiPolygon","coordinates":[[[[-73.99081538338,40.74191281138],[-73.990975837589,40.741692657254],[-73.99100581976,40.741651518125],[-73.990947396025,40.741626885577],[-73.990933410891,40.741646073386],[-73.990859273446,40.741614815424],[-73.990873257411,40.741595626724],[-73.990657007654,40.741504451042],[-73.990812531686,40.741291059541],[-73.99101785134,40.741377627087],[-73.99102100876,40.741378958283],[-73.991041970624,40.741387795692],[-73.991318077939,40.741504208292],[-73.991041951409,40.741883079164],[-73.990972119075,40.741978894881],[-73.99081538338,40.74191281138]]]]},"properties":{"name":null,"base_bbl":"1008240028","construction_year":"1911","ground_elevation":"38","feature_code":"2100","height_roof":"172.14","last_status_type":"Constructed","bin":"1080672","last_edited_date":"2017-08-22T18:00:02.000Z","geom_source":"Photogrammetric","doitt_id":"154087"}},{"type":"Feature","geometry":{"type":"MultiPolygon","coordinates":[[[[-73.99082330143,40.743643137257],[-73.990902880615,40.743533877853],[-73.99096933614,40.74344263741],[-73.99130091758,40.743582341463],[-73.991182408149,40.743745049559],[-73.991154882378,40.743782841726],[-73.99082330143,40.743643137257]]]]},"properties":{"name":null,"base_bbl":"1008260065","construction_year":"1913","ground_elevation":"38","feature_code":"2100","height_roof":"152.63","last_status_type":"Constructed","bin":"1015609","last_edited_date":"2017-08-22T18:07:59.000Z","geom_source":"Photogrammetric","doitt_id":"155649"}},{"type":"Feature","geometry":{"type":"MultiPolygon","coordinates":[[[[-73.990423106382,40.740683901299],[-73.990467202631,40.740623019853],[-73.99078244231,40.740755109412],[-73.990811615294,40.740767333428],[-73.990767520448,40.740828215004],[-73.990423106382,40.740683901299]]]]},"properties":{"name":null,"base_bbl":"1008230042","construction_year":"1910","ground_elevation":"41","feature_code":"2100","height_roof":"77.59","last_status_type":"Constructed","bin":"1015536","last_edited_date":"2017-08-22T18:38:50.000Z","geom_source":"Photogrammetric","doitt_id":"155819"}},{"type":"Feature","geometry":{"type":"MultiPolygon","coordinates":[[[[-73.989993493161,40.741271611492],[-73.990059220573,40.741181430479],[-73.99021123605,40.741245525395],[-73.99036341993,40.741309691264],[-73.990297693988,40.74139987335],[-73.99014467178,40.741335354324],[-73.989993493161,40.741271611492]]]]},"properties":{"name":null,"base_bbl":"1008240039","construction_year":"1862","ground_elevation":"40","feature_code":"2100","height_roof":"71.97","last_status_type":"Constructed","bin":"1015563","last_edited_date":"2020-01-28T17:16:33.000Z","geom_source":"Photogrammetric","doitt_id":"157961"}},{"type":"Feature","geometry":{"type":"MultiPolygon","coordinates":[[[[-73.98855109676,40.740132242629],[-73.988670457122,40.739971376078],[-73.988702227956,40.739928556467],[-73.988720509998,40.73993640438],[-73.988762998037,40.739954642008],[-73.988940335238,40.740030763755],[-73.988948973745,40.740034471973],[-73.988797843064,40.740238159356],[-73.988692259444,40.740192837308],[-73.98855109676,40.740132242629]]]]},"properties":{"name":null,"base_bbl":"1008500064","construction_year":"1911","ground_elevation":"38","feature_code":"2100","height_roof":"150.98","last_status_type":"Constructed","bin":"1016264","last_edited_date":"2017-08-22T18:42:43.000Z","geom_source":"Photogrammetric","doitt_id":"160355"}},{"type":"Feature","geometry":{"type":"MultiPolygon","coordinates":[[[[-73.99107885006,40.743391704262],[-73.99108419201,40.743384370046],[-73.991101972842,40.743359955975],[-73.991120553656,40.743356168075],[-73.99114745638,40.743319230447],[-73.991145498226,40.743300204385],[-73.991171493816,40.743264514784],[-73.99120560351,40.743217686526],[-73.991262021994,40.743241457],[-73.991273605464,40.743246337725],[-73.991270864046,40.743250101637],[-73.991138431258,40.743431927304],[-73.991130161956,40.74344328116],[-73.991118209773,40.743459690178],[-73.991050207668,40.743431038888],[-73.99107885006,40.743391704262]]]]},"properties":{"name":null,"base_bbl":"1008260016","construction_year":"1910","ground_elevation":"35","feature_code":"2100","height_roof":"86.63","last_status_type":"Constructed","bin":"1015594","last_edited_date":"2017-08-22T18:21:51.000Z","geom_source":"Photogrammetric","doitt_id":"161884"}},{"type":"Feature","geometry":{"type":"MultiPolygon","coordinates":[[[[-73.99257469065,40.743508070335],[-73.992617252082,40.743449632869],[-73.992639892444,40.743459171587],[-73.992794162716,40.743524167325],[-73.992751601392,40.743582603956],[-73.992585972359,40.743512823938],[-73.99257469065,40.743508070335]]]]},"properties":{"name":null,"base_bbl":"1007990041","construction_year":"1894","ground_elevation":"31","feature_code":"2100","height_roof":"59.05856051","last_status_type":"Constructed","bin":"1014956","last_edited_date":"2017-08-22T17:55:51.000Z","geom_source":"Photogrammetric","doitt_id":"164922"}},{"type":"Feature","geometry":{"type":"MultiPolygon","coordinates":[[[[-73.986600802475,40.743493025033],[-73.986939905093,40.743029146174],[-73.987036777571,40.743070110375],[-73.986909984025,40.743243558906],[-73.986823632767,40.743361684775],[-73.986702317929,40.743527637876],[-73.98669767542,40.743533989517],[-73.986600802475,40.743493025033]]]]},"properties":{"name":null,"base_bbl":"1008560014","construction_year":"1924","ground_elevation":"37","feature_code":"2100","height_roof":"83.05084567","last_status_type":"Constructed","bin":"1089338","last_edited_date":"2017-08-22T18:58:25.000Z","geom_source":"Photogrammetric","doitt_id":"166588"}},{"type":"Feature","geometry":{"type":"MultiPolygon","coordinates":[[[[-73.99350431626,40.741241354654],[-73.993468100283,40.741291191181],[-73.99346284165,40.741298426459],[-73.993399638498,40.74138540105],[-73.993325630406,40.741354288764],[-73.99343030828,40.741210242434],[-73.99350431626,40.741241354654]]]]},"properties":{"name":null,"base_bbl":"1008220075","construction_year":"1851","ground_elevation":"36","feature_code":"2100","height_roof":"51.76789266","last_status_type":"Constructed","bin":"1015513","last_edited_date":"2020-01-28T17:25:13.000Z","geom_source":"Photogrammetric","doitt_id":"172545"}},{"type":"Feature","geometry":{"type":"MultiPolygon","coordinates":[[[[-73.99297353885,40.74120626946],[-73.993119671916,40.741005177893],[-73.993258745234,40.741063644346],[-73.993271854525,40.741045604349],[-73.99339940992,40.741099227932],[-73.99343247382,40.741113128251],[-73.993484873168,40.741135156733],[-73.993441160641,40.74119530904],[-73.993325630406,40.741354288764],[-73.99331754527,40.741365414963],[-73.992965452489,40.741217395634],[-73.99297353885,40.74120626946]]]]},"properties":{"name":null,"base_bbl":"1008220070","construction_year":"1910","ground_elevation":"35","feature_code":"2100","height_roof":"151.53","last_status_type":"Constructed","bin":"1015512","last_edited_date":"2017-08-22T17:58:11.000Z","geom_source":"Photogrammetric","doitt_id":"174303"}},{"type":"Feature","geometry":{"type":"MultiPolygon","coordinates":[[[[-73.989640312034,40.74041458006],[-73.989771331725,40.740425216855],[-73.989861522871,40.740463038033],[-73.99009932757,40.740562761992],[-73.989967204685,40.740745032158],[-73.989614684538,40.740597202448],[-73.989640312034,40.74041458006]]]]},"properties":{"name":null,"base_bbl":"1008500075","construction_year":"1862","ground_elevation":"42","feature_code":"2100","height_roof":"90.5","last_status_type":"Constructed","bin":"1016266","last_edited_date":"2020-01-28T17:19:28.000Z","geom_source":"Photogrammetric","doitt_id":"185474"}},{"type":"Feature","geometry":{"type":"MultiPolygon","coordinates":[[[[-73.987561506767,40.744616553873],[-73.987713463727,40.744680735795],[-73.987828791668,40.744729446547],[-73.987850307051,40.744738534031],[-73.987834978556,40.74475952683],[-73.987872504115,40.744775376105],[-73.987896386847,40.744742667706],[-73.987884802182,40.744737775835],[-73.987979519276,40.744608057842],[-73.98800167637,40.744577712171],[-73.988040643879,40.744594171184],[-73.98807804745,40.744609969051],[-73.988072144901,40.74461805319],[-73.987903521345,40.744848991296],[-73.987625895492,40.74473173203],[-73.987512407503,40.744683798412],[-73.987561506767,40.744616553873]]]]},"properties":{"name":null,"base_bbl":"1008290042","construction_year":"1915","ground_elevation":"40","feature_code":"2100","height_roof":"78.31","last_status_type":"Constructed","bin":"1015691","last_edited_date":"2018-12-07T18:34:16.000Z","geom_source":"Photogrammetric","doitt_id":"189755"}},{"type":"Feature","geometry":{"type":"MultiPolygon","coordinates":[[[[-73.990519832543,40.742718340597],[-73.990663494259,40.742520579359],[-73.990684948411,40.742491047164],[-73.990805147715,40.74254155906],[-73.990772688841,40.742586242329],[-73.990826144513,40.742608706146],[-73.990832473671,40.742611365847],[-73.99079320208,40.74266542646],[-73.99069981826,40.74279397625],[-73.990519832543,40.742718340597]]]]},"properties":{"name":null,"base_bbl":"1008250056","construction_year":"1904","ground_elevation":"35","feature_code":"2100","height_roof":"99.28","last_status_type":"Constructed","bin":"1015585","last_edited_date":"2020-01-28T17:20:14.000Z","geom_source":"Photogrammetric","doitt_id":"190047"}},{"type":"Feature","geometry":{"type":"MultiPolygon","coordinates":[[[[-73.99038420491,40.741419539577],[-73.990556516539,40.741183115744],[-73.990812531686,40.741291059541],[-73.990657007654,40.741504451042],[-73.990640220686,40.741527482853],[-73.990552717469,40.741490589133],[-73.990608273407,40.741414363036],[-73.990528033465,40.741380531613],[-73.990472477464,40.741456757672],[-73.99038420491,40.741419539577]]]]},"properties":{"name":null,"base_bbl":"1008240032","construction_year":"1901","ground_elevation":"39","feature_code":"2100","height_roof":"136.25","last_status_type":"Constructed","bin":"1015559","last_edited_date":"2017-08-22T18:59:49.000Z","geom_source":"Photogrammetric","doitt_id":"191911"}},{"type":"Feature","geometry":{"type":"MultiPolygon","coordinates":[[[[-73.9932959048,40.744357199837],[-73.993421486714,40.744184770814],[-73.993449571473,40.744146209107],[-73.993540870803,40.74418467311],[-73.993608616646,40.744213213951],[-73.993527917317,40.744324016818],[-73.993499022881,40.74431184394],[-73.993459336824,40.744366334067],[-73.993490457114,40.744379445408],[-73.993437741628,40.74445182606],[-73.993276470221,40.744383883425],[-73.9932959048,40.744357199837]]]]},"properties":{"name":null,"base_bbl":"1008000023","construction_year":"1904","ground_elevation":"37","feature_code":"2100","height_roof":"77.05","last_status_type":"Constructed","bin":"1014980","last_edited_date":"2017-08-22T19:02:11.000Z","geom_source":"Photogrammetric","doitt_id":"193746"}},{"type":"Feature","geometry":{"type":"MultiPolygon","coordinates":[[[[-73.987903521345,40.744848991296],[-73.988072144901,40.74461805319],[-73.988152772258,40.744652106972],[-73.988088541749,40.744740072663],[-73.987984148896,40.744883045195],[-73.987903521345,40.744848991296]]]]},"properties":{"name":null,"base_bbl":"1008290044","construction_year":"1862","ground_elevation":"41","feature_code":"2100","height_roof":"59.14","last_status_type":"Constructed","bin":"1015692","last_edited_date":"2020-01-28T17:14:47.000Z","geom_source":"Photogrammetric","doitt_id":"195241"}},{"type":"Feature","geometry":{"type":"MultiPolygon","coordinates":[[[[-73.991524096624,40.742211617058],[-73.991724208065,40.741937045361],[-73.991812937278,40.741815300427],[-73.991870053948,40.741736929728],[-73.992097823105,40.741832959454],[-73.991973949163,40.742007968064],[-73.992056393959,40.742041726588],[-73.991993807305,40.742130148457],[-73.991954162766,40.742184546233],[-73.99183798432,40.74234395484],[-73.991524096624,40.742211617058]]]]},"properties":{"name":null,"base_bbl":"1008240015","construction_year":"1906","ground_elevation":"36","feature_code":"2100","height_roof":"143","last_status_type":"Constructed","bin":"1080667","last_edited_date":"2017-08-22T17:47:46.000Z","geom_source":"Other (Manual)","doitt_id":"198213"}},{"type":"Feature","geometry":{"type":"MultiPolygon","coordinates":[[[[-73.992461817734,40.741777538717],[-73.992493025825,40.741734455087],[-73.992611898028,40.741570348933],[-73.992682540206,40.741599950412],[-73.992674568606,40.741610955905],[-73.992589740529,40.741728062344],[-73.992532726497,40.741806771997],[-73.992524602093,40.741817988188],[-73.992453959754,40.741788386613],[-73.992461817734,40.741777538717]]]]},"properties":{"name":null,"base_bbl":"1008230069","construction_year":"1904","ground_elevation":"36","feature_code":"2100","height_roof":"70.1","last_status_type":"Constructed","bin":"1015548","last_edited_date":"2020-01-28T17:19:58.000Z","geom_source":"Photogrammetric","doitt_id":"201567"}},{"type":"Feature","geometry":{"type":"MultiPolygon","coordinates":[[[[-73.99193237323,40.740001969885],[-73.99209481054,40.739781524318],[-73.992012206498,40.739746310579],[-73.992024008574,40.739730294971],[-73.99217408639,40.739526621279],[-73.992199912294,40.739537630834],[-73.992568749515,40.73969486401],[-73.992456312935,40.739847455796],[-73.992385738898,40.739943233627],[-73.992248650553,40.740129278323],[-73.992244435098,40.740134999864],[-73.991988449447,40.740025875067],[-73.99193237323,40.740001969885]]]]},"properties":{"name":null,"base_bbl":"1008210032","construction_year":"1904","ground_elevation":"37","feature_code":"2100","height_roof":"152.09","last_status_type":"Constructed","bin":"1015472","last_edited_date":"2017-08-22T18:35:59.000Z","geom_source":"Photogrammetric","doitt_id":"203088"}},{"type":"Feature","geometry":{"type":"MultiPolygon","coordinates":[[[[-73.98820943073,40.74001452175],[-73.98836512662,40.739804685128],[-73.988372158414,40.739795207097],[-73.988448563167,40.739828004962],[-73.9884203993,40.739865963026],[-73.988367221453,40.739937633558],[-73.988303826148,40.740023074488],[-73.988295864717,40.740033803225],[-73.988285835655,40.740047319723],[-73.98820943073,40.74001452175]]]]},"properties":{"name":null,"base_bbl":"1008500060","construction_year":"1905","ground_elevation":"38","feature_code":"2100","height_roof":"112","last_status_type":"Constructed","bin":"1016260","last_edited_date":"2017-08-22T18:04:59.000Z","geom_source":"Other (Manual)","doitt_id":"204150"}},{"type":"Feature","geometry":{"type":"MultiPolygon","coordinates":[[[[-73.991190256689,40.742662483132],[-73.991341997162,40.742453576987],[-73.991501278899,40.74252050373],[-73.991397069644,40.742663972891],[-73.991349538773,40.742729410983],[-73.991223645296,40.742676511979],[-73.991190256689,40.742662483132]]]]},"properties":{"name":null,"base_bbl":"1008250012","construction_year":"1916","ground_elevation":"37","feature_code":"2100","height_roof":"150.36","last_status_type":"Constructed","bin":"1080677","last_edited_date":"2017-08-22T18:17:04.000Z","geom_source":"Photogrammetric","doitt_id":"206555"}},{"type":"Feature","geometry":{"type":"MultiPolygon","coordinates":[[[[-73.988209360064,40.743726321446],[-73.988300755618,40.74360083071],[-73.988304643598,40.743595491999],[-73.988705373537,40.743764317608],[-73.988622025664,40.743878757535],[-73.988404981898,40.743787317329],[-73.988393044377,40.743803708055],[-73.988298501084,40.743763877173],[-73.988209360064,40.743726321446]]]]},"properties":{"name":null,"base_bbl":"1008280035","construction_year":"1912","ground_elevation":"41","feature_code":"2100","height_roof":"243.43","last_status_type":"Constructed","bin":"1015650","last_edited_date":"2017-08-22T19:16:31.000Z","geom_source":"Photogrammetric","doitt_id":"207768"}},{"type":"Feature","geometry":{"type":"MultiPolygon","coordinates":[[[[-73.989933030211,40.740298467575],[-73.989859183828,40.740265801496],[-73.989854431583,40.740265415661],[-73.989663420751,40.740249909052],[-73.989672144124,40.740187739704],[-73.989794500659,40.7401976733],[-73.989980228007,40.74027271988],[-73.989954636726,40.740308025646],[-73.989933030211,40.740298467575]]]]},"properties":{"name":null,"base_bbl":"1008500010","construction_year":"1858","ground_elevation":"41","feature_code":"2100","height_roof":"63.21","last_status_type":"Constructed","bin":"1016241","last_edited_date":"2020-01-28T17:26:21.000Z","geom_source":"Photogrammetric","doitt_id":"214456"}},{"type":"Feature","geometry":{"type":"MultiPolygon","coordinates":[[[[-73.99259432913,40.739515546703],[-73.992748010398,40.739305827382],[-73.992754256477,40.739297303571],[-73.992804266305,40.739318505553],[-73.992821411918,40.739295107835],[-73.992966709849,40.73909682594],[-73.992967705662,40.739095468036],[-73.993107706508,40.739154820843],[-73.993196344559,40.739192397988],[-73.993066906732,40.739369035626],[-73.993042195944,40.739358559433],[-73.99303516261,40.739355578329],[-73.992970944872,40.739443212719],[-73.993002684287,40.739456669134],[-73.992875600595,40.739630102688],[-73.992872979012,40.739633679342],[-73.99259432913,40.739515546703]]]]},"properties":{"name":null,"base_bbl":"1008200026","construction_year":"1902","ground_elevation":"36","feature_code":"2100","height_roof":"152.74","last_status_type":"Constructed","bin":"1015446","last_edited_date":"2020-01-28T17:19:29.000Z","geom_source":"Photogrammetric","doitt_id":"214759"}},{"type":"Feature","geometry":{"type":"MultiPolygon","coordinates":[[[[-73.990886912637,40.740040917218],[-73.991049511247,40.740109279379],[-73.991187959349,40.740167487145],[-73.991169091163,40.740193450931],[-73.991252972769,40.740228716698],[-73.991214458412,40.74028171313],[-73.991284037845,40.740310965995],[-73.99118105008,40.740452680008],[-73.991067631905,40.740404996608],[-73.990726541364,40.74026159087],[-73.990740454041,40.740242447202],[-73.990886912637,40.740040917218]]]]},"properties":{"name":null,"base_bbl":"1008220039","construction_year":"1900","ground_elevation":"42","feature_code":"2100","height_roof":"138.6","last_status_type":"Constructed","bin":"1015500","last_edited_date":"2019-08-16T20:34:34.000Z","geom_source":"Photogrammetric","doitt_id":"218210"}},{"type":"Feature","geometry":{"type":"MultiPolygon","coordinates":[[[[-73.992984658814,40.741709441166],[-73.993003674747,40.741683190736],[-73.993004610209,40.741681898565],[-73.993028399345,40.741649057608],[-73.993155326842,40.741473827412],[-73.993229170434,40.741504770503],[-73.993187838684,40.741561830508],[-73.993148976945,40.741615481325],[-73.993136836118,40.741632241743],[-73.993100398204,40.741682546403],[-73.993058503772,40.741740385265],[-73.992984658814,40.741709441166]]]]},"properties":{"name":null,"base_bbl":"1008230006","construction_year":"1851","ground_elevation":"36","feature_code":"2100","height_roof":"28.83","last_status_type":"Constructed","bin":"1015522","last_edited_date":"2020-01-28T17:22:31.000Z","geom_source":"Photogrammetric","doitt_id":"219573"}},{"type":"Feature","geometry":{"type":"MultiPolygon","coordinates":[[[[-73.990912094735,40.74083140439],[-73.990918621852,40.740822393528],[-73.990928330817,40.740808988441],[-73.991080694389,40.740598622012],[-73.991161780166,40.7406325963],[-73.991160331944,40.740634595315],[-73.990993179526,40.740865379695],[-73.990912094735,40.74083140439]]]]},"properties":{"name":null,"base_bbl":"1008230035","construction_year":"1851","ground_elevation":"40","feature_code":"2100","height_roof":"57.87","last_status_type":"Constructed","bin":"1015533","last_edited_date":"2020-01-28T17:23:33.000Z","geom_source":"Photogrammetric","doitt_id":"220559"}},{"type":"Feature","geometry":{"type":"MultiPolygon","coordinates":[[[[-73.991680428035,40.740851731958],[-73.991646911965,40.740897695929],[-73.991525266622,40.741064517729],[-73.991477157191,40.741044223049],[-73.991426285899,40.741113985176],[-73.991487902294,40.741139977485],[-73.991427409659,40.741222934934],[-73.991350066256,40.741329002605],[-73.99117852607,40.741256639242],[-73.991183257991,40.741250151449],[-73.99119568461,40.7412331112],[-73.991317849745,40.741065600903],[-73.991354398535,40.741081019436],[-73.991402082133,40.741015628165],[-73.991365991528,40.74100040329],[-73.991342317474,40.740990416689],[-73.991416220534,40.740889066519],[-73.991499192763,40.740775279163],[-73.991680428035,40.740851731958]]]]},"properties":{"name":null,"base_bbl":"1008230029","construction_year":"1910","ground_elevation":"38","feature_code":"2100","height_roof":"150.46","last_status_type":"Constructed","bin":"1015531","last_edited_date":"2017-08-22T17:43:00.000Z","geom_source":"Photogrammetric","doitt_id":"223070"}},{"type":"Feature","geometry":{"type":"MultiPolygon","coordinates":[[[[-73.992810444795,40.740770668708],[-73.992925923147,40.740611760624],[-73.99301220358,40.740648032923],[-73.992896725371,40.740806941092],[-73.992810444795,40.740770668708]]]]},"properties":{"name":null,"base_bbl":"1008220014","construction_year":"1858","ground_elevation":"37","feature_code":"2100","height_roof":"60","last_status_type":"Constructed","bin":"1015490","last_edited_date":"2020-01-28T17:25:41.000Z","geom_source":"Other (Manual)","doitt_id":"224533"}},{"type":"Feature","geometry":{"type":"MultiPolygon","coordinates":[[[[-73.991049511247,40.740109279379],[-73.990886912637,40.740040917218],[-73.991048864864,40.73981806333],[-73.991049353915,40.739817391589],[-73.991657026642,40.740072875139],[-73.991651186499,40.740080911745],[-73.991521901336,40.74025881465],[-73.991461775037,40.740233535669],[-73.991412929852,40.74021300047],[-73.99143145218,40.740187512086],[-73.991476053964,40.74012613681],[-73.99141740053,40.740101477463],[-73.9913948107,40.740132563095],[-73.991354276365,40.74018834019],[-73.991173001802,40.740112128208],[-73.991233534044,40.740028834093],[-73.99123698937,40.740024079676],[-73.991215395724,40.740015000917],[-73.991140813634,40.739983644039],[-73.991049511247,40.740109279379]]]]},"properties":{"name":null,"base_bbl":"1008220031","construction_year":"1895","ground_elevation":"41","feature_code":"2100","height_roof":"202.85","last_status_type":"Constructed","bin":"1015499","last_edited_date":"2020-01-28T17:19:52.000Z","geom_source":"Photogrammetric","doitt_id":"226745"}},{"type":"Feature","geometry":{"type":"MultiPolygon","coordinates":[[[[-73.990033671007,40.744585431418],[-73.990181215334,40.744382867866],[-73.990263673857,40.744417610115],[-73.990106357265,40.744633592287],[-73.990023897373,40.744598849025],[-73.990033671007,40.744585431418]]]]},"properties":{"name":null,"base_bbl":"1008280014","construction_year":"1850","ground_elevation":"40","feature_code":"2100","height_roof":"60.69","last_status_type":"Constructed","bin":"1015636","last_edited_date":"2020-01-28T17:23:58.000Z","geom_source":"Photogrammetric","doitt_id":"230020"}},{"type":"Feature","geometry":{"type":"MultiPolygon","coordinates":[[[[-73.98994277645,40.741341196476],[-73.989993493161,40.741271611492],[-73.99014467178,40.741335354324],[-73.990297693988,40.74139987335],[-73.990309880845,40.74140501177],[-73.990288271762,40.741434660952],[-73.990259165547,40.741474596891],[-73.990093385733,40.74140469889],[-73.98994277645,40.741341196476]]]]},"properties":{"name":null,"base_bbl":"1008240041","construction_year":"1858","ground_elevation":"40","feature_code":"2100","height_roof":"67.34","last_status_type":"Constructed","bin":"1015564","last_edited_date":"2020-01-28T17:23:08.000Z","geom_source":"Photogrammetric","doitt_id":"232206"}},{"type":"Feature","geometry":{"type":"MultiPolygon","coordinates":[[[[-73.992862723477,40.74452434121],[-73.992939062827,40.744419526916],[-73.993010041179,40.744322072987],[-73.993090439839,40.7443559459],[-73.993055008163,40.744404593653],[-73.993022193465,40.744449649432],[-73.992985842766,40.744499559619],[-73.992943123491,40.744558213325],[-73.992862723477,40.74452434121]]]]},"properties":{"name":null,"base_bbl":"1008000053","construction_year":"1900","ground_elevation":"38","feature_code":"2100","height_roof":"57.09375447","last_status_type":"Constructed","bin":"1078660","last_edited_date":"2017-08-22T18:28:42.000Z","geom_source":"Photogrammetric","doitt_id":"237118"}},{"type":"Feature","geometry":{"type":"MultiPolygon","coordinates":[[[[-73.989861522871,40.740463038033],[-73.989969399437,40.74031421612],[-73.990207202582,40.740413939857],[-73.99009932757,40.740562761992],[-73.989861522871,40.740463038033]]]]},"properties":{"name":null,"base_bbl":"1008500004","construction_year":"1894","ground_elevation":"42","feature_code":"2100","height_roof":"102.82","last_status_type":"Constructed","bin":"1016240","last_edited_date":"2020-01-28T17:23:31.000Z","geom_source":"Photogrammetric","doitt_id":"242070"}},{"type":"Feature","geometry":{"type":"MultiPolygon","coordinates":[[[[-73.989722056707,40.742388183201],[-73.989662366024,40.742363098736],[-73.989507189873,40.742297886189],[-73.989483001823,40.74228772086],[-73.989383632118,40.742245960632],[-73.989419155444,40.742062236127],[-73.989655148592,40.741737382483],[-73.989734424856,40.741770698435],[-73.990409343588,40.742054329916],[-73.990250569287,40.742272893088],[-73.990224017,40.742309444223],[-73.990327732228,40.742353030319],[-73.99033957073,40.742336734835],[-73.990397515396,40.74236108579],[-73.990270847844,40.742535450261],[-73.990227293729,40.742595405039],[-73.990192121236,40.742580623828],[-73.99018475501,40.742577528158],[-73.990181973293,40.742581357777],[-73.990181916451,40.742581436117],[-73.989722056707,40.742388183201]]]]},"properties":{"name":null,"base_bbl":"1008250031","construction_year":"1909","ground_elevation":"40","feature_code":"2100","height_roof":"215.46","last_status_type":"Constructed","bin":"1015583","last_edited_date":"2020-01-28T17:16:15.000Z","geom_source":"Photogrammetric","doitt_id":"245862"}},{"type":"Feature","geometry":{"type":"MultiPolygon","coordinates":[[[[-73.986606710717,40.744646953293],[-73.986651281778,40.744586902764],[-73.987046495829,40.74475658356],[-73.987009752209,40.744806087486],[-73.987001925011,40.74481663424],[-73.98699406264,40.744813258253],[-73.986606710717,40.744646953293]]]]},"properties":{"name":null,"base_bbl":"1008580001","construction_year":"1916","ground_elevation":"39","feature_code":"2100","height_roof":"81.1","last_status_type":"Constructed","bin":"1080770","last_edited_date":"2017-08-22T17:46:48.000Z","geom_source":"Photogrammetric","doitt_id":"246299"}},{"type":"Feature","geometry":{"type":"MultiPolygon","coordinates":[[[[-73.991945660613,40.739696896002],[-73.992095738593,40.739493222411],[-73.99217408639,40.739526621279],[-73.992024008574,40.739730294971],[-73.991945660613,40.739696896002]]]]},"properties":{"name":null,"base_bbl":"1008210033","construction_year":"1904","ground_elevation":"38","feature_code":"2100","height_roof":"62.53","last_status_type":"Constructed","bin":"1015473","last_edited_date":"2020-01-28T17:19:50.000Z","geom_source":"Photogrammetric","doitt_id":"247028"}},{"type":"Feature","geometry":{"type":"MultiPolygon","coordinates":[[[[-73.993658285245,40.741105981418],[-73.993647649637,40.741120617677],[-73.993550470461,40.741079764367],[-73.993583473792,40.741034348224],[-73.99350444865,40.741001126783],[-73.993517210919,40.740983564908],[-73.993558092052,40.740927307107],[-73.993624792767,40.740955347212],[-73.993649247977,40.740921693903],[-73.993760003924,40.740968255282],[-73.993734980387,40.741002690223],[-73.993851183653,40.7410515409],[-73.993875013581,40.741018747494],[-73.99391611504,40.741036026805],[-73.993830236064,40.741154206616],[-73.993671679803,40.741087549671],[-73.993658285245,40.741105981418]]]]},"properties":{"name":null,"base_bbl":"1008220001","construction_year":"1853","ground_elevation":"35","feature_code":"2100","height_roof":"68.72","last_status_type":"Constructed","bin":"1080658","last_edited_date":"2022-05-26T17:18:59.000Z","geom_source":"Photogrammetric","doitt_id":"247843"}},{"type":"Feature","geometry":{"type":"MultiPolygon","coordinates":[[[[-73.991775591602,40.739935134845],[-73.991919079841,40.739740406661],[-73.991948889481,40.739753114909],[-73.991967840084,40.739727396838],[-73.992012206498,40.739746310579],[-73.99209481054,40.739781524318],[-73.99193237323,40.740001969885],[-73.991775591602,40.739935134845]]]]},"properties":{"name":null,"base_bbl":"1008210049","construction_year":"1907","ground_elevation":"38","feature_code":"2100","height_roof":"154.25","last_status_type":"Constructed","bin":"1015479","last_edited_date":"2020-01-28T17:20:24.000Z","geom_source":"Photogrammetric","doitt_id":"252993"}},{"type":"Feature","geometry":{"type":"MultiPolygon","coordinates":[[[[-73.992677541754,40.741867455666],[-73.992794702666,40.741705710348],[-73.992819382383,40.741671638497],[-73.992841427856,40.741680876371],[-73.992893952957,40.741702886218],[-73.992740954337,40.741914105951],[-73.992666383599,40.741882858132],[-73.992677541754,40.741867455666]]]]},"properties":{"name":null,"base_bbl":"1008230072","construction_year":"1897","ground_elevation":"36","feature_code":"2100","height_roof":"69.77","last_status_type":"Constructed","bin":"1015551","last_edited_date":"2020-01-28T17:22:31.000Z","geom_source":"Photogrammetric","doitt_id":"254177"}},{"type":"Feature","geometry":{"type":"MultiPolygon","coordinates":[[[[-73.987311090402,40.74044201873],[-73.987441352323,40.740262773502],[-73.98748384976,40.740280639692],[-73.98752542123,40.740223436767],[-73.987568310516,40.740241468661],[-73.987556178018,40.740258162759],[-73.987503072069,40.740331240389],[-73.987479622944,40.740363506624],[-73.987400176888,40.740472828562],[-73.987396478494,40.740477918726],[-73.987311090402,40.74044201873]]]]},"properties":{"name":null,"base_bbl":"1008510050","construction_year":"1920","ground_elevation":"35","feature_code":"2100","height_roof":"58.62","last_status_type":"Constructed","bin":"1016290","last_edited_date":"2017-08-22T18:15:22.000Z","geom_source":"Photogrammetric","doitt_id":"254420"}},{"type":"Feature","geometry":{"type":"MultiPolygon","coordinates":[[[[-73.992768462223,40.74112005391],[-73.992775478157,40.741110399111],[-73.992910660897,40.74092437801],[-73.992914595718,40.740918963501],[-73.993070811447,40.740984637095],[-73.992924679463,40.7411857286],[-73.992780790104,40.741125236202],[-73.992768462223,40.74112005391]]]]},"properties":{"name":null,"base_bbl":"1008220067","construction_year":"1908","ground_elevation":"37","feature_code":"2100","height_roof":"151.8","last_status_type":"Constructed","bin":"1015510","last_edited_date":"2017-08-22T17:56:02.000Z","geom_source":"Photogrammetric","doitt_id":"254694"}},{"type":"Feature","geometry":{"type":"MultiPolygon","coordinates":[[[[-73.993588168836,40.744521850739],[-73.993657502732,40.744426652991],[-73.993695957138,40.744373852981],[-73.993743715403,40.744308278872],[-73.993764975741,40.744279087393],[-73.993842869479,40.744311903351],[-73.993830953332,40.744328263122],[-73.993835280699,40.74433008688],[-73.993811390366,40.744362890164],[-73.993807936759,40.74436143476],[-73.993806340783,40.744360762896],[-73.993794037169,40.744367415179],[-73.993704649775,40.744490149415],[-73.993707556252,40.74450545729],[-73.993670388964,40.744556489679],[-73.993588168836,40.744521850739]]]]},"properties":{"name":null,"base_bbl":"1008000020","construction_year":"1901","ground_elevation":"36","feature_code":"2100","height_roof":"84.03","last_status_type":"Constructed","bin":"1014977","last_edited_date":"2017-08-22T18:12:41.000Z","geom_source":"Photogrammetric","doitt_id":"256199"}},{"type":"Feature","geometry":{"type":"MultiPolygon","coordinates":[[[[-73.987818830729,40.740324196224],[-73.987937600519,40.740160761226],[-73.987968054035,40.740118854796],[-73.988072479415,40.740162757287],[-73.988019486609,40.74023567848],[-73.987997085202,40.740236996292],[-73.987961964613,40.74028532556],[-73.987974073924,40.740298170762],[-73.987923256332,40.740368097949],[-73.987865147384,40.740343668281],[-73.987818830729,40.740324196224]]]]},"properties":{"name":null,"base_bbl":"1008510024","construction_year":"1902","ground_elevation":"36","feature_code":"2100","height_roof":"137","last_status_type":"Constructed","bin":"1016730","last_edited_date":"2017-08-22T18:19:59.000Z","geom_source":"Other (Manual)","doitt_id":"263029"}},{"type":"Feature","geometry":{"type":"MultiPolygon","coordinates":[[[[-73.991494416264,40.740296635736],[-73.991503450071,40.740284204898],[-73.991521901336,40.74025881465],[-73.991651186499,40.740080911745],[-73.991742945675,40.740119489792],[-73.991626193592,40.740280146294],[-73.991586175646,40.740335213007],[-73.991525140042,40.740309553077],[-73.991494416264,40.740296635736]]]]},"properties":{"name":null,"base_bbl":"1008220030","construction_year":"1852","ground_elevation":"39","feature_code":"2100","height_roof":"58.5","last_status_type":"Constructed","bin":"1015498","last_edited_date":"2020-01-28T17:17:14.000Z","geom_source":"Photogrammetric","doitt_id":"265185"}},{"type":"Feature","geometry":{"type":"MultiPolygon","coordinates":[[[[-73.987480125309,40.740506440613],[-73.987636126261,40.740291774701],[-73.987706960189,40.740321554858],[-73.987550959396,40.740536220864],[-73.987480125309,40.740506440613]]]]},"properties":{"name":null,"base_bbl":"1008510052","construction_year":"1915","ground_elevation":"35","feature_code":"2100","height_roof":"81.76","last_status_type":"Constructed","bin":"1016292","last_edited_date":"2017-08-22T18:59:47.000Z","geom_source":"Photogrammetric","doitt_id":"271789"}},{"type":"Feature","geometry":{"type":"MultiPolygon","coordinates":[[[[-73.990250569287,40.742272893088],[-73.990409343588,40.742054329916],[-73.990488586274,40.742087630937],[-73.990329812154,40.742306194217],[-73.990250569287,40.742272893088]]]]},"properties":{"name":null,"base_bbl":"1008250029","construction_year":"1862","ground_elevation":"39","feature_code":"2100","height_roof":"61.13","last_status_type":"Constructed","bin":"1015582","last_edited_date":"2020-01-28T17:23:22.000Z","geom_source":"Photogrammetric","doitt_id":"273032"}},{"type":"Feature","geometry":{"type":"MultiPolygon","coordinates":[[[[-73.990182639364,40.74466639347],[-73.990340325269,40.744449905142],[-73.990452854739,40.744497317203],[-73.990653519095,40.744581863335],[-73.990521517777,40.744763092158],[-73.99049583508,40.744798351188],[-73.990182639364,40.74466639347]]]]},"properties":{"name":null,"base_bbl":"1008280009","construction_year":"1909","ground_elevation":"41","feature_code":"2100","height_roof":"183.79","last_status_type":"Constructed","bin":"1015634","last_edited_date":"2020-01-28T17:15:50.000Z","geom_source":"Photogrammetric","doitt_id":"273953"}},{"type":"Feature","geometry":{"type":"MultiPolygon","coordinates":[[[[-73.990524077254,40.739411511571],[-73.990570073134,40.739347935914],[-73.990887050816,40.739480607981],[-73.990844981768,40.739538756717],[-73.990841055146,40.739544183764],[-73.990524077254,40.739411511571]]]]},"properties":{"name":null,"base_bbl":"1008480073","construction_year":"1899","ground_elevation":"41","feature_code":"2100","height_roof":"124.85","last_status_type":"Constructed","bin":"1016186","last_edited_date":"2020-01-28T17:24:20.000Z","geom_source":"Photogrammetric","doitt_id":"274000"}},{"type":"Feature","geometry":{"type":"MultiPolygon","coordinates":[[[[-73.991857149965,40.741204565594],[-73.992012309461,40.74099177938],[-73.992097326668,40.741027642543],[-73.991963916555,40.741210601987],[-73.991942167359,40.741240428871],[-73.991866886259,40.741208672595],[-73.991857149965,40.741204565594]]]]},"properties":{"name":null,"base_bbl":"1008230023","construction_year":"1909","ground_elevation":"39","feature_code":"2100","height_roof":"74.55","last_status_type":"Constructed","bin":"1015529","last_edited_date":"2020-01-28T17:23:07.000Z","geom_source":"Photogrammetric","doitt_id":"277827"}},{"type":"Feature","geometry":{"type":"MultiPolygon","coordinates":[[[[-73.99350431626,40.741241354654],[-73.993537082881,40.741196264496],[-73.993772931578,40.741295414329],[-73.993740165068,40.741340504554],[-73.99350431626,40.741241354654]]]]},"properties":{"name":null,"base_bbl":"1008220079","construction_year":"1851","ground_elevation":"36","feature_code":"2100","height_roof":"44.78","last_status_type":"Constructed","bin":"1015516","last_edited_date":"2020-01-28T17:16:40.000Z","geom_source":"Photogrammetric","doitt_id":"281167"}},{"type":"Feature","geometry":{"type":"MultiPolygon","coordinates":[[[[-73.987640817937,40.74057399962],[-73.98779384729,40.740363423283],[-73.987855642719,40.740389403149],[-73.987868108593,40.740394644515],[-73.987852975299,40.740415468954],[-73.987715080587,40.74060522095],[-73.987640817937,40.74057399962]]]]},"properties":{"name":null,"base_bbl":"1008510054","construction_year":"1912","ground_elevation":"36","feature_code":"2100","height_roof":"151.05","last_status_type":"Constructed","bin":"1016294","last_edited_date":"2017-08-22T19:04:28.000Z","geom_source":"Photogrammetric","doitt_id":"285504"}},{"type":"Feature","geometry":{"type":"MultiPolygon","coordinates":[[[[-73.989523696462,40.744724889989],[-73.989685539028,40.744502699126],[-73.98968828414,40.74449892985],[-73.989839918507,40.744562818976],[-73.989815462416,40.744596394916],[-73.989675331185,40.744788778429],[-73.989523696462,40.744724889989]]]]},"properties":{"name":null,"base_bbl":"1008280061","construction_year":"1909","ground_elevation":"41","feature_code":"2100","height_roof":"153.68","last_status_type":"Constructed","bin":"1015661","last_edited_date":"2020-01-28T17:23:02.000Z","geom_source":"Photogrammetric","doitt_id":"288398"}},{"type":"Feature","geometry":{"type":"MultiPolygon","coordinates":[[[[-73.988267838153,40.740837607666],[-73.988417883076,40.740631134716],[-73.988430924907,40.740613188915],[-73.988454192335,40.740622970759],[-73.98851286289,40.740647636118],[-73.988485879242,40.740684767646],[-73.988419278556,40.740776415507],[-73.988349776328,40.740872054984],[-73.988267838153,40.740837607666]]]]},"properties":{"name":null,"base_bbl":"1008510062","construction_year":"1920","ground_elevation":"40","feature_code":"2100","height_roof":"53.29","last_status_type":"Constructed","bin":"1016302","last_edited_date":"2017-08-22T19:30:42.000Z","geom_source":"Photogrammetric","doitt_id":"289399"}},{"type":"Feature","geometry":{"type":"MultiPolygon","coordinates":[[[[-73.990320165388,40.739794167071],[-73.990269784307,40.739772511926],[-73.990280457103,40.739758147032],[-73.990153652786,40.739703644755],[-73.990216679494,40.739618808814],[-73.990296174788,40.739652977189],[-73.990282239668,40.739671734486],[-73.990319579407,40.739687783772],[-73.990633525858,40.739822721953],[-73.990573761825,40.739903165712],[-73.990320165388,40.739794167071]]]]},"properties":{"name":null,"base_bbl":"1008490003","construction_year":"1894","ground_elevation":"42","feature_code":"2100","height_roof":"82.55","last_status_type":"Constructed","bin":"1016197","last_edited_date":"2020-01-28T17:19:03.000Z","geom_source":"Photogrammetric","doitt_id":"289528"}},{"type":"Feature","geometry":{"type":"MultiPolygon","coordinates":[[[[-73.992659609094,40.739226511385],[-73.992804907357,40.739028229692],[-73.992966709849,40.73909682594],[-73.992821411918,40.739295107835],[-73.992659609094,40.739226511385]]]]},"properties":{"name":null,"base_bbl":"1008200029","construction_year":"1904","ground_elevation":"35","feature_code":"2100","height_roof":"134.44","last_status_type":"Constructed","bin":"1015447","last_edited_date":"2020-01-28T17:16:39.000Z","geom_source":"Photogrammetric","doitt_id":"293619"}},{"type":"Feature","geometry":{"type":"MultiPolygon","coordinates":[[[[-73.990216679494,40.739618808814],[-73.990301469554,40.739504680262],[-73.990380964756,40.73953884858],[-73.990296174788,40.739652977189],[-73.990216679494,40.739618808814]]]]},"properties":{"name":null,"base_bbl":"1008490006","construction_year":"1851","ground_elevation":"42","feature_code":"2100","height_roof":"33.97","last_status_type":"Constructed","bin":"1016198","last_edited_date":"2020-01-28T17:19:49.000Z","geom_source":"Photogrammetric","doitt_id":"298804"}},{"type":"Feature","geometry":{"type":"MultiPolygon","coordinates":[[[[-73.99074043383,40.739280137915],[-73.990647318497,40.739241165432],[-73.990659543592,40.7392242666],[-73.990702504262,40.739164884305],[-73.990726957943,40.739131083024],[-73.991027544535,40.739256894222],[-73.991043934905,40.739263754663],[-73.991021555942,40.739294688957],[-73.990964298193,40.739373832787],[-73.99074043383,40.739280137915]]]]},"properties":{"name":null,"base_bbl":"1008480004","construction_year":"1851","ground_elevation":"42","feature_code":"2100","height_roof":"55.34","last_status_type":"Constructed","bin":"1016157","last_edited_date":"2020-01-28T17:19:58.000Z","geom_source":"Photogrammetric","doitt_id":"299549"}},{"type":"Feature","geometry":{"type":"MultiPolygon","coordinates":[[[[-73.989041833939,40.74437625986],[-73.989343709856,40.744408413762],[-73.989209590208,40.744592544124],[-73.989016661052,40.744511254248],[-73.989041833939,40.74437625986]]]]},"properties":{"name":null,"base_bbl":"1008280053","construction_year":"1991","ground_elevation":"44","feature_code":"2100","height_roof":"164.22","last_status_type":"Constructed","bin":"1015657","last_edited_date":"2020-01-28T17:14:37.000Z","geom_source":"Photogrammetric","doitt_id":"302231"}},{"type":"Feature","geometry":{"type":"MultiPolygon","coordinates":[[[[-73.992896725371,40.740806941092],[-73.99301220358,40.740648032923],[-73.993106162805,40.740687533935],[-73.993341503538,40.740786472109],[-73.993336307688,40.740793621836],[-73.993247338657,40.740916052333],[-73.993241390878,40.740924236695],[-73.993227172093,40.740943803884],[-73.993202177892,40.740978198189],[-73.992872877276,40.740839758608],[-73.992896725371,40.740806941092]]]]},"properties":{"name":null,"base_bbl":"1008220009","construction_year":"1910","ground_elevation":"36","feature_code":"2100","height_roof":"149.14","last_status_type":"Constructed","bin":"1015489","last_edited_date":"2020-01-28T17:23:27.000Z","geom_source":"Photogrammetric","doitt_id":"306802"}},{"type":"Feature","geometry":{"type":"MultiPolygon","coordinates":[[[[-73.993552702012,40.740322277082],[-73.993672540953,40.740159635881],[-73.993745729776,40.740190834354],[-73.993593386554,40.740397589684],[-73.993520196391,40.740366391115],[-73.993552702012,40.740322277082]]]]},"properties":{"name":null,"base_bbl":"1008210012","construction_year":"1854","ground_elevation":"35","feature_code":"2100","height_roof":"53.57","last_status_type":"Constructed","bin":"1015463","last_edited_date":"2020-01-28T17:22:35.000Z","geom_source":"Photogrammetric","doitt_id":"306803"}},{"type":"Feature","geometry":{"type":"MultiPolygon","coordinates":[[[[-73.990917387643,40.744223150419],[-73.990897705841,40.744250103739],[-73.990762337955,40.744435485718],[-73.990754722164,40.744445914777],[-73.990567588118,40.744366870225],[-73.990730252845,40.744144106128],[-73.990836773599,40.744189099472],[-73.990917387643,40.744223150419]]]]},"properties":{"name":null,"base_bbl":"1008270068","construction_year":"1909","ground_elevation":"41","feature_code":"2100","height_roof":"154.28","last_status_type":"Constructed","bin":"1015631","last_edited_date":"2017-08-22T18:17:52.000Z","geom_source":"Photogrammetric","doitt_id":"307647"}},{"type":"Feature","geometry":{"type":"MultiPolygon","coordinates":[[[[-73.992858369457,40.74162230213],[-73.99301002187,40.741412938996],[-73.993155326842,40.741473827412],[-73.993028399345,40.741649057608],[-73.993003674747,40.741683190736],[-73.992950922316,40.741661085471],[-73.992858369457,40.74162230213]]]]},"properties":{"name":null,"base_bbl":"1008230009","construction_year":"1902","ground_elevation":"36","feature_code":"2100","height_roof":"75.82","last_status_type":"Constructed","bin":"1015523","last_edited_date":"2020-01-28T17:26:15.000Z","geom_source":"Photogrammetric","doitt_id":"308428"}},{"type":"Feature","geometry":{"type":"MultiPolygon","coordinates":[[[[-73.989197061427,40.743501819257],[-73.989442795259,40.743604311628],[-73.989386002101,40.743682673028],[-73.989469734446,40.743717778872],[-73.989542726871,40.743617066518],[-73.989590857716,40.743637244935],[-73.989647216801,40.743660873913],[-73.989669095559,40.74367004664],[-73.989501038637,40.743901924593],[-73.989158229848,40.74375820165],[-73.989149786178,40.743754660962],[-73.989197061427,40.743501819257]]]]},"properties":{"name":"Saint James Building","base_bbl":"1008270049","construction_year":"1896","ground_elevation":"44","feature_code":"2100","height_roof":"223.35","last_status_type":"Constructed","bin":"1015625","last_edited_date":"2017-08-22T17:49:05.000Z","geom_source":"Photogrammetric","doitt_id":"316289"}},{"type":"Feature","geometry":{"type":"MultiPolygon","coordinates":[[[[-73.992394434165,40.739430847701],[-73.992548115868,40.739221128644],[-73.992747862466,40.739305810711],[-73.992594181197,40.739515530032],[-73.992394434165,40.739430847701]]]]},"properties":{"name":null,"base_bbl":"1008200055","construction_year":"1907","ground_elevation":"37","feature_code":"2100","height_roof":"152","last_status_type":"Constructed","bin":"1087504","last_edited_date":"2022-02-14T17:15:29.000Z","geom_source":"Other (Manual)","doitt_id":"316825"}},{"type":"Feature","geometry":{"type":"MultiPolygon","coordinates":[[[[-73.991154882378,40.743782841726],[-73.991182408149,40.743745049559],[-73.99130091758,40.743582341463],[-73.99146713622,40.743652372813],[-73.991601423415,40.743708951628],[-73.991587702107,40.743727790133],[-73.991447700978,40.743920006539],[-73.991390899443,40.743896074939],[-73.991147195667,40.743793395978],[-73.991154882378,40.743782841726]]]]},"properties":{"name":null,"base_bbl":"1008260069","construction_year":"1920","ground_elevation":"37","feature_code":"2100","height_roof":"152.25","last_status_type":"Constructed","bin":"1015610","last_edited_date":"2017-08-22T17:46:03.000Z","geom_source":"Photogrammetric","doitt_id":"317370"}},{"type":"Feature","geometry":{"type":"MultiPolygon","coordinates":[[[[-73.993102421321,40.744625325139],[-73.993148251329,40.744562398655],[-73.993189036671,40.744506399452],[-73.993214653885,40.744471227166],[-73.993236845265,40.74444075802],[-73.993393809529,40.744506885942],[-73.993347066796,40.744571065077],[-73.993259384702,40.744691454143],[-73.993102421321,40.744625325139]]]]},"properties":{"name":null,"base_bbl":"1008000057","construction_year":"1910","ground_elevation":"38","feature_code":"2100","height_roof":"151.69","last_status_type":"Constructed","bin":"1014989","last_edited_date":"2017-08-22T18:43:20.000Z","geom_source":"Photogrammetric","doitt_id":"320354"}},{"type":"Feature","geometry":{"type":"MultiPolygon","coordinates":[[[[-73.993420173779,40.744759193257],[-73.993493073695,40.74465909976],[-73.993554598297,40.74457462487],[-73.9938369118,40.74469356125],[-73.993758989135,40.744800553475],[-73.993707012528,40.744871918514],[-73.993702487824,40.744878129963],[-73.993420173779,40.744759193257]]]]},"properties":{"name":null,"base_bbl":"1008000061","construction_year":"1911","ground_elevation":"38","feature_code":"2100","height_roof":"151.07","last_status_type":"Constructed","bin":"1014991","last_edited_date":"2017-08-22T19:38:20.000Z","geom_source":"Photogrammetric","doitt_id":"322251"}},{"type":"Feature","geometry":{"type":"MultiPolygon","coordinates":[[[[-73.990319579407,40.739687783772],[-73.990369329192,40.739620820803],[-73.990683275428,40.739755757949],[-73.990633525858,40.739822721953],[-73.990319579407,40.739687783772]]]]},"properties":{"name":null,"base_bbl":"1008490002","construction_year":"1902","ground_elevation":"42","feature_code":"2100","height_roof":"151.01","last_status_type":"Constructed","bin":"1016196","last_edited_date":"2017-08-22T19:35:07.000Z","geom_source":"Photogrammetric","doitt_id":"325322"}},{"type":"Feature","geometry":{"type":"MultiPolygon","coordinates":[[[[-73.990288271762,40.741434660952],[-73.990309880845,40.74140501177],[-73.99037560796,40.741314829677],[-73.990448747877,40.74121447693],[-73.990491564301,40.741155730477],[-73.990556516539,40.741183115744],[-73.99038420491,40.741419539577],[-73.990353224189,40.741462047233],[-73.990288271762,40.741434660952]]]]},"properties":{"name":null,"base_bbl":"1008240035","construction_year":"1904","ground_elevation":"39","feature_code":"2100","height_roof":"44.7","last_status_type":"Constructed","bin":"1015560","last_edited_date":"2020-01-28T17:22:32.000Z","geom_source":"Photogrammetric","doitt_id":"326975"}},{"type":"Feature","geometry":{"type":"MultiPolygon","coordinates":[[[[-73.990132360819,40.741081077931],[-73.990174548635,40.741023192426],[-73.990175176253,40.741022330694],[-73.990203769134,40.741034386419],[-73.990235578608,40.741047798574],[-73.990491564301,40.741155730477],[-73.990448747877,40.74121447693],[-73.990294611921,40.741149488846],[-73.990132360819,40.741081077931]]]]},"properties":{"name":null,"base_bbl":"1008240036","construction_year":"1930","ground_elevation":"39","feature_code":"2100","height_roof":"78.36","last_status_type":"Constructed","bin":"1015561","last_edited_date":"2017-08-22T18:02:22.000Z","geom_source":"Photogrammetric","doitt_id":"329611"}},{"type":"Feature","geometry":{"type":"MultiPolygon","coordinates":[[[[-73.988193949084,40.74080654342],[-73.988275419262,40.740694434075],[-73.988343994165,40.740600070566],[-73.988417883076,40.740631134716],[-73.988267838153,40.740837607666],[-73.988247955317,40.740829248931],[-73.988193949084,40.74080654342]]]]},"properties":{"name":null,"base_bbl":"1008510061","construction_year":"1900","ground_elevation":"38","feature_code":"2100","height_roof":"94.32","last_status_type":"Constructed","bin":"1016301","last_edited_date":"2017-08-22T19:27:19.000Z","geom_source":"Photogrammetric","doitt_id":"332429"}},{"type":"Feature","geometry":{"type":"MultiPolygon","coordinates":[[[[-73.990830922055,40.740688174969],[-73.990515681413,40.740556086442],[-73.990504851401,40.740551547893],[-73.990614643852,40.740399961878],[-73.990623536706,40.740397671711],[-73.990629687469,40.740396087318],[-73.990657421871,40.740407707917],[-73.990726535945,40.740436668416],[-73.990841092833,40.74048466922],[-73.991014756962,40.740557435787],[-73.991088227993,40.740588220835],[-73.991085049717,40.740592607861],[-73.991080694389,40.740598622012],[-73.990928330817,40.740808988441],[-73.990852738115,40.740777314322],[-73.990897189282,40.740715941965],[-73.990830922055,40.740688174969]]]]},"properties":{"name":null,"base_bbl":"1008230037","construction_year":"1930","ground_elevation":"42","feature_code":"2100","height_roof":"150.85","last_status_type":"Constructed","bin":"1015534","last_edited_date":"2019-01-22T17:36:56.000Z","geom_source":"Photogrammetric","doitt_id":"334365"}},{"type":"Feature","geometry":{"type":"MultiPolygon","coordinates":[[[[-73.98669288602,40.744530850125],[-73.986651281778,40.744586902764],[-73.986606710717,40.744646953293],[-73.986536968938,40.744740915753],[-73.986384953994,40.744675649863],[-73.986523519792,40.744488963171],[-73.986540872588,40.744465583539],[-73.986585542485,40.744484762341],[-73.98669288602,40.744530850125]]]]},"properties":{"name":null,"base_bbl":"1008580006","construction_year":"1912","ground_elevation":"39","feature_code":"2100","height_roof":"151.6","last_status_type":"Constructed","bin":"1016898","last_edited_date":"2020-01-28T17:21:07.000Z","geom_source":"Photogrammetric","doitt_id":"334863"}},{"type":"Feature","geometry":{"type":"MultiPolygon","coordinates":[[[[-73.987550959396,40.740536220864],[-73.987706960189,40.740321554858],[-73.987713270969,40.740312871938],[-73.987803129301,40.740350650569],[-73.98779384729,40.740363423283],[-73.987640817937,40.74057399962],[-73.987550959396,40.740536220864]]]]},"properties":{"name":null,"base_bbl":"1008510053","construction_year":"1938","ground_elevation":"35","feature_code":"2100","height_roof":"21.11","last_status_type":"Constructed","bin":"1016293","last_edited_date":"2017-08-22T18:09:26.000Z","geom_source":"Photogrammetric","doitt_id":"337334"}},{"type":"Feature","geometry":{"type":"MultiPolygon","coordinates":[[[[-73.991771583581,40.740379739379],[-73.99191441356,40.740183198445],[-73.991967964765,40.740205712175],[-73.992006409803,40.740221875355],[-73.991994592215,40.740238136797],[-73.991863889072,40.740417993185],[-73.991855267393,40.74042985676],[-73.99176327095,40.740391179731],[-73.991771583581,40.740379739379]]]]},"properties":{"name":null,"base_bbl":"1008220027","construction_year":"1901","ground_elevation":"39","feature_code":"2100","height_roof":"125","last_status_type":"Constructed","bin":"1015495","last_edited_date":"2020-01-28T17:23:33.000Z","geom_source":"Other (Manual)","doitt_id":"337492"}},{"type":"Feature","geometry":{"type":"MultiPolygon","coordinates":[[[[-73.987984148896,40.744883045195],[-73.988088541749,40.744740072663],[-73.988104538908,40.744746829017],[-73.988165249668,40.744663682469],[-73.988228587124,40.744690434012],[-73.988060085911,40.744921203962],[-73.987980752304,40.744887696859],[-73.987982006485,40.744885979723],[-73.987984148896,40.744883045195]]]]},"properties":{"name":null,"base_bbl":"1008290045","construction_year":"1915","ground_elevation":"41","feature_code":"2100","height_roof":"59.16","last_status_type":"Constructed","bin":"1015693","last_edited_date":"2017-08-22T19:26:36.000Z","geom_source":"Photogrammetric","doitt_id":"337753"}},{"type":"Feature","geometry":{"type":"MultiPolygon","coordinates":[[[[-73.991130161956,40.74344328116],[-73.991138431258,40.743431927304],[-73.991270864046,40.743250101637],[-73.991273605464,40.743246337725],[-73.991461989816,40.743325709021],[-73.991435562127,40.74336199389],[-73.991318546695,40.743522651788],[-73.991171458357,40.743460680326],[-73.991130161956,40.74344328116]]]]},"properties":{"name":null,"base_bbl":"1008260013","construction_year":"1912","ground_elevation":"35","feature_code":"2100","height_roof":"150.28","last_status_type":"Constructed","bin":"1015593","last_edited_date":"2017-08-22T17:40:43.000Z","geom_source":"Photogrammetric","doitt_id":"343622"}},{"type":"Feature","geometry":{"type":"MultiPolygon","coordinates":[[[[-73.986710609645,40.739121307299],[-73.986687591602,40.739111607976],[-73.986740123088,40.739039482479],[-73.986760357973,40.739048009012],[-73.986929037068,40.739119085526],[-73.986935672346,40.739121881454],[-73.98693148609,40.739127628918],[-73.98688314219,40.739194006138],[-73.986760544048,40.739142348005],[-73.986710609645,40.739121307299]]]]},"properties":{"name":null,"base_bbl":"1008770001","construction_year":"1890","ground_elevation":"32","feature_code":"2100","height_roof":"47.02","last_status_type":"Constructed","bin":"1080804","last_edited_date":"2009-02-14T00:00:00.000Z","geom_source":"Photogrammetric","doitt_id":"343837"}},{"type":"Feature","geometry":{"type":"MultiPolygon","coordinates":[[[[-73.990726957943,40.739131083024],[-73.990765268383,40.739078129954],[-73.991045317437,40.739195345015],[-73.99108224517,40.739210801489],[-73.991043934905,40.739263754663],[-73.991027544535,40.739256894222],[-73.990726957943,40.739131083024]]]]},"properties":{"name":null,"base_bbl":"1008480003","construction_year":"1850","ground_elevation":"42","feature_code":"2100","height_roof":"55.49","last_status_type":"Constructed","bin":"1016156","last_edited_date":"2020-01-28T17:15:50.000Z","geom_source":"Photogrammetric","doitt_id":"344619"}},{"type":"Feature","geometry":{"type":"MultiPolygon","coordinates":[[[[-73.98788089644,40.739853346351],[-73.988000396473,40.739692291395],[-73.988048362929,40.739712881082],[-73.988086294283,40.7396617587],[-73.98811119853,40.739672449396],[-73.988123651248,40.739677795192],[-73.988099476853,40.73971037666],[-73.988085719914,40.739728917587],[-73.987966220021,40.73988997263],[-73.98788089644,40.739853346351]]]]},"properties":{"name":null,"base_bbl":"1008500056","construction_year":"1920","ground_elevation":"34","feature_code":"2100","height_roof":"62.4","last_status_type":"Constructed","bin":"1016256","last_edited_date":"2017-08-22T19:35:49.000Z","geom_source":"Photogrammetric","doitt_id":"345037"}},{"type":"Feature","geometry":{"type":"MultiPolygon","coordinates":[[[[-73.988037818335,40.739933785272],[-73.988164677978,40.739762810922],[-73.988188359731,40.739730894866],[-73.988266501004,40.73976443775],[-73.98811198082,40.739972690369],[-73.98803383938,40.739939147381],[-73.988037818335,40.739933785272]]]]},"properties":{"name":null,"base_bbl":"1008500058","construction_year":"1903","ground_elevation":"36","feature_code":"2100","height_roof":"118.78","last_status_type":"Constructed","bin":"1016258","last_edited_date":"2017-08-22T19:04:47.000Z","geom_source":"Photogrammetric","doitt_id":"345056"}},{"type":"Feature","geometry":{"type":"MultiPolygon","coordinates":[[[[-73.988604068254,40.74317102571],[-73.988648496113,40.743108154894],[-73.988982974648,40.743244879832],[-73.98896740404,40.743323671805],[-73.988611822101,40.743178319683],[-73.988614082873,40.743175119504],[-73.988604068254,40.74317102571]]]]},"properties":{"name":null,"base_bbl":"1008270041","construction_year":"1857","ground_elevation":"42","feature_code":"2100","height_roof":"68.52","last_status_type":"Constructed","bin":"1015621","last_edited_date":"2020-01-28T17:19:52.000Z","geom_source":"Photogrammetric","doitt_id":"345305"}},{"type":"Feature","geometry":{"type":"MultiPolygon","coordinates":[[[[-73.990331533996,40.740810331183],[-73.990423106382,40.740683901299],[-73.990767520448,40.740828215004],[-73.99072726934,40.740883788382],[-73.990675948517,40.74095464516],[-73.990452744599,40.740861119999],[-73.990331533996,40.740810331183]]]]},"properties":{"name":null,"base_bbl":"1008230043","construction_year":"1940","ground_elevation":"41","feature_code":"2100","height_roof":"70.31","last_status_type":"Constructed","bin":"1015537","last_edited_date":"2017-08-22T18:06:46.000Z","geom_source":"Photogrammetric","doitt_id":"346150"}},{"type":"Feature","geometry":{"type":"MultiPolygon","coordinates":[[[[-73.987160682429,40.740378784644],[-73.98731313731,40.740169000422],[-73.987390699891,40.740201610008],[-73.98723824518,40.740411393432],[-73.98717810261,40.74038610861],[-73.987160682429,40.740378784644]]]]},"properties":{"name":null,"base_bbl":"1008510048","construction_year":"1905","ground_elevation":"34","feature_code":"2100","height_roof":"100.2","last_status_type":"Constructed","bin":"1016288","last_edited_date":"2017-08-22T19:32:51.000Z","geom_source":"Photogrammetric","doitt_id":"348114"}},{"type":"Feature","geometry":{"type":"MultiPolygon","coordinates":[[[[-73.989165652291,40.744959914366],[-73.989171143014,40.744920752742],[-73.98920555577,40.744873509081],[-73.989249866651,40.744812676785],[-73.98932926712,40.744846131691],[-73.989324557262,40.744852597794],[-73.989235082822,40.744975433905],[-73.989202288267,40.744966184432],[-73.989165652291,40.744959914366]]]]},"properties":{"name":null,"base_bbl":"1008290021","construction_year":"1850","ground_elevation":"43","feature_code":"2100","height_roof":"68.53","last_status_type":"Constructed","bin":"1015682","last_edited_date":"2020-01-28T17:17:44.000Z","geom_source":"Photogrammetric","doitt_id":"351407"}},{"type":"Feature","geometry":{"type":"MultiPolygon","coordinates":[[[[-73.991318546695,40.743522651788],[-73.991435562127,40.74336199389],[-73.991461989816,40.743325709021],[-73.991608550096,40.743387457649],[-73.991574246389,40.743434556163],[-73.991465107274,40.743584401497],[-73.991318546695,40.743522651788]]]]},"properties":{"name":null,"base_bbl":"1008260011","construction_year":"1915","ground_elevation":"35","feature_code":"2100","height_roof":"132.56","last_status_type":"Constructed","bin":"1015592","last_edited_date":"2017-08-22T19:15:23.000Z","geom_source":"Photogrammetric","doitt_id":"353727"}},{"type":"Feature","geometry":{"type":"MultiPolygon","coordinates":[[[[-73.992217537031,40.740888439952],[-73.992363222898,40.740687967954],[-73.992461042441,40.740729078055],[-73.992515267901,40.740751867127],[-73.992492866638,40.740782692737],[-73.992369570511,40.740952356425],[-73.992217537031,40.740888439952]]]]},"properties":{"name":null,"base_bbl":"1008220058","construction_year":"1907","ground_elevation":"37","feature_code":"2100","height_roof":"153.68","last_status_type":"Constructed","bin":"1015506","last_edited_date":"2017-08-22T19:39:39.000Z","geom_source":"Photogrammetric","doitt_id":"355751"}},{"type":"Feature","geometry":{"type":"MultiPolygon","coordinates":[[[[-73.992532726497,40.741806771997],[-73.992589740529,40.741728062344],[-73.992674568606,40.741610955905],[-73.992745737692,40.741640778904],[-73.992688324864,40.741720039721],[-73.992603896912,40.741836595083],[-73.992532726497,40.741806771997]]]]},"properties":{"name":null,"base_bbl":"1008230070","construction_year":"1851","ground_elevation":"36","feature_code":"2100","height_roof":"44.54","last_status_type":"Constructed","bin":"1015549","last_edited_date":"2020-01-28T17:19:51.000Z","geom_source":"Photogrammetric","doitt_id":"357016"}},{"type":"Feature","geometry":{"type":"MultiPolygon","coordinates":[[[[-73.991049604564,40.743187579567],[-73.990978186397,40.743285633808],[-73.990942709932,40.743334341249],[-73.9909223155,40.74336234181],[-73.990847825707,40.743330956849],[-73.990687747123,40.743263510454],[-73.990677532299,40.743259207005],[-73.990610655308,40.743231029212],[-73.990628761931,40.743206169489],[-73.990757796987,40.743029010557],[-73.990833855085,40.743061056674],[-73.991069456524,40.743160323661],[-73.991049604564,40.743187579567]]]]},"properties":{"name":null,"base_bbl":"1008260019","construction_year":"1907","ground_elevation":"36","feature_code":"2100","height_roof":"138.6","last_status_type":"Constructed","bin":"1015595","last_edited_date":"2017-08-22T17:33:25.000Z","geom_source":"Photogrammetric","doitt_id":"361098"}},{"type":"Feature","geometry":{"type":"MultiPolygon","coordinates":[[[[-73.992603896912,40.741836595083],[-73.992688324864,40.741720039721],[-73.992745737692,40.741640778904],[-73.992819382383,40.741671638497],[-73.992794702666,40.741705710348],[-73.992677541754,40.741867455666],[-73.992603896912,40.741836595083]]]]},"properties":{"name":null,"base_bbl":"1008230071","construction_year":"1851","ground_elevation":"36","feature_code":"2100","height_roof":"45.35","last_status_type":"Constructed","bin":"1015550","last_edited_date":"2017-08-22T18:37:38.000Z","geom_source":"Photogrammetric","doitt_id":"365172"}},{"type":"Feature","geometry":{"type":"MultiPolygon","coordinates":[[[[-73.986651281778,40.744586902764],[-73.98669288602,40.744530850125],[-73.987088099845,40.744700529879],[-73.987046495829,40.74475658356],[-73.986651281778,40.744586902764]]]]},"properties":{"name":null,"base_bbl":"1008580001","construction_year":"1916","ground_elevation":"39","feature_code":"2100","height_roof":"92.92","last_status_type":"Constructed","bin":"1080771","last_edited_date":"2017-08-22T19:08:02.000Z","geom_source":"Photogrammetric","doitt_id":"366654"}},{"type":"Feature","geometry":{"type":"MultiPolygon","coordinates":[[[[-73.989303676783,40.742856060308],[-73.989355483559,40.742488923863],[-73.989416621905,40.742463914309],[-73.989463360789,40.742483607281],[-73.989626967819,40.742552544242],[-73.989774482469,40.742614699624],[-73.989957148564,40.742691665825],[-73.98986469513,40.742818597709],[-73.989676544975,40.74273932107],[-73.989635495663,40.742722024947],[-73.989623362053,40.742738684136],[-73.989564477369,40.742819528144],[-73.989677724528,40.742867244509],[-73.989723045458,40.742886340212],[-73.989641440073,40.742998377593],[-73.989303676783,40.742856060308]]]]},"properties":{"name":null,"base_bbl":"1008260037","construction_year":"2015","ground_elevation":"39","feature_code":"2100","height_roof":"299.95358397","last_status_type":"Constructed","bin":"1015602","last_edited_date":"2017-08-22T17:50:45.000Z","geom_source":"Photogrammetric","doitt_id":"367681"}},{"type":"Feature","geometry":{"type":"MultiPolygon","coordinates":[[[[-73.988522810549,40.740914553787],[-73.988556070649,40.740868785209],[-73.988629584712,40.740767624093],[-73.988668209211,40.740783861344],[-73.988677160716,40.740771545085],[-73.988680666001,40.740766720512],[-73.988712362581,40.740780045727],[-73.988699905796,40.740797187464],[-73.988842338147,40.740857066174],[-73.98885245845,40.740843139007],[-73.988864261527,40.740848100143],[-73.98894301168,40.740739732572],[-73.988904058027,40.740723356703],[-73.988932602246,40.740684077518],[-73.988965509056,40.74063879326],[-73.9890088536,40.740657014667],[-73.989018927654,40.740643151417],[-73.989049657031,40.740656070319],[-73.989039582981,40.740669933572],[-73.989138093004,40.74071134733],[-73.98912662878,40.740748443548],[-73.989128156019,40.740748716546],[-73.989148441068,40.740752343901],[-73.989140845635,40.740776920732],[-73.989120256315,40.740773240217],[-73.989119033339,40.740773021278],[-73.98909733205,40.740843242589],[-73.989097933475,40.740843349806],[-73.989119144367,40.740847142047],[-73.989111550097,40.740871716174],[-73.989090480082,40.74086794916],[-73.989089737772,40.740867816715],[-73.98905869606,40.740968261759],[-73.9890600102,40.740968496917],[-73.989080508416,40.740972161225],[-73.989072911748,40.740996741652],[-73.98905255441,40.74099310167],[-73.989051099385,40.740992841285],[-73.989029407429,40.741063030163],[-73.989031262618,40.741063361727],[-73.989051219814,40.741066930535],[-73.989043970206,40.741090388961],[-73.989024146785,40.741086845379],[-73.989022157813,40.741086489489],[-73.989011766689,40.74112011254],[-73.988881566482,40.741065376219],[-73.988871305229,40.741079496083],[-73.988847613757,40.741069535982],[-73.988857875014,40.74105541612],[-73.988736458124,40.741004372563],[-73.988732777566,40.741009437557],[-73.98872619685,40.741018492414],[-73.988699929341,40.741007448721],[-73.988709024161,40.740994934362],[-73.988710190618,40.740993328872],[-73.988694974458,40.740986931977],[-73.988587298868,40.740941664563],[-73.988577037572,40.740955784401],[-73.9885530739,40.740945709848],[-73.9885633352,40.740931590012],[-73.988522810549,40.740914553787]]]]},"properties":{"name":"Madison Green Condos","base_bbl":"1008510009","construction_year":"1985","ground_elevation":"42","feature_code":"2100","height_roof":"285","last_status_type":"Constructed","bin":"1016304","last_edited_date":"2017-08-22T18:51:09.000Z","geom_source":"Other (Manual)","doitt_id":"367791"}},{"type":"Feature","geometry":{"type":"MultiPolygon","coordinates":[[[[-73.988303826148,40.740023074488],[-73.988367221453,40.739937633558],[-73.9884203993,40.739865963026],[-73.988502921049,40.739901386448],[-73.988391153539,40.740052021128],[-73.98838634803,40.740058497093],[-73.988303826148,40.740023074488]]]]},"properties":{"name":null,"base_bbl":"1008500061","construction_year":"1925","ground_elevation":"38","feature_code":"2100","height_roof":"58.31","last_status_type":"Constructed","bin":"1016261","last_edited_date":"2017-08-22T19:24:25.000Z","geom_source":"Photogrammetric","doitt_id":"368018"}},{"type":"Feature","geometry":{"type":"MultiPolygon","coordinates":[[[[-73.98810701022,40.744579408842],[-73.988139917109,40.744534340966],[-73.988252412002,40.744380272166],[-73.988256296477,40.744374951467],[-73.988258817833,40.74437149828],[-73.988412852684,40.744436557488],[-73.988250204359,40.744659313802],[-73.988096169151,40.74459425618],[-73.98810701022,40.744579408842]]]]},"properties":{"name":null,"base_bbl":"1008290032","construction_year":"1909","ground_elevation":"41","feature_code":"2100","height_roof":"149.61","last_status_type":"Constructed","bin":"1015685","last_edited_date":"2020-01-28T17:24:50.000Z","geom_source":"Photogrammetric","doitt_id":"368155"}},{"type":"Feature","geometry":{"type":"MultiPolygon","coordinates":[[[[-73.989016801158,40.739817877604],[-73.988936484716,40.739926125322],[-73.988845461548,40.739887053431],[-73.988914522375,40.739793976444],[-73.988967939908,40.739721981498],[-73.988977443005,40.739709172689],[-73.98902291661,40.739728691928],[-73.989068466007,40.739748244476],[-73.989016801158,40.739817877604]]]]},"properties":{"name":null,"base_bbl":"1008500018","construction_year":"1847","ground_elevation":"40","feature_code":"2100","height_roof":"67.2","last_status_type":"Constructed","bin":"1016245","last_edited_date":"2020-01-28T17:20:45.000Z","geom_source":"Photogrammetric","doitt_id":"369345"}},{"type":"Feature","geometry":{"type":"MultiPolygon","coordinates":[[[[-73.989055037904,40.744304543847],[-73.989067676564,40.744235912014],[-73.989074612331,40.744236651088],[-73.989369553042,40.744268065849],[-73.989356514145,40.744338875103],[-73.989343709856,40.744408413762],[-73.989041833939,40.74437625986],[-73.989054637353,40.744306722135],[-73.989055037904,40.744304543847]]]]},"properties":{"name":null,"base_bbl":"1008280051","construction_year":"1930","ground_elevation":"44","feature_code":"2100","height_roof":"49.68","last_status_type":"Constructed","bin":"1015655","last_edited_date":"2019-06-27T18:13:04.000Z","geom_source":"Photogrammetric","doitt_id":"371204"}},{"type":"Feature","geometry":{"type":"MultiPolygon","coordinates":[[[[-73.99286200705,40.743475063301],[-73.992660547622,40.743390186865],[-73.992752290762,40.743264220748],[-73.992875328454,40.743095287901],[-73.992876068552,40.743094271275],[-73.992881222195,40.743096442716],[-73.993272220493,40.743261172547],[-73.993183627005,40.743382815931],[-73.993115644642,40.743476157543],[-73.993063920605,40.743547176526],[-73.992970281818,40.743675745235],[-73.992927343986,40.743734699698],[-73.992744207497,40.74365754278],[-73.992873563448,40.743479933057],[-73.99286200705,40.743475063301]]]]},"properties":{"name":null,"base_bbl":"1007990035","construction_year":"1958","ground_elevation":"34","feature_code":"2100","height_roof":"60.53338611","last_status_type":"Constructed","bin":"1014954","last_edited_date":"2017-08-22T19:06:47.000Z","geom_source":"Photogrammetric","doitt_id":"372851"}},{"type":"Feature","geometry":{"type":"MultiPolygon","coordinates":[[[[-73.990400441958,40.741737862132],[-73.990563248907,40.741514480453],[-73.990565672932,40.741511155079],[-73.990630026502,40.741538288111],[-73.99046479568,40.741764995256],[-73.990400441958,40.741737862132]]]]},"properties":{"name":null,"base_bbl":"1008240049","construction_year":"1857","ground_elevation":"39","feature_code":"2100","height_roof":"67.54","last_status_type":"Constructed","bin":"1015570","last_edited_date":"2020-01-28T17:19:59.000Z","geom_source":"Photogrammetric","doitt_id":"374758"}},{"type":"Feature","geometry":{"type":"MultiPolygon","coordinates":[[[[-73.98811198082,40.739972690369],[-73.988266501004,40.73976443775],[-73.988281973812,40.739743583572],[-73.988372722988,40.739782537914],[-73.988379424677,40.739785414811],[-73.988372158414,40.739795207097],[-73.98836512662,40.739804685128],[-73.98820943073,40.74001452175],[-73.98811198082,40.739972690369]]]]},"properties":{"name":null,"base_bbl":"1008500059","construction_year":"1903","ground_elevation":"37","feature_code":"2100","height_roof":"116.73","last_status_type":"Constructed","bin":"1016259","last_edited_date":"2017-08-22T18:37:51.000Z","geom_source":"Photogrammetric","doitt_id":"374818"}},{"type":"Feature","geometry":{"type":"MultiPolygon","coordinates":[[[[-73.992940053094,40.742001101014],[-73.993026086349,40.741882328456],[-73.99308359593,40.741906426793],[-73.992997562746,40.742025199394],[-73.992940053094,40.742001101014]]]]},"properties":{"name":null,"base_bbl":"1008230076","construction_year":"1849","ground_elevation":"34","feature_code":"2100","height_roof":"27.05","last_status_type":"Constructed","bin":"1015554","last_edited_date":"2020-01-28T17:22:36.000Z","geom_source":"Photogrammetric","doitt_id":"384829"}},{"type":"Feature","geometry":{"type":"MultiPolygon","coordinates":[[[[-73.992475329503,40.740672626184],[-73.992614656602,40.740480901875],[-73.992925923147,40.740611760624],[-73.992810444795,40.740770668708],[-73.99278659667,40.740803486206],[-73.992781169857,40.740810952873],[-73.992469902665,40.740680093736],[-73.992475329503,40.740672626184]]]]},"properties":{"name":null,"base_bbl":"1008220015","construction_year":"1908","ground_elevation":"37","feature_code":"2100","height_roof":"150.37","last_status_type":"Constructed","bin":"1015491","last_edited_date":"2017-08-22T19:05:57.000Z","geom_source":"Photogrammetric","doitt_id":"385738"}},{"type":"Feature","geometry":{"type":"MultiPolygon","coordinates":[[[[-73.986171516009,40.74358006233],[-73.986215539609,40.743520670166],[-73.986356385345,40.743581061424],[-73.986515701194,40.743649372831],[-73.986471678961,40.743708765109],[-73.986278378338,40.743625882998],[-73.986171516009,40.74358006233]]]]},"properties":{"name":"The Madison Hotel","base_bbl":"1008570017","construction_year":"1903","ground_elevation":"36","feature_code":"2100","height_roof":"135.91","last_status_type":"Constructed","bin":"1016887","last_edited_date":"2017-08-22T19:17:13.000Z","geom_source":"Photogrammetric","doitt_id":"389181"}},{"type":"Feature","geometry":{"type":"MultiPolygon","coordinates":[[[[-73.989560168503,40.744386350451],[-73.989703045504,40.74419019599],[-73.989780418577,40.744222796727],[-73.989713051138,40.744315286296],[-73.989689299197,40.74430527864],[-73.989625246288,40.744393216392],[-73.989633076786,40.744396515653],[-73.989604870103,40.744435238509],[-73.989543418323,40.744409346977],[-73.989560168503,40.744386350451]]]]},"properties":{"name":null,"base_bbl":"1008280020","construction_year":"1881","ground_elevation":"42","feature_code":"2100","height_roof":"53.86","last_status_type":"Constructed","bin":"1015641","last_edited_date":"2020-01-28T17:20:49.000Z","geom_source":"Photogrammetric","doitt_id":"391433"}},{"type":"Feature","geometry":{"type":"MultiPolygon","coordinates":[[[[-73.993504630111,40.744496270764],[-73.993681832761,40.744252966363],[-73.993686796747,40.744246150698],[-73.993764975741,40.744279087393],[-73.993743715403,40.744308278872],[-73.993695957138,40.744373852981],[-73.993684154263,40.744368880636],[-73.99364569985,40.744421680642],[-73.993657502732,40.744426652991],[-73.993588168836,40.744521850739],[-73.993582810493,40.744529207581],[-73.993504630111,40.744496270764]]]]},"properties":{"name":null,"base_bbl":"1008000021","construction_year":"1910","ground_elevation":"37","feature_code":"2100","height_roof":"74.768149","last_status_type":"Constructed","bin":"1014978","last_edited_date":"2017-08-22T18:45:02.000Z","geom_source":"Photogrammetric","doitt_id":"394065"}},{"type":"Feature","geometry":{"type":"MultiPolygon","coordinates":[[[[-73.989097241211,40.739560348214],[-73.98923903406,40.739365245886],[-73.989158793714,40.739331508052],[-73.98915078389,40.739328141201],[-73.989184078292,40.739282328311],[-73.989131320754,40.739260145646],[-73.989138756219,40.73924991388],[-73.989270916224,40.739068064266],[-73.989475290651,40.739153995141],[-73.989628494275,40.739218410634],[-73.98962825855,40.739219225572],[-73.989609048938,40.739283915401],[-73.98955267905,40.739473739987],[-73.989408335937,40.739413049709],[-73.989253529309,40.739626060324],[-73.989097241211,40.739560348214]]]]},"properties":{"name":null,"base_bbl":"1008490016","construction_year":"1913","ground_elevation":"41","feature_code":"2100","height_roof":"274.26","last_status_type":"Constructed","bin":"1016201","last_edited_date":"2017-08-22T18:20:50.000Z","geom_source":"Photogrammetric","doitt_id":"398035"}},{"type":"Feature","geometry":{"type":"MultiPolygon","coordinates":[[[[-73.990369329192,40.739620820803],[-73.990418305627,40.739554897834],[-73.990732251653,40.739689834848],[-73.990683275428,40.739755757949],[-73.990369329192,40.739620820803]]]]},"properties":{"name":null,"base_bbl":"1008490001","construction_year":"1899","ground_elevation":"41","feature_code":"2100","height_roof":"125.72","last_status_type":"Constructed","bin":"1016195","last_edited_date":"2020-01-28T17:19:54.000Z","geom_source":"Photogrammetric","doitt_id":"398337"}},{"type":"Feature","geometry":{"type":"MultiPolygon","coordinates":[[[[-73.991870838567,40.742982214975],[-73.992041368065,40.742747438576],[-73.992115527464,40.742778598518],[-73.991960634029,40.742991842294],[-73.991944988675,40.743013381329],[-73.991876278678,40.742984501746],[-73.991870838567,40.742982214975]]]]},"properties":{"name":null,"base_bbl":"1008250007","construction_year":"1851","ground_elevation":"36","feature_code":"2100","height_roof":"60.35","last_status_type":"Constructed","bin":"1015576","last_edited_date":"2020-01-28T17:18:11.000Z","geom_source":"Photogrammetric","doitt_id":"405568"}},{"type":"Feature","geometry":{"type":"MultiPolygon","coordinates":[[[[-73.99257469065,40.743508070335],[-73.992585972359,40.743512823938],[-73.992751601392,40.743582603956],[-73.992766464536,40.743588866115],[-73.992756828962,40.743602095758],[-73.992772417864,40.743608664135],[-73.992737114243,40.743657136205],[-73.992736126646,40.743658493206],[-73.992528763723,40.743571128969],[-73.992531733629,40.743567050766],[-73.992545110043,40.743548684892],[-73.99257469065,40.743508070335]]]]},"properties":{"name":null,"base_bbl":"1007990042","construction_year":"1920","ground_elevation":"31","feature_code":"2100","height_roof":"58.55","last_status_type":"Constructed","bin":"1014957","last_edited_date":"2017-08-22T19:37:52.000Z","geom_source":"Photogrammetric","doitt_id":"405796"}},{"type":"Feature","geometry":{"type":"MultiPolygon","coordinates":[[[[-73.989879083178,40.741428587828],[-73.990028319298,40.741491511179],[-73.990195472563,40.741561987516],[-73.990145601358,40.741630413706],[-73.989943902362,40.741545371284],[-73.989829211748,40.741497013882],[-73.989879083178,40.741428587828]]]]},"properties":{"name":null,"base_bbl":"1008240044","construction_year":"1884","ground_elevation":"41","feature_code":"2100","height_roof":"101.96","last_status_type":"Constructed","bin":"1015566","last_edited_date":"2020-01-28T17:23:24.000Z","geom_source":"Photogrammetric","doitt_id":"407381"}},{"type":"Feature","geometry":{"type":"MultiPolygon","coordinates":[[[[-73.990642377795,40.741839868981],[-73.990807608199,40.741613160683],[-73.990897588413,40.741651098093],[-73.99089281262,40.741657651607],[-73.990732358221,40.741877806519],[-73.990642377795,40.741839868981]]]]},"properties":{"name":null,"base_bbl":"1008240052","construction_year":"1854","ground_elevation":"39","feature_code":"2100","height_roof":"62","last_status_type":"Constructed","bin":"1015573","last_edited_date":"2020-01-28T17:22:02.000Z","geom_source":"Photogrammetric","doitt_id":"408699"}},{"type":"Feature","geometry":{"type":"MultiPolygon","coordinates":[[[[-73.989656001349,40.740301703317],[-73.989663272812,40.740249892376],[-73.989854283645,40.740265398985],[-73.989859035889,40.740265784821],[-73.989932882272,40.7402984509],[-73.989861374932,40.740463021358],[-73.989772451698,40.740425731591],[-73.989786357826,40.740312286004],[-73.989656001349,40.740301703317]]]]},"properties":{"name":null,"base_bbl":"1008500011","construction_year":"1846","ground_elevation":"42","feature_code":"2100","height_roof":"38.18","last_status_type":"Constructed","bin":"1080765","last_edited_date":"2022-05-26T17:18:59.000Z","geom_source":"Photogrammetric","doitt_id":"414238"}},{"type":"Feature","geometry":{"type":"MultiPolygon","coordinates":[[[[-73.99036341993,40.741309691264],[-73.99021123605,40.741245525395],[-73.990059220573,40.741181430479],[-73.990132360819,40.741081077931],[-73.990294611921,40.741149488846],[-73.990448747877,40.74121447693],[-73.99037560796,40.741314829677],[-73.99036341993,40.741309691264]]]]},"properties":{"name":null,"base_bbl":"1008240037","construction_year":"1900","ground_elevation":"38","feature_code":"2100","height_roof":"77.09","last_status_type":"Constructed","bin":"1015562","last_edited_date":"2017-08-22T19:35:49.000Z","geom_source":"Photogrammetric","doitt_id":"414606"}},{"type":"Feature","geometry":{"type":"MultiPolygon","coordinates":[[[[-73.993187838684,40.741561830508],[-73.993229170434,40.741504770503],[-73.993385856695,40.741570426582],[-73.993526810307,40.741629490751],[-73.993485479918,40.741686551763],[-73.99329642884,40.741607333204],[-73.993187838684,40.741561830508]]]]},"properties":{"name":null,"base_bbl":"1008230001","construction_year":"1910","ground_elevation":"36","feature_code":"2100","height_roof":"29.62","last_status_type":"Constructed","bin":"1015518","last_edited_date":"2017-08-22T18:49:41.000Z","geom_source":"Photogrammetric","doitt_id":"419370"}},{"type":"Feature","geometry":{"type":"MultiPolygon","coordinates":[[[[-73.989370398957,40.744108819387],[-73.989098043613,40.744070995157],[-73.989119666045,40.743953565696],[-73.989119756057,40.743953392807],[-73.989119823565,40.743953265842],[-73.989119994111,40.743952961487],[-73.989120274793,40.743952500454],[-73.989120480861,40.743952183495],[-73.989120698767,40.743951870139],[-73.989120940356,40.743951542377],[-73.989121202074,40.743951209214],[-73.989121449579,40.74395091027],[-73.989121658001,40.743950669854],[-73.989122044053,40.743950251155],[-73.989122349575,40.743949940509],[-73.989122601806,40.743949697396],[-73.989122854036,40.743949463288],[-73.989123125211,40.743949221977],[-73.989123410594,40.743948979768],[-73.989123783602,40.743948679034],[-73.989124261996,40.743948316175],[-73.98912438041,40.743948229737],[-73.989124604211,40.743948071269],[-73.989124861167,40.743947896595],[-73.98912505418,40.743947767841],[-73.989125248376,40.743947642689],[-73.98912545086,40.743947515736],[-73.989125582297,40.743947434703],[-73.989125755178,40.74394733026],[-73.989125920953,40.743947233922],[-73.98912613054,40.743947114174],[-73.989126341311,40.743946996228],[-73.989126558002,40.743946878282],[-73.989126681148,40.743946813457],[-73.989126885997,40.743946708117],[-73.989127039929,40.743946630688],[-73.989127219912,40.743946541555],[-73.989127396341,40.743946456924],[-73.989127614213,40.743946354286],[-73.98912785103,40.743946247148],[-73.989127977727,40.743946191329],[-73.989128189678,40.743946099497],[-73.989128443071,40.743945993261],[-73.989128685806,40.743945894229],[-73.989129020899,40.743945764587],[-73.989129406905,40.743945622343],[-73.989129829616,40.743945476501],[-73.989130079453,40.743945393678],[-73.989130380204,40.743945299153],[-73.989130705819,40.743945201929],[-73.9891310859,40.743945094805],[-73.989131454139,40.743944996684],[-73.989131932493,40.743944879664],[-73.989132396637,40.743944776149],[-73.989132924717,40.743944669939],[-73.98913312245,40.743944633937],[-73.989133349784,40.743944593436],[-73.989133558174,40.743944558336],[-73.989133809188,40.743944518737],[-73.989134041257,40.74394448454],[-73.989134350287,40.743944443146],[-73.989134610772,40.743944410752],[-73.989134935193,40.743944374762],[-73.989135239485,40.743944344174],[-73.989135542593,40.743944318088],[-73.98913583386,40.743944296503],[-73.989136219847,40.743944272226],[-73.989136625961,40.743944254254],[-73.98913708417,40.74394424169],[-73.989137466602,40.743944237224],[-73.989137786281,40.743944238154],[-73.989138148583,40.743944243591],[-73.989138391302,40.743944250818],[-73.989138780834,40.743944267064],[-73.989139216541,40.743944291419],[-73.989139610808,40.743944321173],[-73.98914006664,40.743944362639],[-73.98914043604,40.743944403197],[-73.98914062666,40.743944425727],[-73.98942969335,40.744066222761],[-73.9894214521,40.744077536874],[-73.989396069887,40.744112384158],[-73.989370398957,40.744108819387]]]]},"properties":{"name":null,"base_bbl":"1008280025","construction_year":"1927","ground_elevation":"43","feature_code":"2100","height_roof":"134.96559673","last_status_type":"Constructed","bin":"1015645","last_edited_date":"2017-08-22T17:40:13.000Z","geom_source":"Photogrammetric","doitt_id":"419959"}},{"type":"Feature","geometry":{"type":"MultiPolygon","coordinates":[[[[-73.991395692195,40.743089588446],[-73.991442213163,40.743025542448],[-73.991551880796,40.742874558022],[-73.991794750758,40.742976606627],[-73.991782731318,40.742993154388],[-73.991638562701,40.743191637377],[-73.991395692195,40.743089588446]]]]},"properties":{"name":null,"base_bbl":"1008250071","construction_year":"1906","ground_elevation":"36","feature_code":"2100","height_roof":"123.65","last_status_type":"Constructed","bin":"1015587","last_edited_date":"2020-01-28T17:18:10.000Z","geom_source":"Photogrammetric","doitt_id":"423270"}},{"type":"Feature","geometry":{"type":"MultiPolygon","coordinates":[[[[-73.986330044128,40.739586317707],[-73.986280587775,40.739565552428],[-73.986273899099,40.739574769226],[-73.98621647423,40.739551976828],[-73.986170036176,40.739614716822],[-73.986152838863,40.739607496288],[-73.986037322071,40.739558992717],[-73.986019831707,40.739583091778],[-73.985993318975,40.739571959185],[-73.986015179271,40.739541838965],[-73.986087993491,40.739441512336],[-73.986111093619,40.739409683984],[-73.986167375367,40.739332135448],[-73.986333465597,40.739401873466],[-73.986537272604,40.73948744748],[-73.986575724201,40.739503592664],[-73.986645352881,40.739532827629],[-73.986641391578,40.739538286046],[-73.986541957318,40.739675295691],[-73.986330044128,40.739586317707]]]]},"properties":{"name":"United Charities Building","base_bbl":"1008780001","construction_year":"1893","ground_elevation":"30","feature_code":"2100","height_roof":"137","last_status_type":"Alteration","bin":"1018010","last_edited_date":"2023-01-19T17:56:21.000Z","geom_source":"Other (Manual)","doitt_id":"428096"}},{"type":"Feature","geometry":{"type":"MultiPolygon","coordinates":[[[[-73.989100345075,40.740069346838],[-73.989049416058,40.740047485792],[-73.988966453448,40.740011874514],[-73.988965912431,40.740011642131],[-73.988895470226,40.739981404427],[-73.988902599067,40.739971795799],[-73.989016801158,40.739817877604],[-73.989068466007,40.739748244476],[-73.989127072007,40.739773401196],[-73.989089193492,40.739824452785],[-73.989021994422,40.739915023042],[-73.989097399286,40.739947390838],[-73.989082997192,40.739966801713],[-73.989169389408,40.74000388556],[-73.989183791484,40.739984474675],[-73.989376792731,40.740067318606],[-73.989343066931,40.740173533943],[-73.989100345075,40.740069346838]]]]},"properties":{"name":null,"base_bbl":"1008500012","construction_year":"1910","ground_elevation":"41","feature_code":"2100","height_roof":"149.12","last_status_type":"Constructed","bin":"1016242","last_edited_date":"2020-01-28T17:17:43.000Z","geom_source":"Photogrammetric","doitt_id":"429358"}},{"type":"Feature","geometry":{"type":"MultiPolygon","coordinates":[[[[-73.990918621852,40.740822393528],[-73.990912094735,40.74083140439],[-73.990866330263,40.740894589369],[-73.990739457055,40.741069759429],[-73.990739103076,40.741069610817],[-73.990661865764,40.741037248454],[-73.990770486331,40.740887278616],[-73.990841029577,40.740789881772],[-73.990918621852,40.740822393528]]]]},"properties":{"name":null,"base_bbl":"1008230047","construction_year":"1903","ground_elevation":"41","feature_code":"2100","height_roof":"141.75","last_status_type":"Constructed","bin":"1015539","last_edited_date":"2020-01-28T17:18:32.000Z","geom_source":"Photogrammetric","doitt_id":"430024"}},{"type":"Feature","geometry":{"type":"MultiPolygon","coordinates":[[[[-73.989253529309,40.739626060324],[-73.989408335937,40.739413049709],[-73.98955267905,40.739473739987],[-73.989478540352,40.739732295952],[-73.989247055377,40.73963496754],[-73.989253529309,40.739626060324]]]]},"properties":{"name":null,"base_bbl":"1008490063","construction_year":"1917","ground_elevation":"41","feature_code":"2100","height_roof":"215.18","last_status_type":"Constructed","bin":"1016224","last_edited_date":"2020-01-28T17:21:36.000Z","geom_source":"Photogrammetric","doitt_id":"430036"}},{"type":"Feature","geometry":{"type":"MultiPolygon","coordinates":[[[[-73.993593386554,40.740397589684],[-73.993745729776,40.740190834354],[-73.993816065505,40.740220816942],[-73.993663721249,40.740427571464],[-73.993593386554,40.740397589684]]]]},"properties":{"name":null,"base_bbl":"1008210011","construction_year":"1854","ground_elevation":"35","feature_code":"2100","height_roof":"53.57","last_status_type":"Constructed","bin":"1015462","last_edited_date":"2020-01-28T17:20:51.000Z","geom_source":"Photogrammetric","doitt_id":"431596"}},{"type":"Feature","geometry":{"type":"MultiPolygon","coordinates":[[[[-73.990331533996,40.740810331183],[-73.990452744599,40.740861119999],[-73.990675948517,40.74095464516],[-73.99070063113,40.74096498678],[-73.990668959227,40.741008714654],[-73.990646644354,40.740999364678],[-73.990629138694,40.741023535573],[-73.990367475339,40.740913895237],[-73.990272656725,40.740874164991],[-73.990271526129,40.740873691229],[-73.990271845858,40.740873250007],[-73.990320703955,40.740805793517],[-73.990331533996,40.740810331183]]]]},"properties":{"name":null,"base_bbl":"1008230045","construction_year":"1898","ground_elevation":"40","feature_code":"2100","height_roof":"178","last_status_type":"Constructed","bin":"1015538","last_edited_date":"2020-01-28T17:21:15.000Z","geom_source":"Other (Manual)","doitt_id":"431838"}},{"type":"Feature","geometry":{"type":"MultiPolygon","coordinates":[[[[-73.988069764871,40.743917989883],[-73.988112083002,40.743859885446],[-73.988274105576,40.743928145169],[-73.988491131863,40.744019577513],[-73.988469204915,40.74404968467],[-73.988408093715,40.744023938447],[-73.988387702743,40.744051935855],[-73.988262805995,40.743999317384],[-73.988069764871,40.743917989883]]]]},"properties":{"name":null,"base_bbl":"1008280040","construction_year":"1853","ground_elevation":"41","feature_code":"2100","height_roof":"71.31","last_status_type":"Constructed","bin":"1015653","last_edited_date":"2020-01-28T17:23:25.000Z","geom_source":"Photogrammetric","doitt_id":"435142"}},{"type":"Feature","geometry":{"type":"MultiPolygon","coordinates":[[[[-73.990340497079,40.741712587989],[-73.990503304167,40.741489205493],[-73.990563248907,40.741514480453],[-73.990400441958,40.741737862132],[-73.990340497079,40.741712587989]]]]},"properties":{"name":null,"base_bbl":"1008240048","construction_year":"1875","ground_elevation":"39","feature_code":"2100","height_roof":"68.99","last_status_type":"Constructed","bin":"1015569","last_edited_date":"2020-01-28T17:18:01.000Z","geom_source":"Photogrammetric","doitt_id":"438928"}},{"type":"Feature","geometry":{"type":"MultiPolygon","coordinates":[[[[-73.992525986962,40.744851322705],[-73.992592054347,40.744760614418],[-73.992624471084,40.744774271783],[-73.992650093436,40.744739091519],[-73.992617676711,40.744725435062],[-73.992685176715,40.744632757403],[-73.993003539293,40.744766883353],[-73.992936534587,40.744858880444],[-73.992899411503,40.744843239961],[-73.992867587649,40.744886933287],[-73.992899584198,40.744900412248],[-73.992904711934,40.74490257288],[-73.992847343898,40.744981338464],[-73.992844350265,40.744985449091],[-73.992691319718,40.744920977607],[-73.992525986962,40.744851322705]]]]},"properties":{"name":null,"base_bbl":"1008010024","construction_year":"1906","ground_elevation":"38","feature_code":"2100","height_roof":"164.35","last_status_type":"Constructed","bin":"1015007","last_edited_date":"2017-08-22T18:50:55.000Z","geom_source":"Photogrammetric","doitt_id":"439560"}},{"type":"Feature","geometry":{"type":"MultiPolygon","coordinates":[[[[-73.99308359593,40.741906426793],[-73.993026086349,40.741882328456],[-73.993069252654,40.741822734594],[-73.993312888309,40.741924825985],[-73.993269720971,40.741984419036],[-73.99308359593,40.741906426793]]]]},"properties":{"name":null,"base_bbl":"1008230082","construction_year":"1847","ground_elevation":"34","feature_code":"2100","height_roof":"32","last_status_type":"Constructed","bin":"1015556","last_edited_date":"2020-01-28T17:18:58.000Z","geom_source":"Photogrammetric","doitt_id":"442697"}},{"type":"Feature","geometry":{"type":"MultiPolygon","coordinates":[[[[-73.990345017121,40.743455413601],[-73.990420462752,40.743351831878],[-73.990503342662,40.74323804257],[-73.990504756255,40.743238638822],[-73.990658639161,40.7433034744],[-73.990533347813,40.743475492527],[-73.990508001937,40.743510291434],[-73.990500313971,40.743520845643],[-73.990345017121,40.743455413601]]]]},"properties":{"name":null,"base_bbl":"1008260057","construction_year":"1911","ground_elevation":"40","feature_code":"2100","height_roof":"151.78","last_status_type":"Constructed","bin":"1080687","last_edited_date":"2017-08-22T17:43:22.000Z","geom_source":"Photogrammetric","doitt_id":"443368"}},{"type":"Feature","geometry":{"type":"MultiPolygon","coordinates":[[[[-73.990227293729,40.742595405039],[-73.990270847844,40.742535450261],[-73.990397515396,40.74236108579],[-73.990474407218,40.742393398767],[-73.99041262372,40.74247844744],[-73.990304186923,40.742627718129],[-73.990227293729,40.742595405039]]]]},"properties":{"name":null,"base_bbl":"1008250052","construction_year":"1860","ground_elevation":"38","feature_code":"2100","height_roof":"33.19","last_status_type":"Constructed","bin":"1015584","last_edited_date":"2020-01-28T17:23:00.000Z","geom_source":"Photogrammetric","doitt_id":"443796"}},{"type":"Feature","geometry":{"type":"MultiPolygon","coordinates":[[[[-73.987162258284,40.744102922184],[-73.987181159834,40.744077421933],[-73.987140240633,40.744059877298],[-73.987174649491,40.7440134555],[-73.98742097351,40.744119070699],[-73.987489465982,40.744148437384],[-73.987436155796,40.744220359571],[-73.98734638494,40.744181869284],[-73.987162258284,40.744102922184]]]]},"properties":{"name":null,"base_bbl":"1008570002","construction_year":"1912","ground_elevation":"36","feature_code":"2100","height_roof":"89.43","last_status_type":"Constructed","bin":"1016883","last_edited_date":"2020-01-28T17:23:58.000Z","geom_source":"Photogrammetric","doitt_id":"445238"}},{"type":"Feature","geometry":{"type":"MultiPolygon","coordinates":[[[[-73.993137139857,40.740188664606],[-73.993279369528,40.73999563752],[-73.993280689788,40.739993845587],[-73.993289221149,40.73998226736],[-73.993618904153,40.74012280397],[-73.993614351351,40.740128984801],[-73.993611072624,40.740133434026],[-73.99349123358,40.740296074263],[-73.993464354732,40.740332553197],[-73.993134671016,40.740192016148],[-73.993137139857,40.740188664606]]]]},"properties":{"name":null,"base_bbl":"1008210014","construction_year":"1910","ground_elevation":"35","feature_code":"2100","height_roof":"149.53","last_status_type":"Constructed","bin":"1015465","last_edited_date":"2020-01-28T17:16:16.000Z","geom_source":"Photogrammetric","doitt_id":"448228"}},{"type":"Feature","geometry":{"type":"MultiPolygon","coordinates":[[[[-73.991672151435,40.741464871459],[-73.991825196054,40.741254987687],[-73.991988459172,40.741323858245],[-73.991874520366,40.741480113487],[-73.99183541491,40.741533742232],[-73.991700167037,40.741476689937],[-73.991672151435,40.741464871459]]]]},"properties":{"name":null,"base_bbl":"1008230059","construction_year":"1905","ground_elevation":"37","feature_code":"2100","height_roof":"76.36","last_status_type":"Constructed","bin":"1015541","last_edited_date":"2020-01-28T17:17:16.000Z","geom_source":"Photogrammetric","doitt_id":"450428"}},{"type":"Feature","geometry":{"type":"MultiPolygon","coordinates":[[[[-73.990102150042,40.744349554953],[-73.989954605548,40.744552119305],[-73.989944984672,40.7445653262],[-73.989875702113,40.744536134705],[-73.989951829458,40.744431620439],[-73.989959920442,40.744435029563],[-73.989982385676,40.744404187358],[-73.989974294694,40.744400778235],[-73.990032867638,40.744320363551],[-73.990102150042,40.744349554953]]]]},"properties":{"name":null,"base_bbl":"1008280016","construction_year":"1894","ground_elevation":"42","feature_code":"2100","height_roof":"87.58","last_status_type":"Constructed","bin":"1015638","last_edited_date":"2020-01-28T17:17:34.000Z","geom_source":"Photogrammetric","doitt_id":"455993"}},{"type":"Feature","geometry":{"type":"MultiPolygon","coordinates":[[[[-73.990949078626,40.744179750282],[-73.990808494907,40.744120368732],[-73.990791660585,40.744113257886],[-73.990800646479,40.744100952276],[-73.990943339147,40.743905536471],[-73.991261633135,40.744039980622],[-73.991109955259,40.744247702452],[-73.990949078626,40.744179750282]]]]},"properties":{"name":null,"base_bbl":"1008270008","construction_year":"1909","ground_elevation":"39","feature_code":"2100","height_roof":"141.42","last_status_type":"Constructed","bin":"1015611","last_edited_date":"2017-08-22T18:10:03.000Z","geom_source":"Photogrammetric","doitt_id":"456186"}},{"type":"Feature","geometry":{"type":"MultiPolygon","coordinates":[[[[-73.990304186923,40.742627718129],[-73.99041262372,40.74247844744],[-73.990474407218,40.742393398767],[-73.990497570216,40.742361512822],[-73.990490061563,40.742336058468],[-73.990431265663,40.742311349987],[-73.990569179864,40.742121499334],[-73.990845409019,40.742237580778],[-73.99088030326,40.742252244702],[-73.990742081785,40.742442518038],[-73.990712131445,40.742429932842],[-73.990703759166,40.742441457757],[-73.990671256457,40.742486199527],[-73.990650307955,40.74251503747],[-73.990663494259,40.742520579359],[-73.990519832543,40.742718340597],[-73.990304186923,40.742627718129]]]]},"properties":{"name":null,"base_bbl":"1008250024","construction_year":"1881","ground_elevation":"38","feature_code":"2100","height_roof":"95.95","last_status_type":"Constructed","bin":"1015580","last_edited_date":"2020-01-28T17:18:39.000Z","geom_source":"Photogrammetric","doitt_id":"459502"}},{"type":"Feature","geometry":{"type":"MultiPolygon","coordinates":[[[[-73.989779668121,40.739643463686],[-73.990057621938,40.739762933123],[-73.990106041306,40.739783744417],[-73.990148456703,40.739726651376],[-73.990292014896,40.739788354628],[-73.990212561467,40.739895301175],[-73.990129709233,40.740006820151],[-73.989760126864,40.739847968096],[-73.989756685966,40.739842951063],[-73.989737139024,40.739814450964],[-73.989779668121,40.739643463686]]]]},"properties":{"name":null,"base_bbl":"1008490070","construction_year":"1926","ground_elevation":"41","feature_code":"2100","height_roof":"252.65","last_status_type":"Constructed","bin":"1016226","last_edited_date":"2017-08-22T18:32:09.000Z","geom_source":"Photogrammetric","doitt_id":"459546"}},{"type":"Feature","geometry":{"type":"MultiPolygon","coordinates":[[[[-73.990943339147,40.743905536471],[-73.990800646479,40.744100952276],[-73.990791660585,40.744113257886],[-73.990637092575,40.744047969482],[-73.990728370266,40.743922966693],[-73.990788771471,40.743840248269],[-73.990943339147,40.743905536471]]]]},"properties":{"name":null,"base_bbl":"1008270012","construction_year":"1907","ground_elevation":"39","feature_code":"2100","height_roof":"142.87","last_status_type":"Constructed","bin":"1015612","last_edited_date":"2017-08-22T19:18:38.000Z","geom_source":"Photogrammetric","doitt_id":"460633"}},{"type":"Feature","geometry":{"type":"MultiPolygon","coordinates":[[[[-73.989822386543,40.739471715477],[-73.989852477665,40.739350734048],[-73.989854403891,40.739342988952],[-73.989894063484,40.73933000712],[-73.989894641263,40.739329818064],[-73.989925198504,40.739342951941],[-73.98999528416,40.739373076424],[-73.990088907008,40.739413317391],[-73.990029685028,40.739493029707],[-73.990009292164,40.739484264201],[-73.989971119644,40.739535643842],[-73.989822386543,40.739471715477]]]]},"properties":{"name":null,"base_bbl":"1008490010","construction_year":"1891","ground_elevation":"43","feature_code":"2100","height_roof":"104.21","last_status_type":"Constructed","bin":"1080762","last_edited_date":"2017-08-22T18:34:07.000Z","geom_source":"Photogrammetric","doitt_id":"467682"}},{"type":"Feature","geometry":{"type":"MultiPolygon","coordinates":[[[[-73.993056908434,40.740154463931],[-73.993199139448,40.739961436042],[-73.993279369528,40.73999563752],[-73.993137139857,40.740188664606],[-73.993056908434,40.740154463931]]]]},"properties":{"name":null,"base_bbl":"1008210019","construction_year":"1902","ground_elevation":"36","feature_code":"2100","height_roof":"75.05","last_status_type":"Constructed","bin":"1015466","last_edited_date":"2020-01-28T17:16:45.000Z","geom_source":"Photogrammetric","doitt_id":"468355"}},{"type":"Feature","geometry":{"type":"MultiPolygon","coordinates":[[[[-73.98723824518,40.740411393432],[-73.987390699891,40.740201610008],[-73.987400324202,40.740188366398],[-73.987473168071,40.740218991595],[-73.987441352323,40.740262773502],[-73.987311090402,40.74044201873],[-73.98723824518,40.740411393432]]]]},"properties":{"name":null,"base_bbl":"1008510049","construction_year":"1925","ground_elevation":"34","feature_code":"2100","height_roof":"66.53","last_status_type":"Constructed","bin":"1016289","last_edited_date":"2017-08-22T18:05:25.000Z","geom_source":"Photogrammetric","doitt_id":"468884"}},{"type":"Feature","geometry":{"type":"MultiPolygon","coordinates":[[[[-73.987793395461,40.739818113763],[-73.987949902201,40.739607183665],[-73.987960714027,40.739592613684],[-73.988021482327,40.739618699616],[-73.988046903881,40.739629611905],[-73.988000396473,40.739692291395],[-73.98788089644,40.739853346351],[-73.987879585514,40.739855112108],[-73.987793395461,40.739818113763]]]]},"properties":{"name":null,"base_bbl":"1008500055","construction_year":"1920","ground_elevation":"35","feature_code":"2100","height_roof":"58.55","last_status_type":"Constructed","bin":"1016255","last_edited_date":"2017-08-22T18:35:17.000Z","geom_source":"Photogrammetric","doitt_id":"469025"}},{"type":"Feature","geometry":{"type":"MultiPolygon","coordinates":[[[[-73.989647592036,40.740361631328],[-73.989656001349,40.740301703317],[-73.989786357826,40.740312286004],[-73.989778931195,40.740372867881],[-73.989647592036,40.740361631328]]]]},"properties":{"name":null,"base_bbl":"1008500011","construction_year":"1846","ground_elevation":"42","feature_code":"2100","height_roof":"38.18","last_status_type":"Constructed","bin":"1080766","last_edited_date":"2022-05-26T17:18:59.000Z","geom_source":"Photogrammetric","doitt_id":"476051"}},{"type":"Feature","geometry":{"type":"MultiPolygon","coordinates":[[[[-73.990241567643,40.743016343778],[-73.990304836832,40.742929479005],[-73.990355729644,40.74285960483],[-73.990441641015,40.742895803369],[-73.990371112796,40.742992635323],[-73.990327479153,40.743052542401],[-73.990241567643,40.743016343778]]]]},"properties":{"name":null,"base_bbl":"1008260028","construction_year":"1920","ground_elevation":"36","feature_code":"2100","height_roof":"58.32","last_status_type":"Constructed","bin":"1015599","last_edited_date":"2017-08-22T18:27:55.000Z","geom_source":"Photogrammetric","doitt_id":"478716"}},{"type":"Feature","geometry":{"type":"MultiPolygon","coordinates":[[[[-73.986522403994,40.744760539696],[-73.986536968938,40.744740915753],[-73.986606710717,40.744646953293],[-73.98699406264,40.744813258253],[-73.987001925011,40.74481663424],[-73.986917617563,40.744930220029],[-73.986694304245,40.744834343606],[-73.986522403994,40.744760539696]]]]},"properties":{"name":null,"base_bbl":"1008580003","construction_year":"1919","ground_elevation":"40","feature_code":"2100","height_roof":"69.95","last_status_type":"Constructed","bin":"1016897","last_edited_date":"2020-01-28T17:19:48.000Z","geom_source":"Photogrammetric","doitt_id":"480117"}},{"type":"Feature","geometry":{"type":"MultiPolygon","coordinates":[[[[-73.989209590208,40.744592544124],[-73.989343709856,40.744408413762],[-73.989380940773,40.744357301728],[-73.989451941991,40.744387216786],[-73.989458701027,40.744390064807],[-73.989428475074,40.744431561897],[-73.989477180662,40.744452083504],[-73.989507863719,40.744409958791],[-73.989530421087,40.744419463892],[-73.989516854185,40.744438089643],[-73.989358613762,40.744655334119],[-73.989209590208,40.744592544124]]]]},"properties":{"name":null,"base_bbl":"1008280056","construction_year":"1913","ground_elevation":"43","feature_code":"2100","height_roof":"262.68","last_status_type":"Constructed","bin":"1015658","last_edited_date":"2020-01-28T17:18:56.000Z","geom_source":"Photogrammetric","doitt_id":"483581"}},{"type":"Feature","geometry":{"type":"MultiPolygon","coordinates":[[[[-73.98838634803,40.740058497093],[-73.988391153539,40.740052021128],[-73.988502921049,40.739901386448],[-73.988555167387,40.739923813386],[-73.988568773843,40.739905475002],[-73.988598527263,40.739918247147],[-73.988586004355,40.739935124117],[-73.988468347926,40.74009369626],[-73.988391559293,40.740060734478],[-73.98838634803,40.740058497093]]]]},"properties":{"name":null,"base_bbl":"1008500062","construction_year":"1925","ground_elevation":"38","feature_code":"2100","height_roof":"70.03","last_status_type":"Constructed","bin":"1016262","last_edited_date":"2017-08-22T18:12:27.000Z","geom_source":"Photogrammetric","doitt_id":"485002"}},{"type":"Feature","geometry":{"type":"MultiPolygon","coordinates":[[[[-73.992954861937,40.744265217925],[-73.993043573064,40.744143417151],[-73.99313734381,40.744014667397],[-73.993449571473,40.744146209107],[-73.993421486714,40.744184770814],[-73.9932959048,40.744357199837],[-73.993134682309,40.744289277717],[-73.993105870226,40.744328837966],[-73.992954861937,40.744265217925]]]]},"properties":{"name":null,"base_bbl":"1008000025","construction_year":"1913","ground_elevation":"36","feature_code":"2100","height_roof":"167.19","last_status_type":"Constructed","bin":"1014981","last_edited_date":"2017-08-22T18:35:43.000Z","geom_source":"Photogrammetric","doitt_id":"486376"}},{"type":"Feature","geometry":{"type":"MultiPolygon","coordinates":[[[[-73.988214618141,40.739696341482],[-73.988265766238,40.739627407453],[-73.988325897563,40.739546364287],[-73.988354903314,40.73950727169],[-73.988359560501,40.739509270387],[-73.988387544255,40.739471555455],[-73.988479632035,40.739511085274],[-73.988508046348,40.739523281884],[-73.98842668734,40.739632933038],[-73.988389150603,40.739683523372],[-73.988339776526,40.739750066787],[-73.988214618141,40.739696341482]]]]},"properties":{"name":null,"base_bbl":"1008500025","construction_year":"1903","ground_elevation":"38","feature_code":"2100","height_roof":"125.6","last_status_type":"Constructed","bin":"1080768","last_edited_date":"2017-08-22T18:32:31.000Z","geom_source":"Photogrammetric","doitt_id":"487694"}},{"type":"Feature","geometry":{"type":"MultiPolygon","coordinates":[[[[-73.992798671525,40.740366711179],[-73.992943120377,40.740170674255],[-73.99294609247,40.740166641065],[-73.993037811021,40.740205740372],[-73.99310416151,40.740234023896],[-73.993065179795,40.740286927266],[-73.992956742075,40.740434093311],[-73.992798671525,40.740366711179]]]]},"properties":{"name":null,"base_bbl":"1008210062","construction_year":"1912","ground_elevation":"36","feature_code":"2100","height_roof":"142.89","last_status_type":"Constructed","bin":"1015483","last_edited_date":"2018-12-07T18:34:42.000Z","geom_source":"Photogrammetric","doitt_id":"491967"}},{"type":"Feature","geometry":{"type":"MultiPolygon","coordinates":[[[[-73.992300034422,40.74172677183],[-73.992453777649,40.741514524346],[-73.992458296324,40.741508286828],[-73.99253638983,40.741541010944],[-73.992391199885,40.741741449851],[-73.992387589427,40.74174643392],[-73.992378128105,40.741759496952],[-73.992342908215,40.741744738005],[-73.992300034422,40.74172677183]]]]},"properties":{"name":null,"base_bbl":"1008230067","construction_year":"1851","ground_elevation":"36","feature_code":"2100","height_roof":"65","last_status_type":"Constructed","bin":"1087505","last_edited_date":"2020-01-28T17:23:56.000Z","geom_source":"Other (Manual)","doitt_id":"494058"}},{"type":"Feature","geometry":{"type":"MultiPolygon","coordinates":[[[[-73.988310403545,40.739229511945],[-73.988452470358,40.739034035092],[-73.988457889223,40.739026578532],[-73.988533889569,40.739058534329],[-73.988527801642,40.739066910244],[-73.988386404051,40.739261467838],[-73.988310403545,40.739229511945]]]]},"properties":{"name":null,"base_bbl":"1008490051","construction_year":"1907","ground_elevation":"36","feature_code":"2100","height_roof":"130","last_status_type":"Constructed","bin":"1085465","last_edited_date":"2020-01-28T17:19:00.000Z","geom_source":"Other (Manual)","doitt_id":"497017"}},{"type":"Feature","geometry":{"type":"MultiPolygon","coordinates":[[[[-73.988517570932,40.739791515195],[-73.988670396036,40.739585543746],[-73.988751335967,40.739620287853],[-73.988691833899,40.739700483024],[-73.988666315138,40.739689528544],[-73.988619897085,40.739752089426],[-73.988645415863,40.739763043916],[-73.988594204108,40.739832065454],[-73.988513262817,40.739797321237],[-73.988517570932,40.739791515195]]]]},"properties":{"name":null,"base_bbl":"1008500022","construction_year":"1903","ground_elevation":"39","feature_code":"2100","height_roof":"117.1","last_status_type":"Constructed","bin":"1016247","last_edited_date":"2017-08-22T17:39:41.000Z","geom_source":"Photogrammetric","doitt_id":"502262"}},{"type":"Feature","geometry":{"type":"MultiPolygon","coordinates":[[[[-73.98878300147,40.739428222599],[-73.988888787432,40.739282664912],[-73.988970224437,40.739316906432],[-73.988864438598,40.739462464193],[-73.98878300147,40.739428222599]]]]},"properties":{"name":null,"base_bbl":"1008490057","construction_year":"1850","ground_elevation":"39","feature_code":"2100","height_roof":"68.96","last_status_type":"Constructed","bin":"1016221","last_edited_date":"2020-01-28T17:17:18.000Z","geom_source":"Photogrammetric","doitt_id":"504120"}},{"type":"Feature","geometry":{"type":"MultiPolygon","coordinates":[[[[-73.989795521112,40.739579725371],[-73.989808144724,40.739528975688],[-73.989998017695,40.739610586413],[-73.989966384033,40.739653165959],[-73.989795521112,40.739579725371]]]]},"properties":{"name":null,"base_bbl":"1008490010","construction_year":"1891","ground_elevation":"42","feature_code":"2100","height_roof":"33.97","last_status_type":"Constructed","bin":"1080764","last_edited_date":"2017-08-22T19:11:39.000Z","geom_source":"Photogrammetric","doitt_id":"504412"}},{"type":"Feature","geometry":{"type":"MultiPolygon","coordinates":[[[[-73.99311251006,40.741763015551],[-73.993089620397,40.741753423778],[-73.993058503772,40.741740385265],[-73.993100398204,40.741682546403],[-73.993131515994,40.741695585805],[-73.993398039814,40.741807267881],[-73.993356144378,40.74186510595],[-73.99311251006,40.741763015551]]]]},"properties":{"name":null,"base_bbl":"1008230004","construction_year":"1897","ground_elevation":"33","feature_code":"2100","height_roof":"104.76","last_status_type":"Constructed","bin":"1015521","last_edited_date":"2020-01-28T17:16:39.000Z","geom_source":"Photogrammetric","doitt_id":"506044"}},{"type":"Feature","geometry":{"type":"MultiPolygon","coordinates":[[[[-73.989565841404,40.741306564562],[-73.98956225628,40.741307340474],[-73.989524455777,40.741363317077],[-73.989522227382,40.741364577585],[-73.989519632042,40.74136532567],[-73.989516867487,40.741365504619],[-73.989514145646,40.741365100044],[-73.989511674889,40.74136414258],[-73.989509643455,40.741362706086],[-73.989508207606,40.741360900438],[-73.989507477428,40.741358863424],[-73.989517441491,40.741299112072],[-73.989515865817,40.741298071843],[-73.989511856311,40.741294678367],[-73.989508430547,40.741290936447],[-73.989502875882,40.741273177037],[-73.989503501712,40.741268706976],[-73.989571301769,40.740784617519],[-73.989573280673,40.740781178661],[-73.989575923727,40.74077800191],[-73.989579170538,40.740775158402],[-73.989582947693,40.740772712966],[-73.989587172306,40.740770719624],[-73.989591748472,40.740769223395],[-73.989596571999,40.740768258487],[-73.989601535144,40.740767846502],[-73.989606147756,40.740767984696],[-73.9896065278,40.740767996437],[-73.989611435125,40.740768705579],[-73.989616148199,40.740769955908],[-73.989620561657,40.7407717213],[-73.989628429606,40.740775080901],[-73.989856264275,40.740872364985],[-73.989860575756,40.74087525149],[-73.989864340192,40.740878552181],[-73.989867490109,40.740882207617],[-73.989869967502,40.740886152057],[-73.989871729761,40.740890315257],[-73.989872742562,40.740894620672],[-73.989872989342,40.740898991756],[-73.98987246656,40.740903349265],[-73.989871181333,40.740907615756],[-73.989869158535,40.740911713787],[-73.989866433694,40.740915568619],[-73.989585511937,40.741296569811],[-73.98958125277,40.741299750918],[-73.989576505882,40.74130250424],[-73.989571342316,40.741304786558],[-73.989565841404,40.741306564562]]]]},"properties":{"name":"Flatiron Building","base_bbl":"1008510001","construction_year":"1903","ground_elevation":"42","feature_code":"2100","height_roof":"300.29","last_status_type":"Constructed","bin":"1016278","last_edited_date":"2017-08-22T19:22:55.000Z","geom_source":"Photogrammetric","doitt_id":"507159"}},{"type":"Feature","geometry":{"type":"MultiPolygon","coordinates":[[[[-73.990252521415,40.74167549499],[-73.990395192785,40.741479742105],[-73.990415329891,40.741452112618],[-73.990503304167,40.741489205493],[-73.990340497079,40.741712587989],[-73.990252521415,40.74167549499]]]]},"properties":{"name":null,"base_bbl":"1008240047","construction_year":"1857","ground_elevation":"39","feature_code":"2100","height_roof":"73.28","last_status_type":"Constructed","bin":"1015568","last_edited_date":"2020-01-28T17:16:16.000Z","geom_source":"Photogrammetric","doitt_id":"507408"}},{"type":"Feature","geometry":{"type":"MultiPolygon","coordinates":[[[[-73.991350066256,40.741329002605],[-73.991427409659,40.741222934934],[-73.991487902294,40.741139977485],[-73.991506182089,40.741114908712],[-73.99173796315,40.741212682836],[-73.991828266552,40.741250776232],[-73.991825196054,40.741254987687],[-73.991672151435,40.741464871459],[-73.991350066256,40.741329002605]]]]},"properties":{"name":null,"base_bbl":"1008230055","construction_year":"1911","ground_elevation":"38","feature_code":"2100","height_roof":"201.07","last_status_type":"Constructed","bin":"1015540","last_edited_date":"2020-01-28T17:14:43.000Z","geom_source":"Photogrammetric","doitt_id":"509438"}},{"type":"Feature","geometry":{"type":"MultiPolygon","coordinates":[[[[-73.989523339252,40.74358538312],[-73.989675424636,40.743375542702],[-73.989756035957,40.743409338722],[-73.98975446684,40.743411502501],[-73.98960395075,40.743619180146],[-73.989523339252,40.74358538312]]]]},"properties":{"name":null,"base_bbl":"1008270027","construction_year":"1913","ground_elevation":"44","feature_code":"2100","height_roof":"149.77","last_status_type":"Constructed","bin":"1015617","last_edited_date":"2017-08-22T18:56:39.000Z","geom_source":"Photogrammetric","doitt_id":"515663"}},{"type":"Feature","geometry":{"type":"MultiPolygon","coordinates":[[[[-73.99055457701,40.74180285007],[-73.990719807621,40.741576141897],[-73.990807608199,40.741613160683],[-73.990642377795,40.741839868981],[-73.99055457701,40.74180285007]]]]},"properties":{"name":null,"base_bbl":"1008240051","construction_year":"1854","ground_elevation":"39","feature_code":"2100","height_roof":"63.29","last_status_type":"Constructed","bin":"1015572","last_edited_date":"2020-01-28T17:16:10.000Z","geom_source":"Photogrammetric","doitt_id":"520079"}},{"type":"Feature","geometry":{"type":"MultiPolygon","coordinates":[[[[-73.989718069553,40.744457164303],[-73.989757514768,40.744403010433],[-73.989774851041,40.744410315084],[-73.989817017596,40.744352424331],[-73.989799681333,40.744345120588],[-73.989868237669,40.744250999354],[-73.990023744277,40.744316519398],[-73.989956146152,40.744409324266],[-73.989941807571,40.744403282415],[-73.989899487139,40.744461385719],[-73.989913592495,40.744467328499],[-73.98987334326,40.744522586372],[-73.989718069553,40.744457164303]]]]},"properties":{"name":null,"base_bbl":"1008280017","construction_year":"1900","ground_elevation":"42","feature_code":"2100","height_roof":"97.53","last_status_type":"Constructed","bin":"1015639","last_edited_date":"2017-08-22T19:24:25.000Z","geom_source":"Photogrammetric","doitt_id":"520215"}},{"type":"Feature","geometry":{"type":"MultiPolygon","coordinates":[[[[-73.992247687752,40.739368633563],[-73.992353244485,40.739224587331],[-73.992430581102,40.739257374514],[-73.9923250233,40.739401420816],[-73.992247687752,40.739368633563]]]]},"properties":{"name":null,"base_bbl":"1008200053","construction_year":"1852","ground_elevation":"38","feature_code":"2100","height_roof":"60","last_status_type":"Alteration","bin":"1015457","last_edited_date":"2022-02-14T17:15:44.000Z","geom_source":"Other (Manual)","doitt_id":"523226"}},{"type":"Feature","geometry":{"type":"MultiPolygon","coordinates":[[[[-73.990668080932,40.743577738077],[-73.990772511028,40.743434359662],[-73.990783093768,40.743432536082],[-73.990802360086,40.743429215651],[-73.990834088676,40.743385653453],[-73.99096933614,40.74344263741],[-73.990902880615,40.743533877853],[-73.99082330143,40.743643137257],[-73.990668080932,40.743577738077]]]]},"properties":{"name":null,"base_bbl":"1008260063","construction_year":"1913","ground_elevation":"36","feature_code":"2100","height_roof":"208.09","last_status_type":"Constructed","bin":"1015608","last_edited_date":"2017-08-22T17:42:25.000Z","geom_source":"Photogrammetric","doitt_id":"524859"}},{"type":"Feature","geometry":{"type":"MultiPolygon","coordinates":[[[[-73.988512517317,40.74331861512],[-73.988524792327,40.743301243762],[-73.988510699151,40.743295482715],[-73.988541727132,40.743251574382],[-73.988557450536,40.743258001062],[-73.988564254183,40.743248372616],[-73.988600232975,40.743263079661],[-73.988951039457,40.74340647996],[-73.988934328818,40.743491040465],[-73.988597876763,40.743353508342],[-73.988512517317,40.74331861512]]]]},"properties":{"name":null,"base_bbl":"1008270043","construction_year":"1902","ground_elevation":"42","feature_code":"2100","height_roof":"162.45","last_status_type":"Constructed","bin":"1015623","last_edited_date":"2020-01-28T17:25:15.000Z","geom_source":"Photogrammetric","doitt_id":"526239"}},{"type":"Feature","geometry":{"type":"MultiPolygon","coordinates":[[[[-73.991794750758,40.742976606627],[-73.991551880796,40.742874558022],[-73.991589372068,40.742822942799],[-73.991827725251,40.742923094538],[-73.991975434582,40.742719735305],[-73.992041368065,40.742747438576],[-73.991870838567,40.742982214975],[-73.991809426309,40.742956402994],[-73.991794750758,40.742976606627]]]]},"properties":{"name":null,"base_bbl":"1008250008","construction_year":"1920","ground_elevation":"36","feature_code":"2100","height_roof":"12.64","last_status_type":"Constructed","bin":"1015577","last_edited_date":"2018-12-07T18:34:45.000Z","geom_source":"Photogrammetric","doitt_id":"526761"}},{"type":"Feature","geometry":{"type":"MultiPolygon","coordinates":[[[[-73.991863889072,40.740417993185],[-73.991994592215,40.740238136797],[-73.992006409803,40.740221875355],[-73.992182381861,40.740295857809],[-73.992180539365,40.740298392612],[-73.992118236608,40.740384125675],[-73.99203986149,40.740491974954],[-73.991863889072,40.740417993185]]]]},"properties":{"name":null,"base_bbl":"1008220025","construction_year":"1906","ground_elevation":"38","feature_code":"2100","height_roof":"134.05","last_status_type":"Constructed","bin":"1015494","last_edited_date":"2017-08-22T18:01:07.000Z","geom_source":"Photogrammetric","doitt_id":"527219"}},{"type":"Feature","geometry":{"type":"MultiPolygon","coordinates":[[[[-73.98649154744,40.743136942795],[-73.986563649405,40.743038311487],[-73.986658652043,40.742908350544],[-73.986672232318,40.742914093749],[-73.986675431121,40.742909717655],[-73.98674203263,40.742937881494],[-73.986737795197,40.742943679371],[-73.986750853395,40.742949200982],[-73.986665152421,40.74306643531],[-73.986584787647,40.743176371585],[-73.98649154744,40.743136942795]]]]},"properties":{"name":null,"base_bbl":"1008560017","construction_year":"1910","ground_elevation":"34","feature_code":"2100","height_roof":"155","last_status_type":"Constructed","bin":"1087100","last_edited_date":"2017-08-22T19:21:23.000Z","geom_source":"Other (Manual)","doitt_id":"528821"}},{"type":"Feature","geometry":{"type":"MultiPolygon","coordinates":[[[[-73.989377780699,40.744223380755],[-73.989329911158,40.74420321128],[-73.989360834598,40.744160757041],[-73.989396069887,40.744112384158],[-73.9894214521,40.744077536874],[-73.989483194771,40.744103551868],[-73.989403144794,40.7442134514],[-73.989391653909,40.744229226323],[-73.989377780699,40.744223380755]]]]},"properties":{"name":null,"base_bbl":"1008280024","construction_year":"1850","ground_elevation":"44","feature_code":"2100","height_roof":"58.91","last_status_type":"Constructed","bin":"1015644","last_edited_date":"2020-01-28T17:24:51.000Z","geom_source":"Photogrammetric","doitt_id":"532056"}},{"type":"Feature","geometry":{"type":"MultiPolygon","coordinates":[[[[-73.989461393903,40.743578650683],[-73.989478564328,40.743554959013],[-73.989436267893,40.743537225061],[-73.9895102952,40.743435085517],[-73.989502999946,40.74343202673],[-73.989417333434,40.743396111176],[-73.989344362379,40.743496792838],[-73.98922723113,40.743447685403],[-73.989207931579,40.743443684445],[-73.989201404469,40.743442331272],[-73.989242953346,40.743220115244],[-73.989290808161,40.743202114064],[-73.989658136699,40.743356118116],[-73.989682192569,40.74336620325],[-73.989675424636,40.743375542702],[-73.989523339252,40.74358538312],[-73.989512645491,40.743600137854],[-73.989461393903,40.743578650683]]]]},"properties":{"name":null,"base_bbl":"1008270028","construction_year":"1897","ground_elevation":"43","feature_code":"2100","height_roof":"170.73","last_status_type":"Constructed","bin":"1015618","last_edited_date":"2020-01-28T17:20:14.000Z","geom_source":"Photogrammetric","doitt_id":"532718"}},{"type":"Feature","geometry":{"type":"MultiPolygon","coordinates":[[[[-73.987061608003,40.744222819721],[-73.987153318637,40.74409908953],[-73.987162258284,40.744102922184],[-73.98734638494,40.744181869284],[-73.987436155796,40.744220359571],[-73.987344444336,40.744344089985],[-73.987174576192,40.744271257112],[-73.987061608003,40.744222819721]]]]},"properties":{"name":null,"base_bbl":"1008570004","construction_year":"2012","ground_elevation":"38","feature_code":"2100","height_roof":"238","last_status_type":"Constructed","bin":"1016884","last_edited_date":"2017-08-22T17:35:53.000Z","geom_source":"Other (Manual)","doitt_id":"535296"}},{"type":"Feature","geometry":{"type":"MultiPolygon","coordinates":[[[[-73.992886045488,40.741978470648],[-73.993044645912,40.741759515705],[-73.993058503772,40.741740385265],[-73.993089620397,40.741753423778],[-73.99311251006,40.741763015551],[-73.993069252654,40.741822734594],[-73.993026086349,40.741882328456],[-73.992940053094,40.742001101014],[-73.992886045488,40.741978470648]]]]},"properties":{"name":null,"base_bbl":"1008230075","construction_year":"1853","ground_elevation":"35","feature_code":"2100","height_roof":"44.77","last_status_type":"Constructed","bin":"1015553","last_edited_date":"2020-01-28T17:21:47.000Z","geom_source":"Photogrammetric","doitt_id":"537532"}},{"type":"Feature","geometry":{"type":"MultiPolygon","coordinates":[[[[-73.992684349059,40.744147667808],[-73.992568091534,40.744098689001],[-73.99256049061,40.744095486308],[-73.992622946638,40.74400973415],[-73.992740976985,40.743847676515],[-73.99274200583,40.743848109723],[-73.992897877795,40.7439137799],[-73.992890888821,40.743923375271],[-73.99271739064,40.744161589036],[-73.992684349059,40.744147667808]]]]},"properties":{"name":null,"base_bbl":"1008000033","construction_year":"1902","ground_elevation":"33","feature_code":"2100","height_roof":"79.81","last_status_type":"Constructed","bin":"1014982","last_edited_date":"2017-08-22T19:39:24.000Z","geom_source":"Photogrammetric","doitt_id":"538655"}},{"type":"Feature","geometry":{"type":"MultiPolygon","coordinates":[[[[-73.99046479568,40.741764995256],[-73.990630026502,40.741538288111],[-73.990719807621,40.741576141897],[-73.99055457701,40.74180285007],[-73.99046479568,40.741764995256]]]]},"properties":{"name":null,"base_bbl":"1008240050","construction_year":"1854","ground_elevation":"39","feature_code":"2100","height_roof":"62.93","last_status_type":"Constructed","bin":"1015571","last_edited_date":"2020-01-28T17:15:19.000Z","geom_source":"Photogrammetric","doitt_id":"539632"}},{"type":"Feature","geometry":{"type":"MultiPolygon","coordinates":[[[[-73.989879083178,40.741428587828],[-73.98994277645,40.741341196476],[-73.990093385733,40.74140469889],[-73.990259165547,40.741474596891],[-73.990195472563,40.741561987516],[-73.990028319298,40.741491511179],[-73.989879083178,40.741428587828]]]]},"properties":{"name":null,"base_bbl":"1008240042","construction_year":"1873","ground_elevation":"39","feature_code":"2100","height_roof":"104.37","last_status_type":"Constructed","bin":"1015565","last_edited_date":"2020-01-28T17:18:40.000Z","geom_source":"Photogrammetric","doitt_id":"542401"}},{"type":"Feature","geometry":{"type":"MultiPolygon","coordinates":[[[[-73.992793892937,40.744486231078],[-73.992862635841,40.744391846929],[-73.992936131833,40.744290935255],[-73.993010041179,40.744322072987],[-73.992939062827,40.744419526916],[-73.992862723477,40.74452434121],[-73.992788813976,40.744493203385],[-73.992793892937,40.744486231078]]]]},"properties":{"name":null,"base_bbl":"1008000053","construction_year":"1900","ground_elevation":"39","feature_code":"2100","height_roof":"56.09375447","last_status_type":"Constructed","bin":"1078659","last_edited_date":"2017-08-22T18:58:41.000Z","geom_source":"Photogrammetric","doitt_id":"543227"}},{"type":"Feature","geometry":{"type":"MultiPolygon","coordinates":[[[[-73.988149894607,40.739162023217],[-73.988184322894,40.739114651952],[-73.988266837847,40.73900111539],[-73.988348167644,40.739035312315],[-73.98823122454,40.739196219323],[-73.98818796166,40.739178029146],[-73.988149894607,40.739162023217]]]]},"properties":{"name":null,"base_bbl":"1008490049","construction_year":"1848","ground_elevation":"35","feature_code":"2100","height_roof":"60.11","last_status_type":"Constructed","bin":"1016216","last_edited_date":"2020-01-28T17:18:09.000Z","geom_source":"Photogrammetric","doitt_id":"549737"}},{"type":"Feature","geometry":{"type":"MultiPolygon","coordinates":[[[[-73.989779668121,40.739643463686],[-73.989795521112,40.739579725371],[-73.989966384033,40.739653165959],[-73.989979882231,40.739658967302],[-73.99009735169,40.739709458108],[-73.990057621938,40.739762933123],[-73.989779668121,40.739643463686]]]]},"properties":{"name":null,"base_bbl":"1008490068","construction_year":"1874","ground_elevation":"42","feature_code":"2100","height_roof":"33.66","last_status_type":"Constructed","bin":"1016225","last_edited_date":"2020-01-28T17:16:08.000Z","geom_source":"Photogrammetric","doitt_id":"554300"}},{"type":"Feature","geometry":{"type":"MultiPolygon","coordinates":[[[[-73.991935704956,40.741576047921],[-73.991966726163,40.741533506525],[-73.992088749,40.741366164703],[-73.992099800617,40.741351007223],[-73.992178523568,40.741384215197],[-73.992169875773,40.741396075191],[-73.992032289811,40.741584760745],[-73.99201442809,40.741609256007],[-73.991935704956,40.741576047921]]]]},"properties":{"name":null,"base_bbl":"1008230062","construction_year":"1899","ground_elevation":"36","feature_code":"2100","height_roof":"71.62","last_status_type":"Constructed","bin":"1015543","last_edited_date":"2020-01-28T17:18:04.000Z","geom_source":"Photogrammetric","doitt_id":"556804"}},{"type":"Feature","geometry":{"type":"MultiPolygon","coordinates":[[[[-73.988159511244,40.743794764767],[-73.988209360064,40.743726321446],[-73.988298501084,40.743763877173],[-73.988393044377,40.743803708055],[-73.988404981898,40.743787317329],[-73.988622025664,40.743878757535],[-73.988605496747,40.743901453179],[-73.988544513492,40.743875761071],[-73.988499257535,40.743937898744],[-73.988286486469,40.743848258856],[-73.988159511244,40.743794764767]]]]},"properties":{"name":null,"base_bbl":"1008280038","construction_year":"1912","ground_elevation":"41","feature_code":"2100","height_roof":"71.97","last_status_type":"Constructed","bin":"1015651","last_edited_date":"2020-01-28T17:17:10.000Z","geom_source":"Photogrammetric","doitt_id":"557493"}},{"type":"Feature","geometry":{"type":"MultiPolygon","coordinates":[[[[-73.988069764871,40.743917989883],[-73.988262805995,40.743999317384],[-73.988387702743,40.744051935855],[-73.988408093715,40.744023938447],[-73.988469204915,40.74404968467],[-73.988491131863,40.744019577513],[-73.988512654951,40.743990025924],[-73.98865506434,40.744050021902],[-73.988822129052,40.744120404744],[-73.988816324876,40.744149840851],[-73.98880132619,40.744225916018],[-73.988794828763,40.744258866734],[-73.988778666342,40.744340837402],[-73.988770474317,40.744382389593],[-73.988754743929,40.74438759479],[-73.988749748331,40.744389247633],[-73.988730341396,40.744395669952],[-73.988437849482,40.744272445322],[-73.988227993409,40.744184033914],[-73.987958646414,40.744070558414],[-73.987967920615,40.744057824414],[-73.988069764871,40.743917989883]]]]},"properties":{"name":"Victoria Building","base_bbl":"1008280041","construction_year":"1915","ground_elevation":"42","feature_code":"2100","height_roof":"282.04","last_status_type":"Constructed","bin":"1015654","last_edited_date":"2020-01-28T17:24:46.000Z","geom_source":"Photogrammetric","doitt_id":"558022"}},{"type":"Feature","geometry":{"type":"MultiPolygon","coordinates":[[[[-73.986802433797,40.744382337628],[-73.986805341307,40.744378416253],[-73.986868235808,40.744293563273],[-73.986974828986,40.74414975722],[-73.987007657409,40.744163833148],[-73.986994890512,40.744181056604],[-73.987005561028,40.744185631482],[-73.986998160252,40.744195615468],[-73.987061608003,40.744222819721],[-73.987174576192,40.744271257112],[-73.987344444336,40.744344089985],[-73.987270080338,40.744444416267],[-73.987192217649,40.744549462568],[-73.986802433797,40.744382337628]]]]},"properties":{"name":null,"base_bbl":"1008570076","construction_year":"1927","ground_elevation":"39","feature_code":"2100","height_roof":"290.71","last_status_type":"Constructed","bin":"1016896","last_edited_date":"2017-08-22T17:41:53.000Z","geom_source":"Photogrammetric","doitt_id":"558964"}},{"type":"Feature","geometry":{"type":"MultiPolygon","coordinates":[[[[-73.993508343888,40.743978215665],[-73.99356151719,40.743905207348],[-73.993587664477,40.743869305595],[-73.993593369724,40.743861471502],[-73.993615162658,40.743870652479],[-73.993683203932,40.743777229535],[-73.993711285982,40.743789060131],[-73.993721354791,40.743775235197],[-73.993730211029,40.743763075233],[-73.993732221372,40.743763921819],[-73.993889014044,40.743829977923],[-73.99385471409,40.743877074413],[-73.993769808292,40.743993654883],[-73.993717023549,40.744066131116],[-73.993508343888,40.743978215665]]]]},"properties":{"name":null,"base_bbl":"1007990054","construction_year":"1920","ground_elevation":"32","feature_code":"2100","height_roof":"79.53","last_status_type":"Constructed","bin":"1014961","last_edited_date":"2017-08-22T18:36:45.000Z","geom_source":"Photogrammetric","doitt_id":"559700"}},{"type":"Feature","geometry":{"type":"MultiPolygon","coordinates":[[[[-73.992740954337,40.741914105951],[-73.992893952957,40.741702886218],[-73.992897574032,40.741697887726],[-73.993044645912,40.741759515705],[-73.992886045488,40.741978470648],[-73.992738973272,40.741916841567],[-73.992740954337,40.741914105951]]]]},"properties":{"name":null,"base_bbl":"1008230073","construction_year":"1908","ground_elevation":"35","feature_code":"2100","height_roof":"149.83","last_status_type":"Constructed","bin":"1015552","last_edited_date":"2020-01-28T17:21:13.000Z","geom_source":"Photogrammetric","doitt_id":"559702"}},{"type":"Feature","geometry":{"type":"MultiPolygon","coordinates":[[[[-73.98992992607,40.739075293601],[-73.99025776292,40.739212513216],[-73.990212126818,40.739275591701],[-73.989975126789,40.739176393023],[-73.989949160486,40.739165524336],[-73.989948858671,40.739164975],[-73.989920052548,40.739112473794],[-73.98992992607,40.739075293601]]]]},"properties":{"name":null,"base_bbl":"1008480068","construction_year":"1870","ground_elevation":"43","feature_code":"2100","height_roof":"94.37","last_status_type":"Constructed","bin":"1016185","last_edited_date":"2020-01-28T17:25:50.000Z","geom_source":"Photogrammetric","doitt_id":"565246"}},{"type":"Feature","geometry":{"type":"MultiPolygon","coordinates":[[[[-73.987882540228,40.744655835779],[-73.98785542138,40.744644382078],[-73.987615255532,40.744542943229],[-73.987661066951,40.744480203529],[-73.987922891242,40.744590789203],[-73.987963807471,40.74460807061],[-73.987957818454,40.744616272701],[-73.987917996248,40.744670810429],[-73.987882540228,40.744655835779]]]]},"properties":{"name":null,"base_bbl":"1008290039","construction_year":"1922","ground_elevation":"40","feature_code":"2100","height_roof":"62.37","last_status_type":"Constructed","bin":"1015689","last_edited_date":"2017-08-22T18:37:12.000Z","geom_source":"Photogrammetric","doitt_id":"568534"}},{"type":"Feature","geometry":{"type":"MultiPolygon","coordinates":[[[[-73.9933115838,40.740979336079],[-73.993312631736,40.740977893527],[-73.993357348358,40.740916359047],[-73.993517210919,40.740983564908],[-73.99350444865,40.741001126783],[-73.993583473792,40.741034348224],[-73.993550470461,40.741079764367],[-73.993316298069,40.740981317469],[-73.9933115838,40.740979336079]]]]},"properties":{"name":null,"base_bbl":"1008220001","construction_year":"1853","ground_elevation":"36","feature_code":"2100","height_roof":"43.1","last_status_type":"Constructed","bin":"1080659","last_edited_date":"2022-05-26T17:18:59.000Z","geom_source":"Photogrammetric","doitt_id":"568949"}},{"type":"Feature","geometry":{"type":"MultiPolygon","coordinates":[[[[-73.988564254183,40.743248372616],[-73.988560923867,40.743247011619],[-73.988562908708,40.743244203135],[-73.988542909054,40.743236028146],[-73.98855040787,40.743225416416],[-73.988592255291,40.743166196922],[-73.988604068254,40.74317102571],[-73.988614082873,40.743175119504],[-73.988611822101,40.743178319683],[-73.98896740404,40.743323671805],[-73.988951039457,40.74340647996],[-73.988600232975,40.743263079661],[-73.988564254183,40.743248372616]]]]},"properties":{"name":null,"base_bbl":"1008270042","construction_year":"1894","ground_elevation":"42","feature_code":"2100","height_roof":"98.29","last_status_type":"Constructed","bin":"1015622","last_edited_date":"2020-01-28T17:14:37.000Z","geom_source":"Photogrammetric","doitt_id":"569441"}},{"type":"Feature","geometry":{"type":"MultiPolygon","coordinates":[[[[-73.988386404051,40.739261467838],[-73.988527801642,40.739066910244],[-73.988555439228,40.739078531342],[-73.988603490721,40.739098735391],[-73.988604764518,40.739099270418],[-73.988550198166,40.739174350227],[-73.9884633659,40.739293828106],[-73.988386404051,40.739261467838]]]]},"properties":{"name":null,"base_bbl":"1008490052","construction_year":"1904","ground_elevation":"38","feature_code":"2100","height_roof":"95.79","last_status_type":"Constructed","bin":"1016219","last_edited_date":"2017-08-22T19:05:44.000Z","geom_source":"Photogrammetric","doitt_id":"582083"}},{"type":"Feature","geometry":{"type":"MultiPolygon","coordinates":[[[[-73.989808144724,40.739528975688],[-73.989822386543,40.739471715477],[-73.989971119644,40.739535643842],[-73.990033709426,40.739562546532],[-73.989998017695,40.739610586413],[-73.989808144724,40.739528975688]]]]},"properties":{"name":null,"base_bbl":"1008490010","construction_year":"1891","ground_elevation":"42","feature_code":"2100","height_roof":"35.01","last_status_type":"Constructed","bin":"1080763","last_edited_date":"2017-08-22T17:34:33.000Z","geom_source":"Photogrammetric","doitt_id":"585106"}},{"type":"Feature","geometry":{"type":"MultiPolygon","coordinates":[[[[-73.989940792397,40.74490062685],[-73.990098615832,40.744683951566],[-73.990318785707,40.744776715277],[-73.990313881733,40.744783448855],[-73.990160962768,40.74499339086],[-73.989940792397,40.74490062685]]]]},"properties":{"name":null,"base_bbl":"1008280067","construction_year":"1912","ground_elevation":"41","feature_code":"2100","height_roof":"155.98","last_status_type":"Constructed","bin":"1015664","last_edited_date":"2020-01-28T17:19:47.000Z","geom_source":"Photogrammetric","doitt_id":"587981"}},{"type":"Feature","geometry":{"type":"MultiPolygon","coordinates":[[[[-73.992590538773,40.740841821868],[-73.992563868745,40.740878523027],[-73.992477299595,40.74099764732],[-73.99242234941,40.740974545707],[-73.99252083685,40.740839021289],[-73.992535589861,40.740818720309],[-73.992590538773,40.740841821868]]]]},"properties":{"name":null,"base_bbl":"1008220061","construction_year":"1855","ground_elevation":"38","feature_code":"2100","height_roof":"53.62","last_status_type":"Constructed","bin":"1015507","last_edited_date":"2020-01-28T17:14:37.000Z","geom_source":"Photogrammetric","doitt_id":"588734"}},{"type":"Feature","geometry":{"type":"MultiPolygon","coordinates":[[[[-73.987966220021,40.73988997263],[-73.988085719914,40.739728917587],[-73.988091752721,40.73973150717],[-73.988164677978,40.739762810922],[-73.988037818335,40.739933785272],[-73.988014894557,40.739923944846],[-73.987980811965,40.739909314352],[-73.987958860132,40.739899891851],[-73.987966220021,40.73988997263]]]]},"properties":{"name":null,"base_bbl":"1008500057","construction_year":"1925","ground_elevation":"36","feature_code":"2100","height_roof":"57.24","last_status_type":"Constructed","bin":"1016257","last_edited_date":"2017-08-22T17:53:14.000Z","geom_source":"Photogrammetric","doitt_id":"589077"}},{"type":"Feature","geometry":{"type":"MultiPolygon","coordinates":[[[[-73.991746274608,40.740676210706],[-73.991790547239,40.740615289145],[-73.991846444457,40.740538370876],[-73.991884084568,40.74048657635],[-73.992043288742,40.74055350866],[-73.991902831364,40.740746785571],[-73.991897628258,40.74075394604],[-73.991738423751,40.74068701353],[-73.991746274608,40.740676210706]]]]},"properties":{"name":null,"base_bbl":"1008220052","construction_year":"1907","ground_elevation":"40","feature_code":"2100","height_roof":"144.43","last_status_type":"Constructed","bin":"1015504","last_edited_date":"2017-08-22T17:48:09.000Z","geom_source":"Photogrammetric","doitt_id":"591564"}},{"type":"Feature","geometry":{"type":"MultiPolygon","coordinates":[[[[-73.992794162716,40.743524167325],[-73.992639892444,40.743459171587],[-73.992617252082,40.743449632869],[-73.992651758735,40.743402254899],[-73.992660547622,40.743390186865],[-73.99286200705,40.743475063301],[-73.992818711634,40.74353450938],[-73.992794162716,40.743524167325]]]]},"properties":{"name":null,"base_bbl":"1007990040","construction_year":"1920","ground_elevation":"31","feature_code":"2100","height_roof":"61.64924902","last_status_type":"Constructed","bin":"1014955","last_edited_date":"2017-08-22T18:07:11.000Z","geom_source":"Photogrammetric","doitt_id":"596647"}},{"type":"Feature","geometry":{"type":"MultiPolygon","coordinates":[[[[-73.987384170021,40.740072872753],[-73.987434761765,40.740003254651],[-73.987454176638,40.740011417165],[-73.987465598576,40.739995700051],[-73.987446183706,40.739987537539],[-73.987495218055,40.739920064248],[-73.987803111013,40.740049510084],[-73.987754078064,40.740116983505],[-73.987736253018,40.740109489387],[-73.987724831124,40.740125206527],[-73.987742656174,40.740132700647],[-73.98769206347,40.740202317983],[-73.987588333191,40.740158706986],[-73.987585935118,40.740162007987],[-73.987580544347,40.740163814725],[-73.987575978772,40.740165636859],[-73.987571101924,40.740166913253],[-73.987566027469,40.7401676124],[-73.9875608738,40.740167719003],[-73.987555756944,40.740167230376],[-73.987550796476,40.740166158236],[-73.987546107233,40.74016452691],[-73.987541795761,40.740162375132],[-73.987537963869,40.740159750639],[-73.987534699158,40.740156714675],[-73.987532075016,40.740153337488],[-73.987530155363,40.74014969833],[-73.987528981619,40.74014587825],[-73.987528582182,40.740141968204],[-73.987527725847,40.740137535814],[-73.987530123922,40.740134234813],[-73.987516956108,40.740128698868],[-73.987514640929,40.740131883712],[-73.987509737922,40.740133770644],[-73.987505438729,40.740135605412],[-73.987500817607,40.740136907945],[-73.987495985851,40.740137647638],[-73.987491061857,40.740137806493],[-73.987486165203,40.740137380021],[-73.987481415465,40.740136378141],[-73.987476928662,40.740134826079],[-73.987472814894,40.740132761668],[-73.987469173601,40.74013023625],[-73.987466093567,40.740127309265],[-73.987463650548,40.740124053665],[-73.987461903728,40.7401205478],[-73.98746089571,40.740116878122],[-73.987460652526,40.740113133786],[-73.987460144219,40.740108972486],[-73.9874624594,40.740105786743],[-73.987384170021,40.740072872753]]]]},"properties":{"name":null,"base_bbl":"1008510028","construction_year":"1938","ground_elevation":"35","feature_code":"2100","height_roof":"58.28","last_status_type":"Constructed","bin":"1016284","last_edited_date":"2017-08-22T19:35:07.000Z","geom_source":"Photogrammetric","doitt_id":"597212"}},{"type":"Feature","geometry":{"type":"MultiPolygon","coordinates":[[[[-73.987174649491,40.7440134555],[-73.98722788163,40.743941637882],[-73.987405059592,40.744017604343],[-73.987542699074,40.744076618722],[-73.987489465982,40.744148437384],[-73.98742097351,40.744119070699],[-73.987174649491,40.7440134555]]]]},"properties":{"name":null,"base_bbl":"1008570001","construction_year":"1850","ground_elevation":"38","feature_code":"2100","height_roof":"63.19","last_status_type":"Constructed","bin":"1016882","last_edited_date":"2020-01-28T17:15:16.000Z","geom_source":"Photogrammetric","doitt_id":"603693"}},{"type":"Feature","geometry":{"type":"MultiPolygon","coordinates":[[[[-73.989076494578,40.744188024795],[-73.989086887518,40.744131578405],[-73.989360834598,40.744160757041],[-73.989329911158,40.74420321128],[-73.989321931596,40.744214166108],[-73.989076494578,40.744188024795]]]]},"properties":{"name":null,"base_bbl":"1008280028","construction_year":"1854","ground_elevation":"44","feature_code":"2100","height_roof":"62.79","last_status_type":"Constructed","bin":"1015647","last_edited_date":"2020-01-28T17:17:10.000Z","geom_source":"Photogrammetric","doitt_id":"606309"}},{"type":"Feature","geometry":{"type":"MultiPolygon","coordinates":[[[[-73.988594204108,40.739832065454],[-73.988645415863,40.739763043916],[-73.988691833899,40.739700483024],[-73.988751335967,40.739620287853],[-73.988886328774,40.739678233304],[-73.988881422684,40.739684844356],[-73.988818465245,40.739769696683],[-73.988792365173,40.739758492734],[-73.988766469259,40.739793393881],[-73.988792569341,40.739804597835],[-73.988729196024,40.739890011087],[-73.988678615314,40.739868299395],[-73.988663185233,40.739889096898],[-73.988632439757,40.739875899633],[-73.988642748194,40.73986200582],[-73.988635825107,40.739859034363],[-73.988640947943,40.739852130678],[-73.988594204108,40.739832065454]]]]},"properties":{"name":null,"base_bbl":"1008500020","construction_year":"1904","ground_elevation":"39","feature_code":"2100","height_roof":"143","last_status_type":"Constructed","bin":"1016267","last_edited_date":"2017-08-22T17:49:27.000Z","geom_source":"Other (Manual)","doitt_id":"606465"}},{"type":"Feature","geometry":{"type":"MultiPolygon","coordinates":[[[[-73.988427346516,40.739068604857],[-73.988310403545,40.739229511945],[-73.98823122454,40.739196219323],[-73.988348167644,40.739035312315],[-73.988393910586,40.739054546371],[-73.988427346516,40.739068604857]]]]},"properties":{"name":null,"base_bbl":"1008490050","construction_year":"1847","ground_elevation":"37","feature_code":"2100","height_roof":"59.64","last_status_type":"Constructed","bin":"1016217","last_edited_date":"2020-01-28T17:20:45.000Z","geom_source":"Photogrammetric","doitt_id":"607636"}},{"type":"Feature","geometry":{"type":"MultiPolygon","coordinates":[[[[-73.993670388964,40.744556489679],[-73.993707556252,40.74450545729],[-73.993810673952,40.74436387438],[-73.993811390366,40.744362890164],[-73.993835280699,40.74433008688],[-73.993847196845,40.744313726208],[-73.993920966934,40.744344804815],[-73.993869250186,40.744415814245],[-73.993720336266,40.744620280714],[-73.993646564781,40.744589201079],[-73.993670388964,40.744556489679]]]]},"properties":{"name":null,"base_bbl":"1008000019","construction_year":"1920","ground_elevation":"37","feature_code":"2100","height_roof":"48.37","last_status_type":"Constructed","bin":"1080589","last_edited_date":"2017-08-22T18:46:14.000Z","geom_source":"Photogrammetric","doitt_id":"611499"}},{"type":"Feature","geometry":{"type":"MultiPolygon","coordinates":[[[[-73.992433187407,40.741452774314],[-73.992574432253,40.741257780459],[-73.992589641238,40.74123678341],[-73.992641159594,40.741258370971],[-73.992666402607,40.741268949038],[-73.992509948949,40.741484940045],[-73.992433187407,40.741452774314]]]]},"properties":{"name":null,"base_bbl":"1008230015","construction_year":"1910","ground_elevation":"38","feature_code":"2100","height_roof":"58","last_status_type":"Constructed","bin":"1015525","last_edited_date":"2020-01-28T17:25:16.000Z","geom_source":"Other (Manual)","doitt_id":"613009"}},{"type":"Feature","geometry":{"type":"MultiPolygon","coordinates":[[[[-73.990439313496,40.744033419958],[-73.99040724448,40.744077337716],[-73.990393032492,40.744096799187],[-73.990368533385,40.74409524827],[-73.990328301351,40.744150344215],[-73.990345070969,40.744162480853],[-73.990297400673,40.744227763598],[-73.990214441579,40.74419272146],[-73.99026211193,40.744127438749],[-73.990279593361,40.744129769837],[-73.990319825423,40.744074673908],[-73.990310073511,40.744061757118],[-73.990356354569,40.743998377921],[-73.990393764274,40.744014180441],[-73.990439313496,40.744033419958]]]]},"properties":{"name":null,"base_bbl":"1008270063","construction_year":"1925","ground_elevation":"42","feature_code":"2100","height_roof":"78.33","last_status_type":"Constructed","bin":"1015628","last_edited_date":"2017-08-22T17:49:39.000Z","geom_source":"Photogrammetric","doitt_id":"619083"}},{"type":"Feature","geometry":{"type":"MultiPolygon","coordinates":[[[[-73.993720336266,40.744620280714],[-73.993869250186,40.744415814245],[-73.993920966934,40.744344804815],[-73.993969640691,40.744365311013],[-73.993930366331,40.744440382407],[-73.993921189866,40.744457921996],[-73.9938136322,40.744663515492],[-73.993718145565,40.744623287387],[-73.993720336266,40.744620280714]]]]},"properties":{"name":null,"base_bbl":"1008000019","construction_year":"1920","ground_elevation":"37","feature_code":"2100","height_roof":"33.34","last_status_type":"Constructed","bin":"1080590","last_edited_date":"2017-08-22T17:59:59.000Z","geom_source":"Photogrammetric","doitt_id":"619454"}},{"type":"Feature","geometry":{"type":"MultiPolygon","coordinates":[[[[-73.991041951409,40.741883079164],[-73.991318077939,40.741504208292],[-73.991575548189,40.741612761942],[-73.991870053948,40.741736929728],[-73.991812937278,40.741815300427],[-73.991724208065,40.741937045361],[-73.991524096624,40.742211617058],[-73.991312545244,40.742122424077],[-73.991172190468,40.742063248285],[-73.991031841861,40.742004075025],[-73.990972119075,40.741978894881],[-73.991041951409,40.741883079164]]]]},"properties":{"name":null,"base_bbl":"1008240028","construction_year":"1911","ground_elevation":"38","feature_code":"2100","height_roof":"86","last_status_type":"Constructed","bin":"1080673","last_edited_date":"2017-08-22T18:50:22.000Z","geom_source":"Photogrammetric","doitt_id":"623672"}},{"type":"Feature","geometry":{"type":"MultiPolygon","coordinates":[[[[-73.993241390878,40.740924236695],[-73.993247338657,40.740916052333],[-73.993336307688,40.740793621836],[-73.993361538793,40.740804228568],[-73.993364796262,40.740799747831],[-73.993424524822,40.740824857399],[-73.99342126854,40.740829339038],[-73.993449066352,40.740841025605],[-73.993410509576,40.7408940849],[-73.993382310409,40.740882229906],[-73.993357496295,40.740916375715],[-73.993312779673,40.740977910195],[-73.993311731737,40.740979352747],[-73.993249898117,40.740953358699],[-73.993264118082,40.740933790607],[-73.993241390878,40.740924236695]]]]},"properties":{"name":null,"base_bbl":"1008220008","construction_year":"1853","ground_elevation":"34","feature_code":"2100","height_roof":"41.22","last_status_type":"Constructed","bin":"1015488","last_edited_date":"2020-01-28T17:15:47.000Z","geom_source":"Photogrammetric","doitt_id":"627378"}},{"type":"Feature","geometry":{"type":"MultiPolygon","coordinates":[[[[-73.992387589427,40.74174643392],[-73.992391199885,40.741741449851],[-73.99253638983,40.741541010944],[-73.99254733955,40.741525893937],[-73.992621567685,40.741556998633],[-73.992611898028,40.741570348933],[-73.992493025825,40.741734455087],[-73.992461817734,40.741777538717],[-73.992387589427,40.74174643392]]]]},"properties":{"name":null,"base_bbl":"1008230068","construction_year":"1850","ground_elevation":"35","feature_code":"2100","height_roof":"55.52","last_status_type":"Constructed","bin":"1015547","last_edited_date":"2020-01-28T17:25:49.000Z","geom_source":"Photogrammetric","doitt_id":"627754"}},{"type":"Feature","geometry":{"type":"MultiPolygon","coordinates":[[[[-73.992997562746,40.742025199394],[-73.99308359593,40.741906426793],[-73.993269720971,40.741984419036],[-73.993265694937,40.741989976731],[-73.993183688019,40.742103191774],[-73.993118423601,40.742075843995],[-73.992997562746,40.742025199394]]]]},"properties":{"name":null,"base_bbl":"1008230079","construction_year":"1862","ground_elevation":"35","feature_code":"2100","height_roof":"33.06","last_status_type":"Constructed","bin":"1015555","last_edited_date":"2020-01-28T17:18:03.000Z","geom_source":"Photogrammetric","doitt_id":"628093"}},{"type":"Feature","geometry":{"type":"MultiPolygon","coordinates":[[[[-73.99203986149,40.740491974954],[-73.992118236608,40.740384125675],[-73.992180539365,40.740298392612],[-73.992298021217,40.740347783451],[-73.992200682652,40.740481729175],[-73.992140158313,40.740565013888],[-73.992108581906,40.740551739152],[-73.992022676194,40.74051562289],[-73.99203986149,40.740491974954]]]]},"properties":{"name":null,"base_bbl":"1008220023","construction_year":"1852","ground_elevation":"38","feature_code":"2100","height_roof":"74.73","last_status_type":"Constructed","bin":"1015493","last_edited_date":"2020-01-28T17:23:25.000Z","geom_source":"Photogrammetric","doitt_id":"628210"}},{"type":"Feature","geometry":{"type":"MultiPolygon","coordinates":[[[[-73.993021012414,40.744591028036],[-73.99306306495,40.744533287375],[-73.993077685446,40.74452976277],[-73.993106934594,40.744489602818],[-73.993138948753,40.744445646487],[-73.993134322707,40.744435449772],[-73.993173350672,40.744381863828],[-73.993254759402,40.744416161725],[-73.993236845265,40.74444075802],[-73.993214653885,40.744471227166],[-73.993201634386,40.744472791479],[-73.993179386139,40.744503338959],[-73.993142809351,40.744553558055],[-73.993148251329,40.744562398655],[-73.993102421321,40.744625325139],[-73.993021012414,40.744591028036]]]]},"properties":{"name":null,"base_bbl":"1008000056","construction_year":"1901","ground_elevation":"38","feature_code":"2100","height_roof":"57.093754","last_status_type":"Constructed","bin":"1014988","last_edited_date":"2017-08-22T18:14:23.000Z","geom_source":"Photogrammetric","doitt_id":"632385"}},{"type":"Feature","geometry":{"type":"MultiPolygon","coordinates":[[[[-73.991503249124,40.74058814143],[-73.99162284161,40.740423576164],[-73.991648910432,40.740387704545],[-73.991805797293,40.740453662667],[-73.991734978765,40.740551112316],[-73.991660136312,40.740654099749],[-73.991503249124,40.74058814143]]]]},"properties":{"name":null,"base_bbl":"1008220049","construction_year":"1907","ground_elevation":"40","feature_code":"2100","height_roof":"150.68","last_status_type":"Constructed","bin":"1015502","last_edited_date":"2017-08-22T17:41:53.000Z","geom_source":"Photogrammetric","doitt_id":"632670"}},{"type":"Feature","geometry":{"type":"MultiPolygon","coordinates":[[[[-73.993615315326,40.741165113557],[-73.993647649637,40.741120617677],[-73.993658285245,40.741105981418],[-73.993815450451,40.741172052977],[-73.993789195401,40.741208182618],[-73.993825171837,40.74122330677],[-73.993808455891,40.741246308431],[-73.993615315326,40.741165113557]]]]},"properties":{"name":null,"base_bbl":"1008220001","construction_year":"1853","ground_elevation":"35","feature_code":"2100","height_roof":"39.6","last_status_type":"Constructed","bin":"1080657","last_edited_date":"2022-05-26T17:18:59.000Z","geom_source":"Photogrammetric","doitt_id":"638341"}},{"type":"Feature","geometry":{"type":"MultiPolygon","coordinates":[[[[-73.986939420429,40.740016857549],[-73.98680508305,40.739960377721],[-73.986753857639,40.739938840709],[-73.986823963966,40.739842371083],[-73.986930528179,40.739695732882],[-73.986949422746,40.739669734672],[-73.987266968794,40.739803240726],[-73.98725535618,40.739819220747],[-73.987104527883,40.740026768225],[-73.986972543797,40.739971278514],[-73.986939420429,40.740016857549]]]]},"properties":{"name":null,"base_bbl":"1008510035","construction_year":"1911","ground_elevation":"33","feature_code":"2100","height_roof":"207.29","last_status_type":"Constructed","bin":"1016286","last_edited_date":"2017-08-22T18:39:03.000Z","geom_source":"Photogrammetric","doitt_id":"639224"}},{"type":"Feature","geometry":{"type":"MultiPolygon","coordinates":[[[[-73.993399638498,40.74138540105],[-73.99346284165,40.741298426459],[-73.993468100283,40.741291191181],[-73.993703949213,40.741390341154],[-73.99363548766,40.741484551162],[-73.993485892961,40.741421662182],[-73.993399638498,40.74138540105]]]]},"properties":{"name":null,"base_bbl":"1008220076","construction_year":"1852","ground_elevation":"36","feature_code":"2100","height_roof":"28.16","last_status_type":"Constructed","bin":"1015514","last_edited_date":"2020-01-28T17:15:43.000Z","geom_source":"Photogrammetric","doitt_id":"639238"}},{"type":"Feature","geometry":{"type":"MultiPolygon","coordinates":[[[[-73.991653891325,40.739564535755],[-73.991702268535,40.739498884149],[-73.991749058935,40.739435383721],[-73.991433769422,40.739300974371],[-73.991483185132,40.739233910936],[-73.991484205842,40.739232525131],[-73.991547348836,40.739259443249],[-73.991579988777,40.73927335758],[-73.991788781255,40.739362367108],[-73.992016814337,40.739459577611],[-73.991866737375,40.7396632511],[-73.991649417716,40.739570607553],[-73.991653891325,40.739564535755]]]]},"properties":{"name":null,"base_bbl":"1008210038","construction_year":"1899","ground_elevation":"39","feature_code":"2100","height_roof":"134.29","last_status_type":"Constructed","bin":"1015475","last_edited_date":"2020-01-28T17:16:43.000Z","geom_source":"Photogrammetric","doitt_id":"640216"}},{"type":"Feature","geometry":{"type":"MultiPolygon","coordinates":[[[[-73.987713694075,40.739783901314],[-73.987827064905,40.739631107139],[-73.987870202171,40.739572971324],[-73.987949902201,40.739607183665],[-73.987793395461,40.739818113763],[-73.987789507678,40.739823353403],[-73.987786621742,40.739827242389],[-73.987706920348,40.739793029936],[-73.987709679576,40.739789311135],[-73.987713694075,40.739783901314]]]]},"properties":{"name":null,"base_bbl":"1008500054","construction_year":null,"ground_elevation":"35","feature_code":"2100","height_roof":"120.92","last_status_type":"Constructed","bin":"1016254","last_edited_date":"2019-01-22T17:36:52.000Z","geom_source":"Photogrammetric","doitt_id":"640475"}},{"type":"Feature","geometry":{"type":"MultiPolygon","coordinates":[[[[-73.993259384702,40.744691454143],[-73.993347066796,40.744571065077],[-73.993393809529,40.744506885942],[-73.993554598297,40.74457462487],[-73.993493073695,40.74465909976],[-73.993420173779,40.744759193257],[-73.993259384702,40.744691454143]]]]},"properties":{"name":null,"base_bbl":"1008000059","construction_year":"1920","ground_elevation":"38","feature_code":"2100","height_roof":"77.23","last_status_type":"Constructed","bin":"1014990","last_edited_date":"2017-08-22T19:39:40.000Z","geom_source":"Photogrammetric","doitt_id":"641061"}},{"type":"Feature","geometry":{"type":"MultiPolygon","coordinates":[[[[-73.992956742075,40.740434093311],[-73.993065179795,40.740286927266],[-73.99310416151,40.740234023896],[-73.993260460966,40.740300649981],[-73.993257176286,40.740305109101],[-73.99311304067,40.740500720494],[-73.993097509295,40.740494099935],[-73.992956742075,40.740434093311]]]]},"properties":{"name":null,"base_bbl":"1008210064","construction_year":"1907","ground_elevation":"36","feature_code":"2100","height_roof":"142.89","last_status_type":"Constructed","bin":"1015484","last_edited_date":"2020-01-28T17:23:01.000Z","geom_source":"Photogrammetric","doitt_id":"645461"}},{"type":"Feature","geometry":{"type":"MultiPolygon","coordinates":[[[[-73.993522103131,40.743052369194],[-73.993692150909,40.742818882553],[-73.993758401306,40.742846796477],[-73.993875057691,40.742895948811],[-73.993929605055,40.742918930836],[-73.993908185366,40.742948341167],[-73.993861735518,40.743012120715],[-73.993850016174,40.743028212151],[-73.993759562591,40.743152410621],[-73.993522103131,40.743052369194]]]]},"properties":{"name":null,"base_bbl":"1007980054","construction_year":"1987","ground_elevation":"32","feature_code":"2100","height_roof":"148.68","last_status_type":"Constructed","bin":"1075632","last_edited_date":"2017-08-22T19:02:11.000Z","geom_source":"Photogrammetric","doitt_id":"648014"}},{"type":"Feature","geometry":{"type":"MultiPolygon","coordinates":[[[[-73.993066906732,40.739369035626],[-73.993196344559,40.739192397988],[-73.993359067715,40.739261383657],[-73.993246097203,40.739415551179],[-73.993282901242,40.739431154623],[-73.993255661463,40.739468326882],[-73.99321885741,40.73945272433],[-73.993143450212,40.739555628962],[-73.993106528934,40.739539975939],[-73.99314844437,40.739482774601],[-73.993023686239,40.739429883911],[-73.993022642071,40.739429441699],[-73.993024437146,40.739426992427],[-73.993066906732,40.739369035626]]]]},"properties":{"name":null,"base_bbl":"1008200001","construction_year":"1900","ground_elevation":"37","feature_code":"2100","height_roof":"100.38","last_status_type":"Constructed","bin":"1080646","last_edited_date":"2019-01-22T17:36:27.000Z","geom_source":"Photogrammetric","doitt_id":"650806"}},{"type":"Feature","geometry":{"type":"MultiPolygon","coordinates":[[[[-73.993069252654,40.741822734594],[-73.99311251006,40.741763015551],[-73.993356144378,40.74186510595],[-73.993312888309,40.741924825985],[-73.993069252654,40.741822734594]]]]},"properties":{"name":null,"base_bbl":"1008230083","construction_year":"1847","ground_elevation":"33","feature_code":"2100","height_roof":"33.56","last_status_type":"Constructed","bin":"1015557","last_edited_date":"2020-01-28T17:19:27.000Z","geom_source":"Photogrammetric","doitt_id":"650961"}},{"type":"Feature","geometry":{"type":"MultiPolygon","coordinates":[[[[-73.989067676564,40.744235912014],[-73.989074721733,40.744197652846],[-73.989076494578,40.744188024795],[-73.989321931596,40.744214166108],[-73.989329911158,40.74420321128],[-73.989377780699,40.744223380755],[-73.989369553042,40.744268065849],[-73.989074612331,40.744236651088],[-73.989067676564,40.744235912014]]]]},"properties":{"name":null,"base_bbl":"1008280029","construction_year":"1850","ground_elevation":"44","feature_code":"2100","height_roof":"51.35","last_status_type":"Constructed","bin":"1015648","last_edited_date":"2020-01-28T17:19:56.000Z","geom_source":"Photogrammetric","doitt_id":"653237"}},{"type":"Feature","geometry":{"type":"MultiPolygon","coordinates":[[[[-73.990192573858,40.743382803652],[-73.990299755618,40.74323565007],[-73.990346229164,40.743171844947],[-73.990503342662,40.74323804257],[-73.990420462752,40.743351831878],[-73.990345017121,40.743455413601],[-73.990187903267,40.743389215764],[-73.990192573858,40.743382803652]]]]},"properties":{"name":null,"base_bbl":"1008260057","construction_year":"1911","ground_elevation":"40","feature_code":"2100","height_roof":"153.12","last_status_type":"Constructed","bin":"1080686","last_edited_date":"2017-08-22T19:05:30.000Z","geom_source":"Photogrammetric","doitt_id":"653292"}},{"type":"Feature","geometry":{"type":"MultiPolygon","coordinates":[[[[-73.989017001886,40.739526610283],[-73.989097988334,40.73941517567],[-73.989103781359,40.739407204926],[-73.989158793714,40.739331508052],[-73.98923903406,40.739365245886],[-73.989097241211,40.739560348214],[-73.989088955528,40.739556864267],[-73.989017001886,40.739526610283]]]]},"properties":{"name":null,"base_bbl":"1008490060","construction_year":"1902","ground_elevation":"40","feature_code":"2100","height_roof":"85.79","last_status_type":"Constructed","bin":"1016223","last_edited_date":"2020-01-28T17:24:01.000Z","geom_source":"Photogrammetric","doitt_id":"654280"}},{"type":"Feature","geometry":{"type":"MultiPolygon","coordinates":[[[[-73.993468100283,40.741291191181],[-73.99350431626,40.741241354654],[-73.993740165068,40.741340504554],[-73.993703949213,40.741390341154],[-73.993468100283,40.741291191181]]]]},"properties":{"name":null,"base_bbl":"1008220078","construction_year":"1851","ground_elevation":"36","feature_code":"2100","height_roof":"44.88","last_status_type":"Constructed","bin":"1015515","last_edited_date":"2020-01-28T17:26:16.000Z","geom_source":"Photogrammetric","doitt_id":"656462"}},{"type":"Feature","geometry":{"type":"MultiPolygon","coordinates":[[[[-73.990524077254,40.739411511571],[-73.990445772951,40.739378737436],[-73.990445916233,40.739378539337],[-73.990581240627,40.739191491656],[-73.990659543592,40.7392242666],[-73.990647318497,40.739241165432],[-73.990637667725,40.739254505667],[-73.990730781887,40.739293479058],[-73.99074043383,40.739280137915],[-73.990964298193,40.739373832787],[-73.990887050816,40.739480607981],[-73.990570073134,40.739347935914],[-73.990524077254,40.739411511571]]]]},"properties":{"name":null,"base_bbl":"1008480074","construction_year":"1905","ground_elevation":"43","feature_code":"2100","height_roof":"130.85","last_status_type":"Constructed","bin":"1016187","last_edited_date":"2017-08-22T18:25:13.000Z","geom_source":"Photogrammetric","doitt_id":"659850"}},{"type":"Feature","geometry":{"type":"MultiPolygon","coordinates":[[[[-73.986753857639,40.739938840709],[-73.98680508305,40.739960377721],[-73.986939420429,40.740016857549],[-73.986908275896,40.740059711863],[-73.987094611063,40.740138052722],[-73.987151992423,40.740059093641],[-73.98717776446,40.740069928716],[-73.987265298294,40.740106731359],[-73.987271911193,40.740109511056],[-73.987287193812,40.740088481393],[-73.987351885632,40.740115680236],[-73.98731313731,40.740169000422],[-73.987160682429,40.740378784644],[-73.987141874793,40.740370877893],[-73.986688435377,40.740180237596],[-73.986604939808,40.740145133342],[-73.986604172687,40.740144810871],[-73.986753857639,40.739938840709]]]]},"properties":{"name":null,"base_bbl":"1008510041","construction_year":"1930","ground_elevation":"33","feature_code":"2100","height_roof":"192.83","last_status_type":"Constructed","bin":"1016287","last_edited_date":"2017-08-22T19:39:58.000Z","geom_source":"Photogrammetric","doitt_id":"660915"}},{"type":"Feature","geometry":{"type":"MultiPolygon","coordinates":[[[[-73.987923256332,40.740368097949],[-73.987974073924,40.740298170762],[-73.988019486609,40.74023567848],[-73.988072479415,40.740162757287],[-73.988177329932,40.740206838028],[-73.988030059864,40.740409491914],[-73.988022838445,40.740419430063],[-73.988021082235,40.740421845942],[-73.987961588106,40.74039683355],[-73.987968614134,40.740387167337],[-73.987923256332,40.740368097949]]]]},"properties":{"name":null,"base_bbl":"1008510022","construction_year":"1904","ground_elevation":"37","feature_code":"2100","height_roof":"85.73","last_status_type":"Constructed","bin":"1016282","last_edited_date":"2017-08-22T17:53:36.000Z","geom_source":"Photogrammetric","doitt_id":"662458"}},{"type":"Feature","geometry":{"type":"MultiPolygon","coordinates":[[[[-73.987103164111,40.743972043111],[-73.987146187586,40.743913999442],[-73.987147144505,40.743912707321],[-73.987150343313,40.743908391548],[-73.98722788163,40.743941637882],[-73.987174649491,40.7440134555],[-73.987140240633,40.744059877298],[-73.987068928616,40.744156085777],[-73.986991390128,40.744122839337],[-73.987103164111,40.743972043111]]]]},"properties":{"name":null,"base_bbl":"1008570006","construction_year":"1891","ground_elevation":"37","feature_code":"2100","height_roof":"62.94","last_status_type":"Constructed","bin":"1016885","last_edited_date":"2020-01-28T17:19:29.000Z","geom_source":"Photogrammetric","doitt_id":"662577"}},{"type":"Feature","geometry":{"type":"MultiPolygon","coordinates":[[[[-73.992943123491,40.744558213325],[-73.992985842766,40.744499559619],[-73.992997968388,40.744497632371],[-73.993030241957,40.744453320385],[-73.993059126374,40.744413661105],[-73.993055008163,40.744404593653],[-73.993090439839,40.7443559459],[-73.993095461918,40.744349049219],[-73.993173350672,40.744381863828],[-73.993134322707,40.744435449772],[-73.993122556902,40.744438695398],[-73.993090823386,40.744482266325],[-73.993061041351,40.744523157451],[-73.99306306495,40.744533287375],[-73.993021012414,40.744591028036],[-73.992943123491,40.744558213325]]]]},"properties":{"name":null,"base_bbl":"1008000055","construction_year":"1901","ground_elevation":"36","feature_code":"2100","height_roof":"59.09375447","last_status_type":"Constructed","bin":"1014987","last_edited_date":"2017-08-22T18:36:58.000Z","geom_source":"Photogrammetric","doitt_id":"662787"}},{"type":"Feature","geometry":{"type":"MultiPolygon","coordinates":[[[[-73.986965434408,40.743638902173],[-73.987088509851,40.743470540138],[-73.987100016099,40.743475405966],[-73.987134526565,40.74348999984],[-73.987221199567,40.743371433427],[-73.98717518291,40.74335197376],[-73.987206491012,40.743309144625],[-73.987299892802,40.743181373014],[-73.987485422557,40.74325982658],[-73.987391390968,40.743388459156],[-73.987357410882,40.743374090544],[-73.987270578239,40.743492874964],[-73.987304559551,40.743507243602],[-73.987213988981,40.743631141544],[-73.987150965043,40.743717356273],[-73.986965434408,40.743638902173]]]]},"properties":{"name":null,"base_bbl":"1008560009","construction_year":"1913","ground_elevation":"38","feature_code":"2100","height_roof":"277.27","last_status_type":"Constructed","bin":"1016876","last_edited_date":"2017-08-22T19:27:07.000Z","geom_source":"Photogrammetric","doitt_id":"664502"}},{"type":"Feature","geometry":{"type":"MultiPolygon","coordinates":[[[[-73.990108971809,40.743347578576],[-73.990165133776,40.743270406331],[-73.990212386701,40.743205477496],[-73.99022684488,40.743185609937],[-73.990259808878,40.743140315424],[-73.990292238749,40.74309575567],[-73.990295119201,40.743096969796],[-73.990375956602,40.743131030152],[-73.990346229164,40.743171844947],[-73.990299755618,40.74323565007],[-73.990192573858,40.743382803652],[-73.990108971809,40.743347578576]]]]},"properties":{"name":null,"base_bbl":"1008260056","construction_year":"1925","ground_elevation":"40","feature_code":"2100","height_roof":"64.04","last_status_type":"Constructed","bin":"1015606","last_edited_date":"2017-08-22T18:39:40.000Z","geom_source":"Photogrammetric","doitt_id":"668399"}},{"type":"Feature","geometry":{"type":"MultiPolygon","coordinates":[[[[-73.987715080587,40.74060522095],[-73.987852975299,40.740415468954],[-73.987868108593,40.740394644515],[-73.987884479397,40.740372117344],[-73.987966726968,40.740406695543],[-73.98786375805,40.74054838678],[-73.987797328358,40.740639798368],[-73.987715080587,40.74060522095]]]]},"properties":{"name":null,"base_bbl":"1008510055","construction_year":"1942","ground_elevation":"36","feature_code":"2100","height_roof":"13.17","last_status_type":"Constructed","bin":"1016295","last_edited_date":"2017-08-22T19:15:04.000Z","geom_source":"Photogrammetric","doitt_id":"669181"}},{"type":"Feature","geometry":{"type":"MultiPolygon","coordinates":[[[[-73.986556065767,40.744295371503],[-73.986627324195,40.744199237179],[-73.986738410809,40.744246867925],[-73.986789644475,40.744177748201],[-73.986719893796,40.74414784065],[-73.986769390012,40.744081064753],[-73.986780671388,40.74408590177],[-73.986951428923,40.744159117142],[-73.986901744525,40.744226146137],[-73.986885240923,40.744219069878],[-73.986839239645,40.744281131168],[-73.986868235808,40.744293563273],[-73.986805341307,40.744378416253],[-73.986802433797,40.744382337628],[-73.986798311173,40.744387899586],[-73.986791932415,40.744396504099],[-73.986776477721,40.744389878197],[-73.986556065767,40.744295371503]]]]},"properties":{"name":"Latham Hotel","base_bbl":"1008570075","construction_year":"1904","ground_elevation":"37","feature_code":"2100","height_roof":"152.51","last_status_type":"Constructed","bin":"1016895","last_edited_date":"2017-08-22T18:18:12.000Z","geom_source":"Photogrammetric","doitt_id":"671400"}},{"type":"Feature","geometry":{"type":"MultiPolygon","coordinates":[[[[-73.990106357265,40.744633592287],[-73.990263673857,40.744417610115],[-73.990340325269,40.744449905142],[-73.990182639364,40.74466639347],[-73.990174967792,40.744676926045],[-73.990098317383,40.744644630909],[-73.990106357265,40.744633592287]]]]},"properties":{"name":null,"base_bbl":"1008280013","construction_year":"1850","ground_elevation":"40","feature_code":"2100","height_roof":"60.54","last_status_type":"Constructed","bin":"1015635","last_edited_date":"2020-01-28T17:20:51.000Z","geom_source":"Photogrammetric","doitt_id":"676475"}},{"type":"Feature","geometry":{"type":"MultiPolygon","coordinates":[[[[-73.992725371551,40.739761630426],[-73.992620934916,40.739904327199],[-73.992543643616,40.740009221433],[-73.992623288584,40.740043172988],[-73.992485458258,40.740230226485],[-73.992248650553,40.740129278323],[-73.992385738898,40.739943233627],[-73.992465200207,40.739977107836],[-73.992535774165,40.739881329057],[-73.992648211805,40.739728737194],[-73.992723547211,40.739760852272],[-73.992725371551,40.739761630426]]]]},"properties":{"name":null,"base_bbl":"1008210055","construction_year":"1902","ground_elevation":"37","feature_code":"2100","height_roof":"150.04","last_status_type":"Constructed","bin":"1015480","last_edited_date":"2020-01-28T17:14:36.000Z","geom_source":"Photogrammetric","doitt_id":"677357"}},{"type":"Feature","geometry":{"type":"MultiPolygon","coordinates":[[[[-73.993537082881,40.741196264496],[-73.993572755252,40.741147175337],[-73.993615463264,40.741165130224],[-73.993808603828,40.741246325098],[-73.993772931578,40.741295414329],[-73.993537082881,40.741196264496]]]]},"properties":{"name":null,"base_bbl":"1008220080","construction_year":"1850","ground_elevation":"36","feature_code":"2100","height_roof":"44.75","last_status_type":"Constructed","bin":"1015517","last_edited_date":"2020-01-28T17:18:30.000Z","geom_source":"Photogrammetric","doitt_id":"681861"}},{"type":"Feature","geometry":{"type":"MultiPolygon","coordinates":[[[[-73.989988345156,40.744094298241],[-73.990109051686,40.743926213743],[-73.99013806678,40.743885810484],[-73.99029029938,40.743949048907],[-73.99014057809,40.74415753686],[-73.989988345156,40.744094298241]]]]},"properties":{"name":null,"base_bbl":"1008270060","construction_year":"1910","ground_elevation":"41","feature_code":"2100","height_roof":"156.55","last_status_type":"Constructed","bin":"1015627","last_edited_date":"2017-08-22T17:49:37.000Z","geom_source":"Photogrammetric","doitt_id":"681877"}},{"type":"Feature","geometry":{"type":"MultiPolygon","coordinates":[[[[-73.986636421044,40.742391836907],[-73.986491072705,40.74233076467],[-73.986549070143,40.742250916284],[-73.986545958941,40.742249609285],[-73.986445538676,40.742207414155],[-73.986387541151,40.742287262489],[-73.986264299569,40.742235478605],[-73.986232582659,40.742222151815],[-73.986286998986,40.742147233409],[-73.986397237032,40.741995463294],[-73.986781320455,40.742156847376],[-73.986858610436,40.742189323104],[-73.986850736105,40.742200166113],[-73.986866129946,40.742206634411],[-73.986810904167,40.742282667825],[-73.98679550913,40.74227619952],[-73.986693957154,40.742416013179],[-73.986636421044,40.742391836907]]]]},"properties":{"name":"New York State Supreme Court","base_bbl":"1008550001","construction_year":"1899","ground_elevation":"36","feature_code":"2100","height_roof":"75.44","last_status_type":"Constructed","bin":"1016743","last_edited_date":"2020-01-28T17:21:44.000Z","geom_source":"Photogrammetric","doitt_id":"690384"}},{"type":"Feature","geometry":{"type":"MultiPolygon","coordinates":[[[[-73.988698460331,40.743037448392],[-73.988747993372,40.742967350568],[-73.988750431769,40.742963900063],[-73.989016970347,40.743072853817],[-73.989015274654,40.743081433686],[-73.988999637764,40.743160560648],[-73.988698460331,40.743037448392]]]]},"properties":{"name":null,"base_bbl":"1008270039","construction_year":"1930","ground_elevation":"40","feature_code":"2100","height_roof":"79.58","last_status_type":"Constructed","bin":"1015619","last_edited_date":"2017-08-22T19:07:05.000Z","geom_source":"Photogrammetric","doitt_id":"691718"}},{"type":"Feature","geometry":{"type":"MultiPolygon","coordinates":[[[[-73.989949308302,40.743280304988],[-73.990011168892,40.743195373646],[-73.99005249918,40.743212788525],[-73.990093016294,40.743157161394],[-73.990056730665,40.743141873062],[-73.990090211074,40.743095906864],[-73.990105036372,40.743075553077],[-73.990144813322,40.743092312221],[-73.990150868252,40.743083999258],[-73.99022711673,40.743116125937],[-73.990221311677,40.743124094931],[-73.990259808878,40.743140315424],[-73.99022684488,40.743185609937],[-73.990212386701,40.743205477496],[-73.99017015542,40.743187683484],[-73.990122871684,40.743252599692],[-73.990165133776,40.743270406331],[-73.990108971809,40.743347578576],[-73.989949308302,40.743280304988]]]]},"properties":{"name":"Arlington Hotel","base_bbl":"1008260055","construction_year":"1920","ground_elevation":"40","feature_code":"2100","height_roof":"141.28","last_status_type":"Constructed","bin":"1015605","last_edited_date":"2017-08-22T17:47:10.000Z","geom_source":"Photogrammetric","doitt_id":"692924"}},{"type":"Feature","geometry":{"type":"MultiPolygon","coordinates":[[[[-73.993730211029,40.743763075233],[-73.993707489899,40.743753502506],[-73.99366532719,40.743735739497],[-73.993681374763,40.743713704973],[-73.993734833044,40.743640303068],[-73.993750765079,40.743637760001],[-73.993779813181,40.743649997661],[-73.993787545641,40.7436393793],[-73.993736394473,40.743617830101],[-73.99382617614,40.743494554641],[-73.993904400495,40.743527511058],[-73.993801860967,40.743668303454],[-73.993732221372,40.743763921819],[-73.993730211029,40.743763075233]]]]},"properties":{"name":null,"base_bbl":"1007990024","construction_year":"1925","ground_elevation":"32","feature_code":"2100","height_roof":"58.33","last_status_type":"Constructed","bin":"1014950","last_edited_date":"2017-08-22T17:26:52.000Z","geom_source":"Photogrammetric","doitt_id":"700068"}},{"type":"Feature","geometry":{"type":"MultiPolygon","coordinates":[[[[-73.986922487016,40.743894574643],[-73.986965510598,40.743836531041],[-73.987146187586,40.743913999442],[-73.987103164111,40.743972043111],[-73.987069909559,40.743957784359],[-73.98694904592,40.744120843527],[-73.986833761258,40.744071413291],[-73.98695462509,40.743908354242],[-73.986922487016,40.743894574643]]]]},"properties":{"name":null,"base_bbl":"1008570007","construction_year":"1905","ground_elevation":"36","feature_code":"2100","height_roof":"149.07","last_status_type":"Constructed","bin":"1016886","last_edited_date":"2020-01-28T17:23:03.000Z","geom_source":"Photogrammetric","doitt_id":"701241"}},{"type":"Feature","geometry":{"type":"MultiPolygon","coordinates":[[[[-73.988349776328,40.740872054984],[-73.988419278556,40.740776415507],[-73.988485879242,40.740684767646],[-73.988591919445,40.740729347006],[-73.988632247481,40.740746301242],[-73.988642077036,40.74075043374],[-73.988629584712,40.740767624093],[-73.988556070649,40.740868785209],[-73.988522810549,40.740914553787],[-73.988505974426,40.740937722161],[-73.988349776328,40.740872054984]]]]},"properties":{"name":null,"base_bbl":"1008510063","construction_year":"1910","ground_elevation":"40","feature_code":"2100","height_roof":"72.54","last_status_type":"Constructed","bin":"1016303","last_edited_date":"2017-08-22T19:06:25.000Z","geom_source":"Photogrammetric","doitt_id":"702116"}},{"type":"Feature","geometry":{"type":"MultiPolygon","coordinates":[[[[-73.989757640771,40.74482345889],[-73.989897771838,40.744631074378],[-73.98992743862,40.74459034525],[-73.990110589803,40.744667512041],[-73.990098615832,40.744683951566],[-73.989940792397,40.74490062685],[-73.989757640771,40.74482345889]]]]},"properties":{"name":null,"base_bbl":"1008280064","construction_year":"1909","ground_elevation":"41","feature_code":"2100","height_roof":"154.28","last_status_type":"Constructed","bin":"1015663","last_edited_date":"2017-08-22T18:20:14.000Z","geom_source":"Photogrammetric","doitt_id":"703617"}},{"type":"Feature","geometry":{"type":"MultiPolygon","coordinates":[[[[-73.98649154744,40.743136942795],[-73.986584787647,40.743176371585],[-73.986665152421,40.74306643531],[-73.986750853395,40.742949200982],[-73.986939905093,40.743029146174],[-73.986600802475,40.743493025033],[-73.98659851201,40.74349615763],[-73.986596941607,40.743498306957],[-73.986568064195,40.743486095421],[-73.986314647366,40.743378931375],[-73.986317064563,40.743375625],[-73.98649154744,40.743136942795]]]]},"properties":{"name":null,"base_bbl":"1008560058","construction_year":"1910","ground_elevation":"34","feature_code":"2100","height_roof":"176.566829","last_status_type":"Constructed","bin":"1016881","last_edited_date":"2017-08-22T19:36:17.000Z","geom_source":"Photogrammetric","doitt_id":"710720"}},{"type":"Feature","geometry":{"type":"MultiPolygon","coordinates":[[[[-73.992614656602,40.740480901875],[-73.992475329503,40.740672626184],[-73.992364748975,40.74062613742],[-73.992236954991,40.740572410915],[-73.992261331424,40.740538867756],[-73.992376282566,40.740380685992],[-73.992614656602,40.740480901875]]]]},"properties":{"name":null,"base_bbl":"1008220019","construction_year":null,"ground_elevation":"38","feature_code":"2100","height_roof":"108.91","last_status_type":"Constructed","bin":"1015492","last_edited_date":"2019-01-22T17:36:53.000Z","geom_source":"Photogrammetric","doitt_id":"711564"}},{"type":"Feature","geometry":{"type":"MultiPolygon","coordinates":[[[[-73.992198143881,40.744763484447],[-73.992213807321,40.744741979603],[-73.992121828405,40.744703228143],[-73.992293379757,40.744467691469],[-73.99254050939,40.744571809028],[-73.992385166769,40.744785092914],[-73.992299489881,40.744748996707],[-73.992267618311,40.744792754702],[-73.992198143881,40.744763484447]]]]},"properties":{"name":null,"base_bbl":"1008010030","construction_year":"1905","ground_elevation":"36","feature_code":"2100","height_roof":"81.58","last_status_type":"Constructed","bin":"1015010","last_edited_date":"2017-08-22T17:38:53.000Z","geom_source":"Photogrammetric","doitt_id":"716784"}},{"type":"Feature","geometry":{"type":"MultiPolygon","coordinates":[[[[-73.99268668602,40.741085675484],[-73.992728506927,40.74102812671],[-73.992828884862,40.740889999684],[-73.992910660897,40.74092437801],[-73.992775478157,40.741110399111],[-73.992768462223,40.74112005391],[-73.99268668602,40.741085675484]]]]},"properties":{"name":null,"base_bbl":"1008220066","construction_year":"1860","ground_elevation":"38","feature_code":"2100","height_roof":"60.83","last_status_type":"Constructed","bin":"1015509","last_edited_date":"2020-01-28T17:22:08.000Z","geom_source":"Photogrammetric","doitt_id":"718548"}},{"type":"Feature","geometry":{"type":"MultiPolygon","coordinates":[[[[-73.988888787432,40.739282664912],[-73.98878300147,40.739428222599],[-73.988624071989,40.739361398361],[-73.988768571668,40.739162573276],[-73.988927500819,40.739229397316],[-73.988888787432,40.739282664912]]]]},"properties":{"name":null,"base_bbl":"1008490055","construction_year":"1898","ground_elevation":"39","feature_code":"2100","height_roof":"132.77","last_status_type":"Constructed","bin":"1016220","last_edited_date":"2020-01-28T17:15:17.000Z","geom_source":"Photogrammetric","doitt_id":"729378"}},{"type":"Feature","geometry":{"type":"MultiPolygon","coordinates":[[[[-73.988648496113,40.743108154894],[-73.988698460331,40.743037448392],[-73.988999637764,40.743160560648],[-73.988982974648,40.743244879832],[-73.988648496113,40.743108154894]]]]},"properties":{"name":null,"base_bbl":"1008270039","construction_year":"1913","ground_elevation":"40","feature_code":"2100","height_roof":"62.67","last_status_type":"Constructed","bin":"1015620","last_edited_date":"2019-12-05T18:38:08.000Z","geom_source":"Photogrammetric","doitt_id":"731338"}},{"type":"Feature","geometry":{"type":"MultiPolygon","coordinates":[[[[-73.992477299595,40.74099764732],[-73.992563868745,40.740878523027],[-73.992590538773,40.740841821868],[-73.992623005049,40.740797146182],[-73.992832408798,40.740885149771],[-73.992828884862,40.740889999684],[-73.992728506927,40.74102812671],[-73.99268668602,40.741085675484],[-73.992477299595,40.74099764732]]]]},"properties":{"name":null,"base_bbl":"1008220062","construction_year":"1908","ground_elevation":"38","feature_code":"2100","height_roof":"149.37","last_status_type":"Constructed","bin":"1015508","last_edited_date":"2017-08-22T17:32:53.000Z","geom_source":"Photogrammetric","doitt_id":"741823"}},{"type":"Feature","geometry":{"type":"MultiPolygon","coordinates":[[[[-73.988512517317,40.74331861512],[-73.988597876763,40.743353508342],[-73.988934328818,40.743491040465],[-73.988908542306,40.74362152865],[-73.988905895038,40.743634924337],[-73.988905294729,40.743635074664],[-73.988871104344,40.743643649596],[-73.98859046457,40.743528931773],[-73.988404787873,40.743453032913],[-73.988409603157,40.743446219261],[-73.988429971581,40.74341739608],[-73.988502630544,40.743314573559],[-73.988512517317,40.74331861512]]]]},"properties":{"name":null,"base_bbl":"1008270044","construction_year":"1913","ground_elevation":"41","feature_code":"2100","height_roof":"297.69","last_status_type":"Constructed","bin":"1015624","last_edited_date":"2019-01-22T17:36:57.000Z","geom_source":"Photogrammetric","doitt_id":"748423"}},{"type":"Feature","geometry":{"type":"MultiPolygon","coordinates":[[[[-73.989520886114,40.744292564496],[-73.989625621783,40.744148775632],[-73.989707949495,40.744183463338],[-73.989703045504,40.74419019599],[-73.989560168503,40.744386350451],[-73.989507316827,40.744364082418],[-73.98955036349,40.744304984263],[-73.989520886114,40.744292564496]]]]},"properties":{"name":null,"base_bbl":"1008280021","construction_year":"1850","ground_elevation":"42","feature_code":"2100","height_roof":"60.21836099","last_status_type":"Constructed","bin":"1015642","last_edited_date":"2020-01-28T17:15:46.000Z","geom_source":"Photogrammetric","doitt_id":"754624"}},{"type":"Feature","geometry":{"type":"MultiPolygon","coordinates":[[[[-73.991338601393,40.739430126146],[-73.991608194479,40.739545055359],[-73.991508720956,40.739680049449],[-73.991553341738,40.739699071447],[-73.991617588761,40.739611881802],[-73.991919079841,40.739740406661],[-73.991775591602,40.739935134845],[-73.991160375443,40.739672866914],[-73.991175874587,40.739651758406],[-73.991223475573,40.739586926404],[-73.991338601393,40.739430126146]]]]},"properties":{"name":null,"base_bbl":"1008210041","construction_year":"1890","ground_elevation":"39","feature_code":"2100","height_roof":"153.6","last_status_type":"Constructed","bin":"1015478","last_edited_date":"2020-01-28T17:23:51.000Z","geom_source":"Photogrammetric","doitt_id":"755487"}},{"type":"Feature","geometry":{"type":"MultiPolygon","coordinates":[[[[-73.988117830875,40.740767982173],[-73.98822988024,40.7406137917],[-73.988255247534,40.740578885221],[-73.988262992364,40.740568228505],[-73.988283833522,40.740539549468],[-73.988296841029,40.740521650504],[-73.988376611199,40.740555187172],[-73.988343994165,40.740600070566],[-73.988275419262,40.740694434075],[-73.988193949084,40.74080654342],[-73.988114178704,40.740773007528],[-73.988117830875,40.740767982173]],[[-73.988273853273,40.740591443791],[-73.988264954234,40.740587911995],[-73.988247350472,40.74061357466],[-73.988287461872,40.740629493412],[-73.988296604792,40.740633121585],[-73.988314209724,40.740607459813],[-73.988273853273,40.740591443791]]]]},"properties":{"name":null,"base_bbl":"1008510060","construction_year":"1900","ground_elevation":"38","feature_code":"2100","height_roof":"65.33","last_status_type":"Constructed","bin":"1016300","last_edited_date":"2017-08-22T18:17:21.000Z","geom_source":"Photogrammetric","doitt_id":"756986"}},{"type":"Feature","geometry":{"type":"MultiPolygon","coordinates":[[[[-73.990145601358,40.741630413706],[-73.990195472563,40.741561987516],[-73.990259165547,40.741474596891],[-73.990288271762,40.741434660952],[-73.990353224189,40.741462047233],[-73.990395192785,40.741479742105],[-73.990252521415,40.74167549499],[-73.990145601358,40.741630413706]]]]},"properties":{"name":null,"base_bbl":"1008240046","construction_year":"1859","ground_elevation":"40","feature_code":"2100","height_roof":"68.83","last_status_type":"Constructed","bin":"1015567","last_edited_date":"2020-01-28T17:23:26.000Z","geom_source":"Photogrammetric","doitt_id":"758585"}},{"type":"Feature","geometry":{"type":"MultiPolygon","coordinates":[[[[-73.988512654951,40.743990025924],[-73.988473352624,40.74397346798],[-73.988499257535,40.743937898744],[-73.988544513492,40.743875761071],[-73.988605496747,40.743901453179],[-73.988622025664,40.743878757535],[-73.988705373537,40.743764317608],[-73.988709621513,40.74375848454],[-73.988873666575,40.743827594598],[-73.988875245914,40.743828260225],[-73.988874962679,40.743829815373],[-73.988864914347,40.743885081215],[-73.988831954658,40.744066361775],[-73.988822129052,40.744120404744],[-73.98865506434,40.744050021902],[-73.988512654951,40.743990025924]]]]},"properties":{"name":"Lowell Building","base_bbl":"1008280033","construction_year":"1916","ground_elevation":"42","feature_code":"2100","height_roof":"231.45","last_status_type":"Constructed","bin":"1015649","last_edited_date":"2020-01-28T17:24:01.000Z","geom_source":"Photogrammetric","doitt_id":"758711"}},{"type":"Feature","geometry":{"type":"MultiPolygon","coordinates":[[[[-73.989380940773,40.744357301728],[-73.989358023534,40.744347645279],[-73.989443411207,40.744230417945],[-73.989403144794,40.7442134514],[-73.989483194771,40.744103551868],[-73.989491436013,40.744092237751],[-73.989625621783,40.744148775632],[-73.989520886114,40.744292564496],[-73.989451941991,40.744387216786],[-73.989380940773,40.744357301728]]]]},"properties":{"name":null,"base_bbl":"1008280022","construction_year":"1911","ground_elevation":"43","feature_code":"2100","height_roof":"151.46","last_status_type":"Constructed","bin":"1015643","last_edited_date":"2020-01-28T17:24:17.000Z","geom_source":"Photogrammetric","doitt_id":"762688"}},{"type":"Feature","geometry":{"type":"MultiPolygon","coordinates":[[[[-73.990508001937,40.743510291434],[-73.990533347813,40.743475492527],[-73.990658639161,40.7433034744],[-73.990683960011,40.743268709675],[-73.990687747123,40.743263510454],[-73.990847825707,40.743330956849],[-73.990777400645,40.743427645873],[-73.990772511028,40.743434359662],[-73.990668080932,40.743577738077],[-73.990576391031,40.743539106068],[-73.990508001937,40.743510291434]]]]},"properties":{"name":null,"base_bbl":"1008260061","construction_year":"1935","ground_elevation":"39","feature_code":"2100","height_roof":"21.08","last_status_type":"Constructed","bin":"1015607","last_edited_date":"2017-08-22T18:27:02.000Z","geom_source":"Photogrammetric","doitt_id":"763165"}},{"type":"Feature","geometry":{"type":"MultiPolygon","coordinates":[[[[-73.990823692535,40.742849243099],[-73.990963702759,40.742656489819],[-73.990952248458,40.74265167661],[-73.99097168821,40.742624908761],[-73.991153631965,40.742374427912],[-73.991341997162,40.742453576987],[-73.991190256689,40.742662483132],[-73.991183470094,40.742671826274],[-73.991156706188,40.742708673873],[-73.991000605515,40.742923579504],[-73.990823692535,40.742849243099]]]]},"properties":{"name":null,"base_bbl":"1008250017","construction_year":"1894","ground_elevation":"36","feature_code":"2100","height_roof":"112.07","last_status_type":"Constructed","bin":"1015579","last_edited_date":"2020-01-28T17:19:59.000Z","geom_source":"Photogrammetric","doitt_id":"764827"}},{"type":"Feature","geometry":{"type":"MultiPolygon","coordinates":[[[[-73.99215520962,40.741672221039],[-73.992312364695,40.741455266123],[-73.992453777649,40.741514524346],[-73.992300034422,40.74172677183],[-73.992296624078,40.741731479454],[-73.99215520962,40.741672221039]]]]},"properties":{"name":null,"base_bbl":"1008230065","construction_year":"1910","ground_elevation":"37","feature_code":"2100","height_roof":"149.78","last_status_type":"Constructed","bin":"1015545","last_edited_date":"2020-01-28T17:18:14.000Z","geom_source":"Photogrammetric","doitt_id":"765839"}},{"type":"Feature","geometry":{"type":"MultiPolygon","coordinates":[[[[-73.991161029327,40.742990987673],[-73.99131712964,40.742776080926],[-73.991156706188,40.742708673873],[-73.991183470094,40.742671826274],[-73.991190256689,40.742662483132],[-73.991223645296,40.742676511979],[-73.991349538773,40.742729410983],[-73.991397069644,40.742663972891],[-73.991501278899,40.74252050373],[-73.991737081905,40.742619583869],[-73.991723705448,40.74263800098],[-73.991589372068,40.742822942799],[-73.991551880796,40.742874558022],[-73.991442213163,40.743025542448],[-73.991395692195,40.743089588446],[-73.991316303425,40.743056231311],[-73.991161029327,40.742990987673]]]]},"properties":{"name":null,"base_bbl":"1008250012","construction_year":"1916","ground_elevation":"36","feature_code":"2100","height_roof":"150","last_status_type":"Constructed","bin":"1080679","last_edited_date":"2017-08-22T19:03:42.000Z","geom_source":"Photogrammetric","doitt_id":"766252"}},{"type":"Feature","geometry":{"type":"MultiPolygon","coordinates":[[[[-73.992325171233,40.739401437489],[-73.992430729034,40.739257391186],[-73.992478853086,40.739191717623],[-73.9925482638,40.739221145316],[-73.992394582098,40.739430864373],[-73.992325171233,40.739401437489]]]]},"properties":{"name":null,"base_bbl":"1008200054","construction_year":"1848","ground_elevation":"37","feature_code":"2100","height_roof":"46.33","last_status_type":"Constructed","bin":"1015458","last_edited_date":"2020-01-28T17:20:17.000Z","geom_source":"Photogrammetric","doitt_id":"766320"}},{"type":"Feature","geometry":{"type":"MultiPolygon","coordinates":[[[[-73.991626193592,40.740280146294],[-73.991742945675,40.740119489792],[-73.991820826459,40.740152232394],[-73.991704074507,40.740312889874],[-73.991626193592,40.740280146294]]]]},"properties":{"name":null,"base_bbl":"1008220029","construction_year":"1851","ground_elevation":"39","feature_code":"2100","height_roof":"58.2","last_status_type":"Constructed","bin":"1015497","last_edited_date":"2020-01-28T17:14:37.000Z","geom_source":"Photogrammetric","doitt_id":"769693"}},{"type":"Feature","geometry":{"type":"MultiPolygon","coordinates":[[[[-73.993127138644,40.743741829397],[-73.993220778405,40.743613260561],[-73.993272501142,40.743542242408],[-73.993317053728,40.74348106906],[-73.993429076642,40.743327257202],[-73.993584841511,40.743392880522],[-73.993462690812,40.743560598485],[-73.993439571454,40.743592342743],[-73.993409879375,40.743579833907],[-73.993326209436,40.74369471757],[-73.99335590155,40.743707226428],[-73.993321261429,40.743754788302],[-73.993254902362,40.743845902231],[-73.993240668752,40.743865444198],[-73.993106343147,40.743808852886],[-73.993084904302,40.743799820417],[-73.993127138644,40.743741829397]]]]},"properties":{"name":null,"base_bbl":"1007990028","construction_year":"1901","ground_elevation":"32","feature_code":"2100","height_roof":"143.39","last_status_type":"Constructed","bin":"1014952","last_edited_date":"2017-08-22T17:33:15.000Z","geom_source":"Photogrammetric","doitt_id":"770658"}},{"type":"Feature","geometry":{"type":"MultiPolygon","coordinates":[[[[-73.992408853295,40.744865110811],[-73.992603231682,40.744598233042],[-73.992685176715,40.744632757403],[-73.992617676711,40.744725435062],[-73.992592054347,40.744760614418],[-73.992525986962,40.744851322705],[-73.992490799739,40.744899635308],[-73.992408853295,40.744865110811]]]]},"properties":{"name":null,"base_bbl":"1008010028","construction_year":"1906","ground_elevation":"38","feature_code":"2100","height_roof":"26.25","last_status_type":"Constructed","bin":"1015008","last_edited_date":"2017-08-22T19:06:12.000Z","geom_source":"Photogrammetric","doitt_id":"772270"}},{"type":"Feature","geometry":{"type":"MultiPolygon","coordinates":[[[[-73.990129709233,40.740006820151],[-73.990212561467,40.739895301175],[-73.990237170177,40.739905877922],[-73.990320165388,40.739794167071],[-73.990573761825,40.739903165712],[-73.990475346831,40.740035633967],[-73.990487605654,40.740040902048],[-73.990441443673,40.740103035039],[-73.990436391236,40.740107288617],[-73.990430719673,40.740111067576],[-73.990424505944,40.740114321493],[-73.990417836484,40.74011700355],[-73.990410803644,40.740119078635],[-73.990403502144,40.740120517037],[-73.990397015296,40.74012119728],[-73.990396031436,40.740121300757],[-73.990388495707,40.740121418095],[-73.990380997961,40.740120866358],[-73.990291465344,40.740082384668],[-73.990294866254,40.740077806775],[-73.990129709233,40.740006820151]]]]},"properties":{"name":null,"base_bbl":"1008490075","construction_year":"1900","ground_elevation":"42","feature_code":"2100","height_roof":"165","last_status_type":"Constructed","bin":"1016227","last_edited_date":"2017-08-22T18:24:59.000Z","geom_source":"Other (Manual)","doitt_id":"772464"}},{"type":"Feature","geometry":{"type":"MultiPolygon","coordinates":[[[[-73.989920493944,40.744037626126],[-73.990001183768,40.743925265202],[-73.990051777564,40.743946282911],[-73.990076037968,40.743912499785],[-73.990109051686,40.743926213743],[-73.989988345156,40.744094298241],[-73.98998449635,40.744099658624],[-73.989900888701,40.744064926878],[-73.989920493944,40.744037626126]]]]},"properties":{"name":null,"base_bbl":"1008270059","construction_year":"1920","ground_elevation":"42","feature_code":"2100","height_roof":"61.67","last_status_type":"Constructed","bin":"1015626","last_edited_date":"2017-08-22T17:33:53.000Z","geom_source":"Photogrammetric","doitt_id":"775088"}},{"type":"Feature","geometry":{"type":"MultiPolygon","coordinates":[[[[-73.993437741628,40.74445182606],[-73.993490457114,40.744379445408],[-73.993504862314,40.744385513837],[-73.993544548346,40.744331023695],[-73.993527917317,40.744324016818],[-73.993608616646,40.744213213951],[-73.993666665953,40.74423766952],[-73.993686796747,40.744246150698],[-73.993681832761,40.744252966363],[-73.993504630111,40.744496270764],[-73.993428676831,40.74446427235],[-73.993437741628,40.74445182606]]]]},"properties":{"name":null,"base_bbl":"1008000022","construction_year":"1901","ground_elevation":"36","feature_code":"2100","height_roof":"75.540704","last_status_type":"Constructed","bin":"1014979","last_edited_date":"2017-08-22T18:20:37.000Z","geom_source":"Photogrammetric","doitt_id":"775508"}},{"type":"Feature","geometry":{"type":"MultiPolygon","coordinates":[[[[-73.992385166769,40.744785092914],[-73.99254050939,40.744571809028],[-73.992603231682,40.744598233042],[-73.992408853295,40.744865110811],[-73.992366964907,40.744847463513],[-73.992405999651,40.744793869728],[-73.992385166769,40.744785092914]]]]},"properties":{"name":null,"base_bbl":"1008010029","construction_year":"1906","ground_elevation":"38","feature_code":"2100","height_roof":"46.8","last_status_type":"Constructed","bin":"1015009","last_edited_date":"2017-08-22T19:27:19.000Z","geom_source":"Photogrammetric","doitt_id":"777783"}},{"type":"Feature","geometry":{"type":"MultiPolygon","coordinates":[[[[-73.992066272956,40.744428695814],[-73.991943545136,40.744376989198],[-73.991936929252,40.744374201666],[-73.99195594279,40.7443480955],[-73.991973676191,40.744323748832],[-73.992127032625,40.744388359976],[-73.992167992447,40.744405616479],[-73.992162838822,40.744412693212],[-73.99213124561,40.744456069374],[-73.992066272956,40.744428695814]]]]},"properties":{"name":null,"base_bbl":"1008010036","construction_year":"1920","ground_elevation":"40","feature_code":"2100","height_roof":"39.74733801","last_status_type":"Constructed","bin":"1015011","last_edited_date":"2017-08-22T17:43:21.000Z","geom_source":"Photogrammetric","doitt_id":"778603"}},{"type":"Feature","geometry":{"type":"MultiPolygon","coordinates":[[[[-73.987661066951,40.744480203529],[-73.987710816099,40.744412070193],[-73.987972640204,40.744522655756],[-73.987922891242,40.744590789203],[-73.987661066951,40.744480203529]]]]},"properties":{"name":null,"base_bbl":"1008290038","construction_year":"1850","ground_elevation":"40","feature_code":"2100","height_roof":"70.29","last_status_type":"Constructed","bin":"1015688","last_edited_date":"2020-01-28T17:20:27.000Z","geom_source":"Photogrammetric","doitt_id":"780044"}},{"type":"Feature","geometry":{"type":"MultiPolygon","coordinates":[[[[-73.988469719966,40.739718109151],[-73.988592794596,40.739552232619],[-73.988670396036,40.739585543746],[-73.988517570932,40.739791515195],[-73.988439970513,40.739758203966],[-73.988469719966,40.739718109151]]]]},"properties":{"name":null,"base_bbl":"1008500023","construction_year":"1905","ground_elevation":"38","feature_code":"2100","height_roof":"62.13","last_status_type":"Constructed","bin":"1016248","last_edited_date":"2020-01-28T17:20:52.000Z","geom_source":"Photogrammetric","doitt_id":"781216"}},{"type":"Feature","geometry":{"type":"MultiPolygon","coordinates":[[[[-73.991608194479,40.739545055359],[-73.991338601393,40.739430126146],[-73.991386977633,40.739364474672],[-73.991702268535,40.739498884149],[-73.991653891325,40.739564535755],[-73.991608194479,40.739545055359]]]]},"properties":{"name":null,"base_bbl":"1008210040","construction_year":"1851","ground_elevation":"39","feature_code":"2100","height_roof":"81.39","last_status_type":"Constructed","bin":"1015477","last_edited_date":"2020-01-28T17:19:29.000Z","geom_source":"Photogrammetric","doitt_id":"786980"}},{"type":"Feature","geometry":{"type":"MultiPolygon","coordinates":[[[[-73.993484574674,40.743571045605],[-73.993607408588,40.743402388428],[-73.993801764418,40.743484270441],[-73.993656408368,40.743683853597],[-73.993559180183,40.74381735196],[-73.99336482368,40.743735469541],[-73.993484574674,40.743571045605]]]]},"properties":{"name":null,"base_bbl":"1007990024","construction_year":"1920","ground_elevation":"32","feature_code":"2100","height_roof":"63.45","last_status_type":"Constructed","bin":"1014951","last_edited_date":"2018-12-07T18:34:43.000Z","geom_source":"Photogrammetric","doitt_id":"791320"}},{"type":"Feature","geometry":{"type":"MultiPolygon","coordinates":[[[[-73.99311304067,40.740500720494],[-73.993257176286,40.740305109101],[-73.993595125533,40.740449169042],[-73.993582869017,40.740465802532],[-73.993460224182,40.740632251719],[-73.993450991781,40.740644780853],[-73.99311304067,40.740500720494]]]]},"properties":{"name":null,"base_bbl":"1008210066","construction_year":"1910","ground_elevation":"35","feature_code":"2100","height_roof":"152","last_status_type":"Constructed","bin":"1076145","last_edited_date":"2020-01-28T17:20:54.000Z","geom_source":"Other (Manual)","doitt_id":"812979"}},{"type":"Feature","geometry":{"type":"MultiPolygon","coordinates":[[[[-73.987150965043,40.743717356273],[-73.987213988981,40.743631141544],[-73.987304559551,40.743507243602],[-73.987391390968,40.743388459156],[-73.987485422557,40.74325982658],[-73.987811084498,40.743397536413],[-73.987816641158,40.743389934921],[-73.987953009532,40.74344759882],[-73.987985342982,40.743461270993],[-73.98776371918,40.743764451965],[-73.987700418703,40.743851044275],[-73.987645331166,40.743926403607],[-73.987615933642,40.743913972555],[-73.987229968892,40.74375076396],[-73.987150965043,40.743717356273]],[[-73.987722008675,40.743517932843],[-73.987507336585,40.743432246334],[-73.987421042849,40.743557306558],[-73.98763571523,40.743642993227],[-73.987722008675,40.743517932843]]]]},"properties":{"name":null,"base_bbl":"1008560001","construction_year":"1907","ground_elevation":"37","feature_code":"2100","height_roof":"164","last_status_type":"Constructed","bin":"1087263","last_edited_date":"2020-01-28T17:16:53.000Z","geom_source":"Other (Manual)","doitt_id":"814160"}},{"type":"Feature","geometry":{"type":"MultiPolygon","coordinates":[[[[-73.988881346884,40.740274003138],[-73.98900156169,40.740111982779],[-73.989052490741,40.740133843846],[-73.989100345075,40.740069346838],[-73.989343066931,40.740173533943],[-73.98926232334,40.740427817125],[-73.989261217033,40.740430996714],[-73.989259272538,40.740433933987],[-73.989256573936,40.740436502883],[-73.98925323727,40.74043859355],[-73.989249404626,40.74044011595],[-73.989245241766,40.740441005263],[-73.989240927471,40.740441221883],[-73.989227780561,40.740436951348],[-73.989019826403,40.740347687831],[-73.988955492478,40.740320073025],[-73.988955864316,40.740319571478],[-73.98896350831,40.740309270406],[-73.988881346884,40.740274003138]]]]},"properties":{"name":null,"base_bbl":"1008500068","construction_year":"1900","ground_elevation":"42","feature_code":"2100","height_roof":"86","last_status_type":"Constructed","bin":"1016277","last_edited_date":"2017-08-22T19:09:01.000Z","geom_source":"Other (Manual)","doitt_id":"814296"}},{"type":"Feature","geometry":{"type":"MultiPolygon","coordinates":[[[[-73.986525101249,40.739297337671],[-73.986558663876,40.739251255419],[-73.98657820623,40.739224424374],[-73.986612795519,40.739176933831],[-73.986656640397,40.739195408328],[-73.986710609645,40.739121307299],[-73.986760544048,40.739142348005],[-73.98688314219,40.739194006138],[-73.986741479076,40.739388512151],[-73.986525101249,40.739297337671]]]]},"properties":{"name":null,"base_bbl":"1008770089","construction_year":"1894","ground_elevation":"30","feature_code":"2100","height_roof":"112.71","last_status_type":"Constructed","bin":"1018009","last_edited_date":"2020-01-28T17:26:05.000Z","geom_source":"Photogrammetric","doitt_id":"815945"}},{"type":"Feature","geometry":{"type":"MultiPolygon","coordinates":[[[[-73.991806571453,40.744566974779],[-73.991800180506,40.744564282709],[-73.991835944762,40.74451518061],[-73.992032037331,40.744597796031],[-73.991996273175,40.744646899091],[-73.991806571453,40.744566974779]]]]},"properties":{"name":null,"base_bbl":"1008010040","construction_year":"1901","ground_elevation":"40","feature_code":"2100","height_roof":"39.91976779","last_status_type":"Constructed","bin":"1015015","last_edited_date":"2017-08-22T18:13:28.000Z","geom_source":"Photogrammetric","doitt_id":"817209"}},{"type":"Feature","geometry":{"type":"MultiPolygon","coordinates":[[[[-73.989183791484,40.739984474675],[-73.989097399286,40.739947390838],[-73.989021994422,40.739915023042],[-73.989089193492,40.739824452785],[-73.989410161882,40.739962227059],[-73.989376792731,40.740067318606],[-73.989183791484,40.739984474675]]]]},"properties":{"name":null,"base_bbl":"1008500014","construction_year":"1920","ground_elevation":"40","feature_code":"2100","height_roof":"53.33","last_status_type":"Constructed","bin":"1016243","last_edited_date":"2017-08-22T18:28:29.000Z","geom_source":"Photogrammetric","doitt_id":"822736"}},{"type":"Feature","geometry":{"type":"MultiPolygon","coordinates":[[[[-73.992509948949,40.741484940045],[-73.992666402607,40.741268949038],[-73.99301002187,40.741412938996],[-73.992858369457,40.74162230213],[-73.992853567804,40.741628930465],[-73.992509948949,40.741484940045]]]]},"properties":{"name":null,"base_bbl":"1008230010","construction_year":"1902","ground_elevation":"37","feature_code":"2100","height_roof":"76.05","last_status_type":"Constructed","bin":"1015524","last_edited_date":"2020-01-28T17:25:39.000Z","geom_source":"Photogrammetric","doitt_id":"823540"}},{"type":"Feature","geometry":{"type":"MultiPolygon","coordinates":[[[[-73.988389150603,40.739683523372],[-73.98842668734,40.739632933038],[-73.988508046348,40.739523281884],[-73.988512225369,40.739517647826],[-73.988592794596,40.739552232619],[-73.988469719966,40.739718109151],[-73.988404721563,40.739690207607],[-73.988389150603,40.739683523372]]]]},"properties":{"name":null,"base_bbl":"1008500024","construction_year":"1851","ground_elevation":"38","feature_code":"2100","height_roof":"56.52","last_status_type":"Constructed","bin":"1016249","last_edited_date":"2020-01-28T17:22:02.000Z","geom_source":"Photogrammetric","doitt_id":"825991"}},{"type":"Feature","geometry":{"type":"MultiPolygon","coordinates":[[[[-73.990001183768,40.743925265202],[-73.989920493944,40.744037626126],[-73.989902729155,40.744030246717],[-73.989891978541,40.744045216702],[-73.989824430931,40.744017156363],[-73.989869640839,40.743954201406],[-73.989815977184,40.743931909128],[-73.989805109326,40.743947042987],[-73.989774882197,40.743968052736],[-73.989734321221,40.74397298931],[-73.989695693399,40.743956943331],[-73.989677058128,40.743928513559],[-73.989686838958,40.743899013828],[-73.989730303331,40.743838491038],[-73.989705288293,40.743828099656],[-73.989885214296,40.743577554035],[-73.989860149608,40.743567141971],[-73.989926135464,40.743475256426],[-73.990108105742,40.743550849044],[-73.99014209602,40.743564969205],[-73.99013198147,40.74357905407],[-73.990101392656,40.743621648127],[-73.990077214672,40.743611604493],[-73.989908393971,40.743846688782],[-73.990023325578,40.743894432864],[-73.990001183768,40.743925265202]]]]},"properties":{"name":null,"base_bbl":"1008270022","construction_year":"1900","ground_elevation":"42","feature_code":"2100","height_roof":"88.13","last_status_type":"Constructed","bin":"1080695","last_edited_date":"2017-08-22T19:02:54.000Z","geom_source":"Photogrammetric","doitt_id":"828964"}},{"type":"Feature","geometry":{"type":"MultiPolygon","coordinates":[[[[-73.988317242479,40.744716404648],[-73.98836198394,40.744655129687],[-73.988391299057,40.744667511012],[-73.988533168704,40.744727431438],[-73.988691514144,40.744794308821],[-73.98867298389,40.744866653718],[-73.988488428537,40.744788705565],[-73.988398932062,40.744750905917],[-73.988364176774,40.744736226852],[-73.988317242479,40.744716404648]]]]},"properties":{"name":null,"base_bbl":"1008290050","construction_year":"1903","ground_elevation":"42","feature_code":"2100","height_roof":"60.56","last_status_type":"Constructed","bin":"1080713","last_edited_date":"2017-11-17T18:09:57.000Z","geom_source":"Photogrammetric","doitt_id":"831289"}},{"type":"Feature","geometry":{"type":"MultiPolygon","coordinates":[[[[-73.992648494626,40.740309601422],[-73.992805279779,40.740096823222],[-73.99284480746,40.740043177954],[-73.992899678623,40.739968710285],[-73.992975336449,40.739866032762],[-73.993118176633,40.73992692379],[-73.992982009227,40.740111723112],[-73.992975946642,40.740119950679],[-73.992942901109,40.740105864724],[-73.992906614355,40.740155112146],[-73.992943120377,40.740170674255],[-73.992798671525,40.740366711179],[-73.992794798309,40.740371968099],[-73.992648494626,40.740309601422]]]]},"properties":{"name":null,"base_bbl":"1008210021","construction_year":"1903","ground_elevation":"36","feature_code":"2100","height_roof":"76.34","last_status_type":"Constructed","bin":"1015468","last_edited_date":"2020-01-28T17:21:46.000Z","geom_source":"Photogrammetric","doitt_id":"833389"}},{"type":"Feature","geometry":{"type":"MultiPolygon","coordinates":[[[[-73.990467202631,40.740623019853],[-73.990515681413,40.740556086442],[-73.990830922055,40.740688174969],[-73.99078244231,40.740755109412],[-73.990467202631,40.740623019853]]]]},"properties":{"name":null,"base_bbl":"1008230041","construction_year":"1910","ground_elevation":"39","feature_code":"2100","height_roof":"64.15","last_status_type":"Constructed","bin":"1015535","last_edited_date":"2017-08-22T17:49:38.000Z","geom_source":"Photogrammetric","doitt_id":"833876"}},{"type":"Feature","geometry":{"type":"MultiPolygon","coordinates":[[[[-73.988112083002,40.743859885446],[-73.988159511244,40.743794764767],[-73.988286486469,40.743848258856],[-73.988499257535,40.743937898744],[-73.988473352624,40.74397346798],[-73.988512654951,40.743990025924],[-73.988491131863,40.744019577513],[-73.988274105576,40.743928145169],[-73.988112083002,40.743859885446]]]]},"properties":{"name":null,"base_bbl":"1008280039","construction_year":"1850","ground_elevation":"41","feature_code":"2100","height_roof":"71.97","last_status_type":"Constructed","bin":"1015652","last_edited_date":"2020-01-28T17:18:27.000Z","geom_source":"Photogrammetric","doitt_id":"834935"}},{"type":"Feature","geometry":{"type":"MultiPolygon","coordinates":[[[[-73.990329812154,40.742306194217],[-73.990488586274,40.742087630937],[-73.990569179864,40.742121499334],[-73.990431265663,40.742311349987],[-73.990402709787,40.74235065835],[-73.990322114821,40.742316788938],[-73.990329812154,40.742306194217]]]]},"properties":{"name":null,"base_bbl":"1008250028","construction_year":"1862","ground_elevation":"39","feature_code":"2100","height_roof":"55.33","last_status_type":"Constructed","bin":"1015581","last_edited_date":"2020-01-28T17:24:21.000Z","geom_source":"Photogrammetric","doitt_id":"841924"}},{"type":"Feature","geometry":{"type":"MultiPolygon","coordinates":[[[[-73.989713051138,40.744315286296],[-73.989780418577,40.744222796727],[-73.989858303183,40.744255611777],[-73.989758062097,40.744393231878],[-73.989754969675,40.744391928569],[-73.989695831442,40.744473118397],[-73.989642088154,40.744450473935],[-73.989674664733,40.744405751384],[-73.989680434016,40.744408182369],[-73.989739868274,40.744326585546],[-73.989713051138,40.744315286296]]]]},"properties":{"name":null,"base_bbl":"1008280019","construction_year":"1881","ground_elevation":"42","feature_code":"2100","height_roof":"55.64","last_status_type":"Constructed","bin":"1015640","last_edited_date":"2020-01-28T17:22:56.000Z","geom_source":"Photogrammetric","doitt_id":"843344"}},{"type":"Feature","geometry":{"type":"MultiPolygon","coordinates":[[[[-73.989013412087,40.739197211497],[-73.989139023839,40.739024373687],[-73.98917424986,40.73903918495],[-73.989202326749,40.739050989637],[-73.989157323338,40.739112914214],[-73.989076716295,40.739223828415],[-73.989013412087,40.739197211497]]]]},"properties":{"name":null,"base_bbl":"1008490021","construction_year":"1844","ground_elevation":"40","feature_code":"2100","height_roof":"51.41","last_status_type":"Constructed","bin":"1016203","last_edited_date":"2020-01-28T17:25:43.000Z","geom_source":"Photogrammetric","doitt_id":"848159"}},{"type":"Feature","geometry":{"type":"MultiPolygon","coordinates":[[[[-73.988060085911,40.744921203962],[-73.988228587124,40.744690434012],[-73.988234989434,40.744681663729],[-73.988297253117,40.744707961269],[-73.98825772484,40.744762098418],[-73.988277170793,40.744770312121],[-73.988141795738,40.74495571532],[-73.988060085911,40.744921203962]]]]},"properties":{"name":null,"base_bbl":"1008290046","construction_year":"1855","ground_elevation":"41","feature_code":"2100","height_roof":"59.16","last_status_type":"Constructed","bin":"1015694","last_edited_date":"2020-01-28T17:21:16.000Z","geom_source":"Photogrammetric","doitt_id":"848706"}},{"type":"Feature","geometry":{"type":"MultiPolygon","coordinates":[[[[-73.989086887518,40.744131578405],[-73.989098043613,40.744070995157],[-73.989370398957,40.744108819387],[-73.989360834598,40.744160757041],[-73.989086887518,40.744131578405]]]]},"properties":{"name":null,"base_bbl":"1008280027","construction_year":"1854","ground_elevation":"44","feature_code":"2100","height_roof":"63.16","last_status_type":"Constructed","bin":"1015646","last_edited_date":"2020-01-28T17:18:01.000Z","geom_source":"Photogrammetric","doitt_id":"852846"}},{"type":"Feature","geometry":{"type":"MultiPolygon","coordinates":[[[[-73.988468347926,40.74009369626],[-73.988586004355,40.739935124117],[-73.988670457122,40.739971376078],[-73.98855109676,40.740132242629],[-73.988466645038,40.740095991483],[-73.988468347926,40.74009369626]]]]},"properties":{"name":null,"base_bbl":"1008500063","construction_year":"1925","ground_elevation":"39","feature_code":"2100","height_roof":"57.53","last_status_type":"Constructed","bin":"1016263","last_edited_date":"2017-08-22T17:39:22.000Z","geom_source":"Photogrammetric","doitt_id":"853274"}},{"type":"Feature","geometry":{"type":"MultiPolygon","coordinates":[[[[-73.987491940302,40.73934949515],[-73.987639599677,40.73915048902],[-73.987876091368,40.739252007656],[-73.987728432474,40.739451013186],[-73.987491940302,40.73934949515]]]]},"properties":{"name":null,"base_bbl":"1008500033","construction_year":"1913","ground_elevation":"36","feature_code":"2100","height_roof":"151","last_status_type":"Constructed","bin":"1016251","last_edited_date":"2017-08-22T19:16:10.000Z","geom_source":"Other (Manual)","doitt_id":"867730"}},{"type":"Feature","geometry":{"type":"MultiPolygon","coordinates":[[[[-73.991704074507,40.740312889874],[-73.991820826459,40.740152232394],[-73.991825491931,40.740145813908],[-73.99191441356,40.740183198445],[-73.991771583581,40.740379739379],[-73.99168266177,40.740342354733],[-73.991704074507,40.740312889874]]]]},"properties":{"name":null,"base_bbl":"1008220028","construction_year":"1908","ground_elevation":"39","feature_code":"2100","height_roof":"145","last_status_type":"Constructed","bin":"1015496","last_edited_date":"2020-01-28T17:22:59.000Z","geom_source":"Other (Manual)","doitt_id":"946501"}},{"type":"Feature","geometry":{"type":"MultiPolygon","coordinates":[[[[-73.98716509945,40.741308234768],[-73.987282574971,40.741132496692],[-73.987555112462,40.741247270897],[-73.987429634573,40.741419638677],[-73.98716509945,40.741308234768]]]]},"properties":{"name":null,"base_bbl":"1008530001","construction_year":"1909","ground_elevation":"37","feature_code":"2100","height_roof":"600.16","last_status_type":"Constructed","bin":"1016741","last_edited_date":"2020-01-28T17:21:16.000Z","geom_source":"Photogrammetric","doitt_id":"954036"}},{"type":"Feature","geometry":{"type":"MultiPolygon","coordinates":[[[[-73.992970281818,40.743675745235],[-73.993063920605,40.743547176526],[-73.993220778405,40.743613260561],[-73.993127138644,40.743741829397],[-73.992970281818,40.743675745235]]]]},"properties":{"name":null,"base_bbl":"1007990046","construction_year":"2001","ground_elevation":"33","feature_code":"2100","height_roof":"192.65","last_status_type":"Constructed","bin":"1014958","last_edited_date":"2017-08-22T17:33:14.000Z","geom_source":"Photogrammetric","doitt_id":"955993"}},{"type":"Feature","geometry":{"type":"MultiPolygon","coordinates":[[[[-73.988604071787,40.740637131754],[-73.988749524032,40.740436976773],[-73.988831769765,40.740471553453],[-73.988703392895,40.740648211474],[-73.98868631769,40.740671708537],[-73.988621051801,40.740644269954],[-73.988604071787,40.740637131754]]]]},"properties":{"name":null,"base_bbl":"1008510012","construction_year":"1901","ground_elevation":"42","feature_code":"2100","height_roof":"111","last_status_type":"Constructed","bin":"1016279","last_edited_date":"2017-08-22T18:32:07.000Z","geom_source":"Other (Manual)","doitt_id":"966317"}},{"type":"Feature","geometry":{"type":"MultiPolygon","coordinates":[[[[-73.991964064494,40.741210618658],[-73.992097474606,40.741027659214],[-73.992269640294,40.741100284201],[-73.992180655916,40.741222318544],[-73.992150205747,40.741264079299],[-73.99211387995,40.741312817674],[-73.991942315299,40.741240445541],[-73.991964064494,40.741210618658]]]]},"properties":{"name":null,"base_bbl":"1008230020","construction_year":"1907","ground_elevation":"38","feature_code":"2100","height_roof":"152","last_status_type":"Constructed","bin":"1015528","last_edited_date":"2020-01-28T17:15:40.000Z","geom_source":"Other (Manual)","doitt_id":"970360"}},{"type":"Feature","geometry":{"type":"MultiPolygon","coordinates":[[[[-73.992764612922,40.73998846892],[-73.992875924143,40.739837401327],[-73.99288064395,40.739830996309],[-73.992883632608,40.739826941509],[-73.992905338875,40.73983619376],[-73.992913088494,40.739839497299],[-73.99296545112,40.739861818684],[-73.992975336449,40.739866032762],[-73.992899678623,40.739968710285],[-73.99284480746,40.740043177954],[-73.992753104635,40.740004086598],[-73.992764612922,40.73998846892]]]]},"properties":{"name":null,"base_bbl":"1008210023","construction_year":"1854","ground_elevation":"36","feature_code":"2100","height_roof":"85","last_status_type":"Constructed","bin":"1015469","last_edited_date":"2020-01-28T17:15:08.000Z","geom_source":"Other (Manual)","doitt_id":"974209"}},{"type":"Feature","geometry":{"type":"MultiPolygon","coordinates":[[[[-73.992398684674,40.744317644304],[-73.992436904361,40.74426516888],[-73.992526418127,40.744142267237],[-73.992535261014,40.744145992307],[-73.992650276637,40.744194448773],[-73.992636079484,40.74421394114],[-73.992522340913,40.74437010512],[-73.992521382905,40.744371420699],[-73.992514872369,40.744368678232],[-73.992411060238,40.744324941026],[-73.992397524168,40.744319239025],[-73.992398684674,40.744317644304]]]]},"properties":{"name":null,"base_bbl":"1008000048","construction_year":"1913","ground_elevation":"35","feature_code":"2100","height_roof":"157","last_status_type":"Constructed","bin":"1014985","last_edited_date":"2017-08-22T17:46:25.000Z","geom_source":"Other (Manual)","doitt_id":"978387"}},{"type":"Feature","geometry":{"type":"MultiPolygon","coordinates":[[[[-73.991447700978,40.743920006539],[-73.991587702107,40.743727790133],[-73.991601423415,40.743708951628],[-73.991620831232,40.743682304338],[-73.991447109807,40.743609111874],[-73.991465107274,40.743584401497],[-73.991574246389,40.743434556163],[-73.991608550096,40.743387457649],[-73.991616285239,40.743376835831],[-73.991618695069,40.743373527544],[-73.992107222938,40.743579353108],[-73.992106820315,40.743579906892],[-73.99208360557,40.743611781445],[-73.991975469135,40.743760251353],[-73.991881124537,40.743889785368],[-73.991762509397,40.744052640829],[-73.991672209333,40.744014596025],[-73.991605045834,40.743986299024],[-73.991504145005,40.7439437877],[-73.991447700978,40.743920006539]]]]},"properties":{"name":null,"base_bbl":"1008260001","construction_year":"1999","ground_elevation":"36","feature_code":"2100","height_roof":"277.51","last_status_type":"Constructed","bin":"1085951","last_edited_date":"2017-08-22T18:01:06.000Z","geom_source":"Photogrammetric","doitt_id":"990153"}},{"type":"Feature","geometry":{"type":"MultiPolygon","coordinates":[[[[-73.99183798432,40.74234395484],[-73.991954162766,40.742184546233],[-73.992186239453,40.742282391502],[-73.992240866989,40.742207436979],[-73.992335543024,40.742247351992],[-73.992510690635,40.742007026255],[-73.993009440246,40.742217298103],[-73.993081005538,40.742247469412],[-73.992873153257,40.742532673463],[-73.992747770805,40.742704713822],[-73.992735055374,40.742722161247],[-73.992732215147,40.742720963393],[-73.992057227793,40.74243638921],[-73.99183798432,40.74234395484]]]]},"properties":{"name":null,"base_bbl":"1008240011","construction_year":"2000","ground_elevation":"35","feature_code":"2100","height_roof":"217","last_status_type":"Constructed","bin":"1086050","last_edited_date":"2017-08-22T19:33:04.000Z","geom_source":"Other (Manual)","doitt_id":"990197"}},{"type":"Feature","geometry":{"type":"MultiPolygon","coordinates":[[[[-73.991909798598,40.744874605111],[-73.991823404377,40.744838206831],[-73.991797410892,40.744873893869],[-73.991643108868,40.744808884198],[-73.991640305652,40.744795250321],[-73.991695496001,40.744719477564],[-73.991734140421,40.744666419779],[-73.991956543042,40.744760437628],[-73.991957171856,40.744759574986],[-73.992027237801,40.74466337601],[-73.991994361868,40.744649524836],[-73.991996273175,40.744646899091],[-73.992032037331,40.744597796031],[-73.992063436466,40.744554685532],[-73.991996391835,40.744526439199],[-73.992000560229,40.744520715867],[-73.992033918017,40.744474917499],[-73.992031572617,40.744473929481],[-73.992066272956,40.744428695814],[-73.99213124561,40.744456069374],[-73.992162838822,40.744412693212],[-73.992287126138,40.744465057068],[-73.99211557477,40.744700593733],[-73.992121828405,40.744703228143],[-73.992213807321,40.744741979603],[-73.992198143881,40.744763484447],[-73.992068508902,40.744941470672],[-73.991909798598,40.744874605111]]]]},"properties":{"name":null,"base_bbl":"1008010034","construction_year":"2001","ground_elevation":"41","feature_code":"2100","height_roof":"330.85234476","last_status_type":"Constructed","bin":"1085978","last_edited_date":"2017-08-22T19:29:59.000Z","geom_source":"Photogrammetric","doitt_id":"996655"}},{"type":"Feature","geometry":{"type":"MultiPolygon","coordinates":[[[[-73.99118105008,40.740452680008],[-73.991284037845,40.740310965995],[-73.991341249791,40.740232240748],[-73.991494416264,40.740296635736],[-73.991525140042,40.740309553077],[-73.991586175646,40.740335213007],[-73.991663448096,40.740367700826],[-73.991648910432,40.740387704545],[-73.99162284161,40.740423576164],[-73.991503249124,40.74058814143],[-73.99118105008,40.740452680008]]]]},"properties":{"name":null,"base_bbl":"1008220045","construction_year":"2005","ground_elevation":"41","feature_code":"2100","height_roof":"185","last_status_type":"Constructed","bin":"1087636","last_edited_date":"2017-08-22T18:59:09.000Z","geom_source":"Other (Manual)","doitt_id":"996658"}},{"type":"Feature","geometry":{"type":"MultiPolygon","coordinates":[[[[-73.990528535312,40.743205991096],[-73.99055370343,40.743171437106],[-73.990681006122,40.742996656357],[-73.990757796987,40.743029010557],[-73.990628761931,40.743206169489],[-73.990610655308,40.743231029212],[-73.990605326345,40.743238345397],[-73.990528535312,40.743205991096]]]]},"properties":{"name":null,"base_bbl":"1008260024","construction_year":"1920","ground_elevation":"37","feature_code":"2100","height_roof":"59","last_status_type":"Constructed","bin":"1015596","last_edited_date":"2017-08-22T18:18:55.000Z","geom_source":"Other (Manual)","doitt_id":"1001203"}},{"type":"Feature","geometry":{"type":"MultiPolygon","coordinates":[[[[-73.98986469513,40.742818597709],[-73.989957148564,40.742691665825],[-73.990038799824,40.742726068683],[-73.989925105074,40.742882165299],[-73.989843452497,40.742847762361],[-73.98986469513,40.742818597709]]]]},"properties":{"name":null,"base_bbl":"1008260033","construction_year":"1925","ground_elevation":"39","feature_code":"2100","height_roof":"58","last_status_type":"Constructed","bin":"1015601","last_edited_date":"2017-08-22T18:24:59.000Z","geom_source":"Other (Manual)","doitt_id":"1014857"}},{"type":"Feature","geometry":{"type":"MultiPolygon","coordinates":[[[[-73.989358613762,40.744655334119],[-73.989516854185,40.744438089643],[-73.989600209848,40.744473209761],[-73.989436249597,40.744698308047],[-73.989352893739,40.744663186911],[-73.989354249728,40.744661325688],[-73.989358613762,40.744655334119]]]]},"properties":{"name":null,"base_bbl":"1008280059","construction_year":"1908","ground_elevation":"42","feature_code":"2100","height_roof":"153","last_status_type":"Constructed","bin":"1015659","last_edited_date":"2020-01-28T17:18:05.000Z","geom_source":"Other (Manual)","doitt_id":"1020540"}},{"type":"Feature","geometry":{"type":"MultiPolygon","coordinates":[[[[-73.990503342662,40.74323804257],[-73.990346229164,40.743171844947],[-73.990375956602,40.743131030152],[-73.990452665784,40.743163350329],[-73.990492558453,40.743108580288],[-73.990599188451,40.742962183703],[-73.990681006122,40.742996656357],[-73.99055370343,40.743171437106],[-73.990528535312,40.743205991096],[-73.990504756255,40.743238638822],[-73.990503342662,40.74323804257]]]]},"properties":{"name":null,"base_bbl":"1008260025","construction_year":"1930","ground_elevation":"38","feature_code":"2100","height_roof":"16","last_status_type":"Constructed","bin":"1015597","last_edited_date":"2017-08-22T17:42:38.000Z","geom_source":"Other (Manual)","doitt_id":"1026073"}},{"type":"Feature","geometry":{"type":"MultiPolygon","coordinates":[[[[-73.992485458258,40.740230226485],[-73.992623288584,40.740043172988],[-73.992638203579,40.740022930536],[-73.992716278795,40.740056212849],[-73.992563532457,40.740263508901],[-73.992485458258,40.740230226485]]]]},"properties":{"name":null,"base_bbl":"1008210058","construction_year":"1852","ground_elevation":"37","feature_code":"2100","height_roof":"17","last_status_type":"Constructed","bin":"1015481","last_edited_date":"2020-01-28T17:17:09.000Z","geom_source":"Other (Manual)","doitt_id":"1031870"}},{"type":"Feature","geometry":{"type":"MultiPolygon","coordinates":[[[[-73.988250204359,40.744659313802],[-73.988412852684,40.744436557488],[-73.988475525844,40.74446302697],[-73.988488054089,40.7444683187],[-73.988485057842,40.744472422011],[-73.988452174903,40.74451745757],[-73.98831291636,40.744708180781],[-73.988237715953,40.744676418555],[-73.988250204359,40.744659313802]]]]},"properties":{"name":null,"base_bbl":"1008290030","construction_year":"1920","ground_elevation":"42","feature_code":"2100","height_roof":"46","last_status_type":"Constructed","bin":"1080701","last_edited_date":"2017-08-22T18:38:51.000Z","geom_source":"Other (Manual)","doitt_id":"1040714"}},{"type":"Feature","geometry":{"type":"MultiPolygon","coordinates":[[[[-73.989436249597,40.744698308047],[-73.989600209848,40.744473209761],[-73.989603812369,40.744468264503],[-73.989685539028,40.744502699126],[-73.989523696462,40.744724889989],[-73.989518614772,40.744731865753],[-73.989517976452,40.744732742789],[-73.989436249597,40.744698308047]]]]},"properties":{"name":null,"base_bbl":"1008280060","construction_year":"1911","ground_elevation":"42","feature_code":"2100","height_roof":"82","last_status_type":"Constructed","bin":"1015660","last_edited_date":"2020-01-28T17:17:34.000Z","geom_source":"Other (Manual)","doitt_id":"1048428"}},{"type":"Feature","geometry":{"type":"MultiPolygon","coordinates":[[[[-73.990762337955,40.744435485718],[-73.990897705841,40.744250103739],[-73.990917387643,40.744223150419],[-73.990949078626,40.744179750282],[-73.991109955259,40.744247702452],[-73.991261633135,40.744039980622],[-73.991263925769,40.744036840728],[-73.991652348098,40.744200904063],[-73.99135356656,40.744610084955],[-73.991311639225,40.74466750442],[-73.990762337955,40.744435485718]]]]},"properties":{"name":null,"base_bbl":"1008270001","construction_year":"2005","ground_elevation":"40","feature_code":"2100","height_roof":"411","last_status_type":"Constructed","bin":"1087526","last_edited_date":"2017-08-22T19:05:04.000Z","geom_source":"Other (Manual)","doitt_id":"1075771"}},{"type":"Feature","geometry":{"type":"MultiPolygon","coordinates":[[[[-73.991910187335,40.74442278754],[-73.991943545136,40.744376989198],[-73.992066272956,40.744428695814],[-73.992031572617,40.744473929481],[-73.992033918017,40.744474917499],[-73.992000560229,40.744520715867],[-73.991876829488,40.744468586773],[-73.991910187335,40.74442278754]]]]},"properties":{"name":null,"base_bbl":"1008010034","construction_year":"2001","ground_elevation":"40","feature_code":"2100","height_roof":"40.73009497","last_status_type":"Constructed","bin":"1015012","last_edited_date":"2017-08-22T17:39:51.000Z","geom_source":"Photogrammetric","doitt_id":"1081732"}},{"type":"Feature","geometry":{"type":"MultiPolygon","coordinates":[[[[-73.993460224182,40.740632251719],[-73.993582869017,40.740465802532],[-73.993640482902,40.740490361662],[-73.993634245118,40.740498827887],[-73.993659454834,40.740509574131],[-73.993543047923,40.740667557179],[-73.993460224182,40.740632251719]]]]},"properties":{"name":null,"base_bbl":"1008210071","construction_year":"1855","ground_elevation":"35","feature_code":"2100","height_roof":"60","last_status_type":"Constructed","bin":"1015486","last_edited_date":"2020-01-28T17:18:37.000Z","geom_source":"Other (Manual)","doitt_id":"1081752"}},{"type":"Feature","geometry":{"type":"MultiPolygon","coordinates":[[[[-73.989675331185,40.744788778429],[-73.989815462416,40.744596394916],[-73.989897771838,40.744631074378],[-73.989757640771,40.74482345889],[-73.989675331185,40.744788778429]]]]},"properties":{"name":null,"base_bbl":"1008280063","construction_year":"1901","ground_elevation":"41","feature_code":"2100","height_roof":"81","last_status_type":"Constructed","bin":"1015662","last_edited_date":"2020-01-28T17:25:21.000Z","geom_source":"Other (Manual)","doitt_id":"1094856"}},{"type":"Feature","geometry":{"type":"MultiPolygon","coordinates":[[[[-73.992200498021,40.741472666309],[-73.992234923419,40.74142545504],[-73.992236005725,40.741423971077],[-73.992254368206,40.741398787827],[-73.992098986981,40.741333243761],[-73.992113218014,40.741313726241],[-73.99211387995,40.741312817674],[-73.992150205747,40.741264079299],[-73.992180655916,40.741222318544],[-73.992269640294,40.741100284201],[-73.992589641238,40.74123678341],[-73.992574432253,40.741257780459],[-73.992433187407,40.741452774314],[-73.992421264636,40.74146637209],[-73.992329532825,40.741427676626],[-73.992312364695,40.741455266123],[-73.992274290238,40.741503794613],[-73.99215520962,40.741672221039],[-73.992080558189,40.741637151982],[-73.992087986357,40.741626965054],[-73.992200498021,40.741472666309]]]]},"properties":{"name":null,"base_bbl":"1008230017","construction_year":"2007","ground_elevation":"37","feature_code":"2100","height_roof":"153","last_status_type":"Constructed","bin":"1088714","last_edited_date":"2017-08-22T18:42:45.000Z","geom_source":"Other (Manual)","doitt_id":"1107018"}},{"type":"Feature","geometry":{"type":"MultiPolygon","coordinates":[[[[-73.988024757303,40.740421098903],[-73.988074859478,40.740352593499],[-73.988072204111,40.740351498207],[-73.988177329932,40.740206838028],[-73.988184471962,40.740197009723],[-73.988192249917,40.740186307089],[-73.98829967793,40.740230611309],[-73.98829007866,40.740243820777],[-73.988179632311,40.740395802537],[-73.988179274789,40.740395654817],[-73.988137009702,40.740454455405],[-73.988296841029,40.740521650504],[-73.988114178704,40.740773007528],[-73.987873822709,40.74067195816],[-73.988049646475,40.740431554577],[-73.988024757303,40.740421098903]]]]},"properties":{"name":null,"base_bbl":"1008510020","construction_year":"2008","ground_elevation":"28","feature_code":"2100","height_roof":"624.97981298","last_status_type":"Constructed","bin":"1087769","last_edited_date":"2017-10-16T21:06:34.000Z","geom_source":"Photogrammetric","doitt_id":"1107079"}},{"type":"Feature","geometry":{"type":"MultiPolygon","coordinates":[[[[-73.992875924143,40.739837401327],[-73.992764612922,40.73998846892],[-73.992697470812,40.739959846558],[-73.992808782137,40.739808779929],[-73.992875924143,40.739837401327]]]]},"properties":{"name":null,"base_bbl":"1008210024","construction_year":"2007","ground_elevation":"36","feature_code":"2100","height_roof":"164","last_status_type":"Constructed","bin":"1084650","last_edited_date":"2017-08-22T18:40:59.000Z","geom_source":"Other (Manual)","doitt_id":"1108005"}},{"type":"Feature","geometry":{"type":"MultiPolygon","coordinates":[[[[-73.992740976985,40.743847676515],[-73.992622946638,40.74400973415],[-73.99256049061,40.744095486308],[-73.992526418127,40.744142267237],[-73.992436904361,40.74426516888],[-73.992398684674,40.744317644304],[-73.992080288758,40.744183500461],[-73.992426412258,40.743708275801],[-73.992740976985,40.743847676515]]]]},"properties":{"name":null,"base_bbl":"1008000037","construction_year":"2006","ground_elevation":"33","feature_code":"2100","height_roof":"451","last_status_type":"Constructed","bin":"1087767","last_edited_date":"2017-08-22T19:28:18.000Z","geom_source":"Other (Manual)","doitt_id":"1108006"}},{"type":"Feature","geometry":{"type":"MultiPolygon","coordinates":[[[[-73.991993807305,40.742130148457],[-73.992056393959,40.742041726588],[-73.991973949163,40.742007968064],[-73.992097823105,40.741832959454],[-73.992411558616,40.741965231733],[-73.992285936841,40.742137600273],[-73.992212837684,40.742106780901],[-73.992183184065,40.74214747011],[-73.992127776956,40.742186631194],[-73.992120064984,40.742183379836],[-73.991993807305,40.742130148457]]]]},"properties":{"name":null,"base_bbl":"1008240015","construction_year":"1906","ground_elevation":"36","feature_code":"2100","height_roof":"160","last_status_type":"Constructed","bin":"1080668","last_edited_date":"2017-08-22T17:33:34.000Z","geom_source":"Other (Manual)","doitt_id":"1109618"}},{"type":"Feature","geometry":{"type":"MultiPolygon","coordinates":[[[[-73.986663216533,40.741096871919],[-73.986626803773,40.741081537462],[-73.986118001181,40.740867257385],[-73.986092427896,40.740856486934],[-73.986092649357,40.740856182589],[-73.986435493053,40.74038523111],[-73.986738984551,40.740513045744],[-73.98671112126,40.7405513213],[-73.987036670213,40.74068842372],[-73.987440365134,40.7408584347],[-73.987468228135,40.740820158969],[-73.987762658835,40.740944152661],[-73.987772693171,40.740948378907],[-73.987751100863,40.740978041125],[-73.987555112462,40.741247270897],[-73.987282574971,40.741132496692],[-73.98716509945,40.741308234768],[-73.986799028773,40.741154067976],[-73.986663216533,40.741096871919]]]]},"properties":{"name":null,"base_bbl":"1008530002","construction_year":"1932","ground_elevation":"35","feature_code":"2100","height_roof":"233","last_status_type":"Constructed","bin":"1088749","last_edited_date":"2017-08-22T19:14:21.000Z","geom_source":"Other (Manual)","doitt_id":"1114315"}},{"type":"Feature","geometry":{"type":"MultiPolygon","coordinates":[[[[-73.986624715899,40.741084404434],[-73.986626803773,40.741081537462],[-73.986663216533,40.741096871919],[-73.986661255378,40.74109956511],[-73.986638741162,40.741130493125],[-73.986610544774,40.741169225172],[-73.986582483361,40.741207772624],[-73.986556443477,40.74124354314],[-73.986555179853,40.74124527917],[-73.986518767036,40.741229943778],[-73.986520620432,40.74122739736],[-73.986546081217,40.741192422833],[-73.986574139092,40.741153880793],[-73.986602346153,40.741115133447],[-73.986624715899,40.741084404434]]]]},"properties":{"name":null,"base_bbl":"1270029994","construction_year":"2016","ground_elevation":"36","feature_code":"2110","height_roof":"442","last_status_type":"Constructed","bin":"1795006","last_edited_date":"2017-08-10T15:30:17.000Z","geom_source":"Other (Manual)","doitt_id":"1115385"}},{"type":"Feature","geometry":{"type":"MultiPolygon","coordinates":[[[[-73.993189400983,40.739492922147],[-73.993337203671,40.739564482413],[-73.993178046096,40.739769814016],[-73.993031899611,40.739707856659],[-73.993038371852,40.739699023973],[-73.993143450212,40.739555628962],[-73.993189400983,40.739492922147]]]]},"properties":{"name":null,"base_bbl":"1008200001","construction_year":"1900","ground_elevation":"37","feature_code":"2100","height_roof":"117.72334498","last_status_type":"Constructed","bin":"1080647","last_edited_date":"2019-01-22T17:36:52.000Z","geom_source":"Photogrammetric","doitt_id":"1117112"}},{"type":"Feature","geometry":{"type":"MultiPolygon","coordinates":[[[[-73.990942709932,40.743334341249],[-73.990978186397,40.743285633808],[-73.991049604564,40.743187579567],[-73.991184507289,40.743244421867],[-73.991170253068,40.743263991495],[-73.991171493816,40.743264514784],[-73.991145498226,40.743300204385],[-73.991101972842,40.743359955975],[-73.99108419201,40.743384370046],[-73.99107885006,40.743391704262],[-73.990942709932,40.743334341249]]]]},"properties":{"name":null,"base_bbl":"1008260017","construction_year":"2006","ground_elevation":"36","feature_code":"2100","height_roof":"162.071","last_status_type":"Constructed","bin":"1084652","last_edited_date":"2017-08-22T19:31:56.000Z","geom_source":"Photogrammetric","doitt_id":"1117751"}},{"type":"Feature","geometry":{"type":"MultiPolygon","coordinates":[[[[-73.993099899902,40.742790477231],[-73.993291159595,40.742872289688],[-73.993245025375,40.742935635863],[-73.993053076384,40.74285476702],[-73.993099899902,40.742790477231]]]]},"properties":{"name":null,"base_bbl":"1007980049","construction_year":"1871","ground_elevation":"34","feature_code":"2100","height_roof":"74.15802952","last_status_type":"Constructed","bin":"1014803","last_edited_date":"2020-01-28T17:16:37.000Z","geom_source":"Photogrammetric","doitt_id":"1118257"}},{"type":"Feature","geometry":{"type":"MultiPolygon","coordinates":[[[[-73.993991325985,40.739529422005],[-73.993699559805,40.739930154752],[-73.993913074986,40.740020670829],[-73.993878419559,40.740066728146],[-73.993178046096,40.739769814016],[-73.993337203671,40.739564482413],[-73.993189400983,40.739492922147],[-73.99321885741,40.73945272433],[-73.993255661463,40.739468326882],[-73.993282901242,40.739431154623],[-73.993246097203,40.739415551179],[-73.993359067715,40.739261383657],[-73.993991325985,40.739529422005]]]]},"properties":{"name":null,"base_bbl":"1008200001","construction_year":"1900","ground_elevation":"35","feature_code":"2100","height_roof":"121.63","last_status_type":"Constructed","bin":"1080645","last_edited_date":"2019-01-22T17:37:08.000Z","geom_source":"Photogrammetric","doitt_id":"1118771"}},{"type":"Feature","geometry":{"type":"MultiPolygon","coordinates":[[[[-73.989197061427,40.743501819257],[-73.989207931579,40.743443684445],[-73.98922723113,40.743447685403],[-73.989344362379,40.743496792838],[-73.989363817513,40.743505351253],[-73.989436267893,40.743537225061],[-73.989478564328,40.743554959013],[-73.989461393903,40.743578650683],[-73.989442795259,40.743604311628],[-73.989197061427,40.743501819257]]]]},"properties":{"name":null,"base_bbl":"1008270049","construction_year":"1896","ground_elevation":"41","feature_code":"2100","height_roof":"25.57500623","last_status_type":"Constructed","bin":"1086728","last_edited_date":"2017-08-22T18:36:44.000Z","geom_source":"Photogrammetric","doitt_id":"1118932"}},{"type":"Feature","geometry":{"type":"MultiPolygon","coordinates":[[[[-73.992620934916,40.739904327199],[-73.992725371551,40.739761630426],[-73.992801549947,40.739794103907],[-73.992800676083,40.739795289821],[-73.992696574762,40.739936571986],[-73.992620934916,40.739904327199]]]]},"properties":{"name":null,"base_bbl":"1008210025","construction_year":"1856","ground_elevation":"33","feature_code":"2100","height_roof":"61.7289892","last_status_type":"Constructed","bin":"1015470","last_edited_date":"2020-01-28T17:22:59.000Z","geom_source":"Photogrammetric","doitt_id":"1119061"}},{"type":"Feature","geometry":{"type":"MultiPolygon","coordinates":[[[[-73.989647592036,40.740361631328],[-73.989778931195,40.740372867881],[-73.989772451698,40.740425731591],[-73.989771183786,40.74042520018],[-73.989640164095,40.740414563385],[-73.989647592036,40.740361631328]]]]},"properties":{"name":null,"base_bbl":"1008500011","construction_year":"1846","ground_elevation":"40","feature_code":"2100","height_roof":"42.37718924","last_status_type":"Constructed","bin":"1080767","last_edited_date":"2022-05-26T17:18:59.000Z","geom_source":"Photogrammetric","doitt_id":"1119067"}},{"type":"Feature","geometry":{"type":"MultiPolygon","coordinates":[[[[-73.991846444457,40.740538370876],[-73.991790547239,40.740615289145],[-73.991746274608,40.740676210706],[-73.991670514865,40.740643479016],[-73.991770194588,40.740506314596],[-73.991846444457,40.740538370876]]]]},"properties":{"name":null,"base_bbl":"1008220051","construction_year":"2009","ground_elevation":"36","feature_code":"2100","height_roof":"149","last_status_type":"Constructed","bin":"1088616","last_edited_date":"2017-08-22T18:38:03.000Z","geom_source":"Other (Manual)","doitt_id":"1223536"}},{"type":"Feature","geometry":{"type":"MultiPolygon","coordinates":[[[[-73.988101502338,40.741488644764],[-73.988179490988,40.741472890315],[-73.988202428541,40.741468256855],[-73.98821819818,40.741465070673],[-73.98824784361,40.741549964519],[-73.988231216738,40.741553323514],[-73.988206758906,40.741558263897],[-73.988131146446,40.741573537739],[-73.988101502338,40.741488644764]]]]},"properties":{"name":null,"base_bbl":"1008520001","construction_year":"1906","ground_elevation":"40","feature_code":"2100","height_roof":"16.528","last_status_type":"Constructed","bin":"1016740","last_edited_date":"2016-11-28T00:00:00.000Z","geom_source":"Photogrammetric","doitt_id":"1228632"}},{"type":"Feature","geometry":{"type":"MultiPolygon","coordinates":[[[[-73.992976763465,40.74423305856],[-73.992739301298,40.744133308199],[-73.992868237997,40.743954474679],[-73.993108677674,40.744052330288],[-73.992976763465,40.74423305856]]]]},"properties":{"name":null,"base_bbl":"1008000050","construction_year":"2015","ground_elevation":"34","feature_code":"2100","height_roof":"85","last_status_type":"Initialization","bin":"1089732","last_edited_date":"2019-10-24T17:24:50.000Z","geom_source":"Other (Manual)","doitt_id":"1264336"}},{"type":"Feature","geometry":{"type":"MultiPolygon","coordinates":[[[[-73.991498285913,40.74077489548],[-73.991342317474,40.740990416689],[-73.99129463502,40.741055807935],[-73.991308435521,40.741061629857],[-73.991317849745,40.741065600903],[-73.99117852607,40.741256639242],[-73.990739457055,40.741069759429],[-73.990912094735,40.74083140439],[-73.990993179526,40.740865379695],[-73.991161780166,40.7406325963],[-73.991439300433,40.740749952462],[-73.991498285913,40.74077489548]]]]},"properties":{"name":null,"base_bbl":"1008230031","construction_year":"2017","ground_elevation":"39","feature_code":"2100","height_roof":"144","last_status_type":"Constructed","bin":"1090231","last_edited_date":"2019-01-24T22:35:43.000Z","geom_source":"Other (Manual)","doitt_id":"1279565"}},{"type":"Feature","geometry":{"type":"MultiPolygon","coordinates":[[[[-73.992376282566,40.740380685992],[-73.992269471106,40.740527666891],[-73.992195346107,40.740496503438],[-73.99230215768,40.740349522607],[-73.992376282566,40.740380685992]]]]},"properties":{"name":null,"base_bbl":"1008220019","construction_year":"2016","ground_elevation":"34","feature_code":"2100","height_roof":"156","last_status_type":"Constructed","bin":"1089879","last_edited_date":"2019-01-22T17:36:51.000Z","geom_source":"Other (Manual)","doitt_id":"1284321"}},{"type":"Feature","geometry":{"type":"MultiPolygon","coordinates":[[[[-73.990513667873,40.744329901791],[-73.990623664126,40.744179265899],[-73.990684402192,40.744204921765],[-73.990574406035,40.744355557715],[-73.990513667873,40.744329901791]]]]},"properties":{"name":null,"base_bbl":"1008270067","construction_year":"2018","ground_elevation":"44","feature_code":"2100","height_roof":"59","last_status_type":"Constructed","bin":"1015630","last_edited_date":"2018-04-24T16:58:59.000Z","geom_source":"Other (Manual)","doitt_id":"1284463"}},{"type":"Feature","geometry":{"type":"MultiPolygon","coordinates":[[[[-73.990541461596,40.74372641856],[-73.99051295258,40.743765438784],[-73.990474733184,40.743749285939],[-73.990503242217,40.743710265724],[-73.990541461596,40.74372641856]]]]},"properties":{"name":null,"base_bbl":"1008270017","construction_year":null,"ground_elevation":"42","feature_code":"2100","height_roof":"9","last_status_type":"Constructed","bin":"1015615","last_edited_date":"2018-05-07T15:49:12.000Z","geom_source":"Other (Manual)","doitt_id":"1284575"}},{"type":"Feature","geometry":{"type":"MultiPolygon","coordinates":[[[[-73.988623924052,40.739361381682],[-73.988590036936,40.739346889165],[-73.9886213919,40.73930447386],[-73.988655279001,40.739318966368],[-73.988623924052,40.739361381682]]]]},"properties":{"name":null,"base_bbl":"1008490053","construction_year":null,"ground_elevation":"38","feature_code":"2100","height_roof":"0","last_status_type":"Constructed","bin":"1084663","last_edited_date":"2018-05-07T16:03:38.000Z","geom_source":"Other (Manual)","doitt_id":"1284576"}},{"type":"Feature","geometry":{"type":"MultiPolygon","coordinates":[[[[-73.987530537643,40.739954495822],[-73.987542759476,40.740016979753],[-73.987503906521,40.740067486808],[-73.987418701835,40.740072242118],[-73.987253320127,40.74000360527],[-73.987151814758,40.73996147816],[-73.987255209424,40.739819203166],[-73.987495070114,40.739920047567],[-73.987484185838,40.739935024526],[-73.987530537643,40.739954495822]]]]},"properties":{"name":null,"base_bbl":"1008510032","construction_year":"2015","ground_elevation":"35","feature_code":"2100","height_roof":"778","last_status_type":"Constructed","bin":"1089831","last_edited_date":"2019-12-04T17:53:12.000Z","geom_source":"Other (Manual)","doitt_id":"1284682"}},{"type":"Feature","geometry":{"type":"MultiPolygon","coordinates":[[[[-73.991153484021,40.742374411242],[-73.990952428442,40.742651895899],[-73.990963392647,40.74265619488],[-73.990823544589,40.742849226428],[-73.990699670314,40.74279395958],[-73.990832304534,40.742610477484],[-73.990770500942,40.742585996766],[-73.990803759311,40.742539053289],[-73.99084399669,40.742555755498],[-73.991015775349,40.742312829311],[-73.991153484021,40.742374411242]]]]},"properties":{"name":null,"base_bbl":"1008250020","construction_year":"2019","ground_elevation":"36","feature_code":"2100","height_roof":"274","last_status_type":"Constructed","bin":"1091569","last_edited_date":"2024-12-31T17:45:21.000Z","geom_source":"Other (Manual)","doitt_id":"1290571"}},{"type":"Feature","geometry":{"type":"MultiPolygon","coordinates":[[[[-73.992550005802,40.744332860147],[-73.99267015276,40.744170340769],[-73.99294160596,40.744286424051],[-73.992820616319,40.744450083699],[-73.992550005802,40.744332860147]]]]},"properties":{"name":null,"base_bbl":"1008000049","construction_year":"2019","ground_elevation":"37","feature_code":"2100","height_roof":"85","last_status_type":"Constructed","bin":"1014986","last_edited_date":"2019-12-05T16:31:15.000Z","geom_source":"Other (Manual)","doitt_id":"1290984"}},{"type":"Feature","geometry":{"type":"MultiPolygon","coordinates":[[[[-73.99236943323,40.74095232985],[-73.992479348686,40.740801592152],[-73.992531522481,40.740824007373],[-73.992422245285,40.740974463302],[-73.99236943323,40.74095232985]]]]},"properties":{"name":null,"base_bbl":"1008220059","construction_year":"2023","ground_elevation":"37","feature_code":"2100","height_roof":"90","last_status_type":"Constructed","bin":"1089403","last_edited_date":"2023-04-17T15:12:03.000Z","geom_source":"Other (Manual)","doitt_id":"1299491"}},{"type":"Feature","geometry":{"type":"MultiPolygon","coordinates":[[[[-73.988691366189,40.74479429215],[-73.988361835985,40.744655113015],[-73.988403944685,40.744597441599],[-73.98870412041,40.744724223164],[-73.988691366189,40.74479429215]]]]},"properties":{"name":null,"base_bbl":"1008290028","construction_year":"2024","ground_elevation":"40","feature_code":"2100","height_roof":"148","last_status_type":"Constructed","bin":"1090657","last_edited_date":"2025-03-04T23:28:11.000Z","geom_source":"Other (Manual)","doitt_id":"1303193"}}], "crs" : { "type": "name", "properties": { "name": "urn:ogc:def:crs:OGC:1.3:CRS84" } } }