{ "type": "FeatureCollection", "features": [{"type":"Feature","geometry":{"type":"MultiPolygon","coordinates":[[[[-73.99374135766575,40.741711583575295],[-73.99374172947799,40.74171105589839],[-73.9937576724047,40.7416884054097],[-73.99375827038259,40.741687556264026],[-73.99375874047615,40.74168688811325],[-73.99377498611767,40.741693504117144],[-73.99377448642134,40.74169421459018],[-73.99377378660967,40.74169520871213],[-73.99375794433682,40.74171771422685],[-73.99375760331165,40.741718198681134],[-73.99374135766575,40.741711583575295]]]]},"properties":{"source_id":"0.0","sub_code":"380000","feat_code":"3800","status":"New"}},{"type":"Feature","geometry":{"type":"MultiPolygon","coordinates":[[[[-73.99337774665132,40.74221074128694],[-73.99337955245505,40.7422081758464],[-73.99339721380036,40.74218308423357],[-73.99341346071101,40.74218969938756],[-73.99339569161411,40.742214942281834],[-73.99339546781292,40.74221526014797],[-73.99339399238276,40.74221735644358],[-73.99337774665132,40.74221074128694]]]]},"properties":{"source_id":"0.0","sub_code":"380000","feat_code":"3800","status":"New"}},{"type":"Feature","geometry":{"type":"MultiPolygon","coordinates":[[[[-73.99328698811276,40.742332292765646],[-73.99330521080677,40.742306405151965],[-73.99330564420092,40.7423057901309],[-73.99332188994838,40.74231240529762],[-73.99332126946065,40.742313286857936],[-73.99330323504884,40.7423389079351],[-73.99328698811276,40.742332292765646]]]]},"properties":{"source_id":"0.0","sub_code":"380000","feat_code":"3800","status":"New"}},{"type":"Feature","geometry":{"type":"MultiPolygon","coordinates":[[[[-73.99278735003378,40.74301927188763],[-73.99280288624615,40.74299720053573],[-73.99281913329621,40.74300381667331],[-73.99280359708777,40.743025887126876],[-73.99278735003378,40.74301927188763]]]]},"properties":{"source_id":"0.0","sub_code":"380000","feat_code":"3800","status":"New"}},{"type":"Feature","geometry":{"type":"MultiPolygon","coordinates":[[[[-73.99154029082736,40.744758672526714],[-73.99152666986534,40.744778009005096],[-73.99150878034827,40.74477090719271],[-73.99152204019545,40.744751531968035],[-73.99154029082736,40.744758672526714]]]]},"properties":{"source_id":"0.0","sub_code":"380000","feat_code":"3800","status":"New"}},{"type":"Feature","geometry":{"type":"MultiPolygon","coordinates":[[[[-73.9918691391002,40.74427625786451],[-73.99188570270013,40.74425205341237],[-73.99190414024864,40.74425967119557],[-73.99188693015978,40.744284105234044],[-73.9918691391002,40.74427625786451]]]]},"properties":{"source_id":"0.0","sub_code":"380000","feat_code":"3800","status":"New"}},{"type":"Feature","geometry":{"type":"MultiPolygon","coordinates":[[[[-73.98882048427595,40.7446117580126],[-73.98882382763384,40.74459227587531],[-73.98882507205911,40.74458502601687],[-73.98885229403702,40.74459657585192],[-73.98885144081063,40.744600998157566],[-73.98884762973181,40.744620748601314],[-73.98884730977119,40.74462241000517],[-73.98882048427595,40.7446117580126]]]]},"properties":{"source_id":"0.0","sub_code":"380000","feat_code":"3800","status":"New"}},{"type":"Feature","geometry":{"type":"MultiPolygon","coordinates":[[[[-73.98974743599612,40.739261516099674],[-73.9897477084518,40.73926050575465],[-73.9897543847937,40.73923577751657],[-73.98975446179213,40.73923549116207],[-73.98975496524186,40.73923362805716],[-73.9897862731322,40.73924593807194],[-73.98978592604033,40.739247276195094],[-73.98978564054842,40.73924837658974],[-73.98977941539904,40.73927238176226],[-73.98977904698388,40.739273801829654],[-73.98974743599612,40.739261516099674]]]]},"properties":{"source_id":"0.0","sub_code":"380000","feat_code":"3800","status":"New"}},{"type":"Feature","geometry":{"type":"MultiPolygon","coordinates":[[[[-73.99231619475451,40.74366248154765],[-73.99233027109949,40.74364311618699],[-73.99233158198611,40.743641312559156],[-73.99233688118821,40.743634022408926],[-73.99235620551893,40.743640840529416],[-73.99234990095032,40.74364951469269],[-73.9923488849247,40.74365091221176],[-73.99233499686797,40.743670019141774],[-73.99231619475451,40.74366248154765]]]]},"properties":{"source_id":"0.0","sub_code":"380000","feat_code":"3800","status":"New"}},{"type":"Feature","geometry":{"type":"MultiPolygon","coordinates":[[[[-73.99240405264061,40.743540123811194],[-73.99240744885665,40.74353545040483],[-73.99242109174038,40.743516680239104],[-73.992440303549,40.74352365412593],[-73.99242606266081,40.74354324641727],[-73.9924224532941,40.74354821247484],[-73.99240405264061,40.743540123811194]]]]},"properties":{"source_id":"0.0","sub_code":"380000","feat_code":"3800","status":"New"}},{"type":"Feature","geometry":{"type":"MultiPolygon","coordinates":[[[[-73.98678671994526,40.739591931185515],[-73.9867967907393,40.73957810865283],[-73.98680123993519,40.73957200192227],[-73.98680133232924,40.73957175789534],[-73.98680142827475,40.73957151566989],[-73.98680153605956,40.73957127254527],[-73.98680165449808,40.73957103752645],[-73.9868017847756,40.739570803409485],[-73.98680192689197,40.73957057109485],[-73.98680208084627,40.73957034508516],[-73.98680224545552,40.7395701208777],[-73.98680227506061,40.7395700848608],[-73.98680242071858,40.73956990387554],[-73.98680260071698,40.73956968867489],[-73.98680279018512,40.73956948157992],[-73.98680299149098,40.7395692816904],[-73.98680320463572,40.7395690836032],[-73.98680342843416,40.73956889362182],[-73.98680365341613,40.739568705441556],[-73.9868038902357,40.739568525367226],[-73.98680412942153,40.73956835339775],[-73.98680437570957,40.73956818773264],[-73.98680464804387,40.73956802207044],[-73.98680491090427,40.73956786901438],[-73.98680519270567,40.73956772496548],[-73.98680546740188,40.73956758902032],[-73.98680576104087,40.73956745307738],[-73.98680604638862,40.739567336044125],[-73.9868063435754,40.7395672199127],[-73.98680665023194,40.73956711188696],[-73.98680695807062,40.73956701286642],[-73.98680726709158,40.73956692195058],[-73.9868075855834,40.739566833737356],[-73.98680790525592,40.739566761733414],[-73.98680822611074,40.7395666978341],[-73.98680855643657,40.73956663573696],[-73.98680888675915,40.739566589848934],[-73.98680921826373,40.73956655386662],[-73.98680954976813,40.73956651878479],[-73.98680988126931,40.73956649991212],[-73.98681021395404,40.73956648284057],[-73.98681054545166,40.739566481978045],[-73.98681087813284,40.73956648291664],[-73.98681122028218,40.73956650006547],[-73.98681155177589,40.73956651901407],[-73.98681188326637,40.73956655417183],[-73.98681221475668,40.73956659023008],[-73.98681254387718,40.739566636193636],[-73.986812865891,40.73956669836549],[-73.9868131867205,40.739566762338264],[-73.98681350636448,40.739566834415456],[-73.9868138248226,40.73956691639806],[-73.98681414209393,40.73956701278867],[-73.98681445107728,40.73956711187985],[-73.98681474940364,40.73956721997488],[-73.98681504536175,40.73956732987068],[-73.98681534013271,40.73956745597545],[-73.98681562543096,40.73956758928318],[-73.98681583733273,40.73956768926373],[-73.98681590836077,40.73956772529216],[-73.98681618181769,40.73956786940463],[-73.98681645172103,40.73956802252178],[-73.98681671215122,40.7395681846429],[-73.98681696192597,40.73956834766331],[-73.98681720932987,40.739568525992105],[-73.98681744726186,40.7395687070213],[-73.98681767217093,40.7395688871485],[-73.98681789589254,40.739569085285716],[-73.98681810777632,40.73956927621754],[-73.986818309002,40.739569481556224],[-73.98681849957192,40.73956968959522],[-73.98681867830118,40.73956990483694],[-73.98681885466222,40.73957012187938],[-73.98681902036658,40.73957034612468],[-73.98681916476025,40.739570571268025],[-73.9868193056018,40.739570798211965],[-73.9868194369707,40.739571031458404],[-73.98681956478607,40.73957127370949],[-73.98681967247488,40.73957151595828],[-73.98681976714033,40.7395717591061],[-73.98681986062167,40.739572003154265],[-73.98681993279234,40.73957224810053],[-73.98681999312252,40.739572499348945],[-73.98682004990077,40.739572751497484],[-73.98682008773633,40.73957300364388],[-73.98682012083619,40.73957325578972],[-73.98682013145229,40.73957345390252],[-73.98682013499337,40.73957350793339],[-73.98682014559718,40.73957376818122],[-73.986820134892,40.73957402032204],[-73.98682012181904,40.7395742724626],[-73.98682009690663,40.73957452550229],[-73.98682005186782,40.739574777639184],[-73.9868200020933,40.73957502977555],[-73.98681997720803,40.73957514593815],[-73.98681994284762,40.73957528101032],[-73.9868198611075,40.739575532242476],[-73.9868197770009,40.73957577627031],[-73.98681968342319,40.73957601939659],[-73.98681957563836,40.73957626252123],[-73.9868194572001,40.73957649663957],[-73.98681932692244,40.739576731657095],[-73.98681918598992,40.73957696487233],[-73.98681911256531,40.7395770738253],[-73.98681903203564,40.739577190882045],[-73.98681886742644,40.73957741508952],[-73.98681869926695,40.73957763209254],[-73.98681852163661,40.739577846392976],[-73.98681832269692,40.73957805438738],[-73.98681812139102,40.739578254276935],[-73.98681791771769,40.73957845236524],[-73.98681769510192,40.73957864865039],[-73.98681316419542,40.7395848625326],[-73.98680317038195,40.739598567109084],[-73.98678671994526,40.739591931185515]]]]},"properties":{"source_id":"12380000105.0","sub_code":"380000","feat_code":"3800","status":"Unchanged"}},{"type":"Feature","geometry":{"type":"MultiPolygon","coordinates":[[[[-73.98687838062551,40.73946356984508],[-73.98689154694772,40.739445647646654],[-73.98690893958052,40.73945318146832],[-73.98689307084611,40.739474738709234],[-73.98689302466249,40.739474793634905],[-73.98689276297948,40.73947498271165],[-73.98689249182685,40.73947516278226],[-73.98689221830658,40.739475341952094],[-73.98689193294892,40.73947551211551],[-73.98689163693882,40.739475667869606],[-73.98689150195892,40.739475735392254],[-73.98689133027415,40.73947582002041],[-73.98689102361111,40.73947596406667],[-73.98689071339805,40.73947609910746],[-73.9868903842441,40.73947622514101],[-73.98689006337794,40.73947634937452],[-73.98688973067554,40.739476458298036],[-73.9868893991589,40.739476558216595],[-73.98688905698894,40.739476648228376],[-73.9868887124515,40.739476736438846],[-73.9868883584457,40.73947680933967],[-73.98688800444184,40.73947687233488],[-73.98688765872706,40.73947692722645],[-73.98688729407147,40.7394769722103],[-73.98688693770512,40.739477008190015],[-73.98688658134054,40.73947703516465],[-73.98688621669032,40.73947705313329],[-73.98688585914552,40.73947706119717],[-73.98688549331489,40.7394770611555],[-73.98688513695757,40.739477051209306],[-73.9868847711319,40.73947702595344],[-73.98688441477815,40.739476997997166],[-73.98688405013873,40.73947696103479],[-73.98688369497384,40.739476907864436],[-73.98688334809671,40.73947685289398],[-73.98688299411933,40.7394767817136],[-73.98688265079893,40.739476701529334],[-73.9868823074789,40.73947661954407],[-73.98688224947027,40.73947660242781],[-73.98688196534594,40.7394765213498],[-73.98688163268473,40.73947642135559],[-73.9868813012106,40.73947630515239],[-73.98688097092055,40.73947618804879],[-73.98688065247329,40.73947605293643],[-73.98688034349766,40.73947591602415],[-73.98688003570881,40.73947576470383],[-73.9868797397595,40.739475611583856],[-73.98687944381197,40.73947544945882],[-73.98687916088934,40.739475278330204],[-73.9868788874398,40.73947509819758],[-73.98687861635825,40.73947491716474],[-73.98687835593357,40.73947472802851],[-73.98687810616595,40.73947452988845],[-73.98687786942318,40.73947432274479],[-73.98687763268201,40.73947410749659],[-73.98687741843558,40.73947389044987],[-73.98687720537455,40.739473666199316],[-73.9868770041531,40.73947344014901],[-73.98687681477219,40.739473206896065],[-73.98687662776086,40.73947296463826],[-73.98687646087653,40.73947272058177],[-73.98687630583139,40.73947247652664],[-73.98687615433956,40.739472224367326],[-73.98687602297454,40.73947197130981],[-73.98687590345013,40.73947171104956],[-73.9868757862937,40.739471449889066],[-73.98687569163313,40.7394711815271],[-73.98687560762679,40.73947091856939],[-73.98687552598966,40.73947064840789],[-73.98687546684717,40.73947037734845],[-73.9868754183612,40.739470099986676],[-73.98687538289688,40.73946982983043],[-73.9868753592719,40.739469558775006],[-73.98687534748773,40.739469279616394],[-73.98687534754254,40.73946900135965],[-73.9868753582411,40.739468781637115],[-73.98687536061901,40.73946873030847],[-73.98687538316808,40.73946845295475],[-73.9868754199231,40.73946818100574],[-73.98687546851693,40.7394679108591],[-73.9868755372374,40.73946764071472],[-73.9868756106917,40.73946737957596],[-73.98687569362075,40.739467101328636],[-73.98687579785734,40.73946683839238],[-73.98687590564508,40.73946657815806],[-73.98687603474357,40.73946631702564],[-73.98687616620806,40.73946606489856],[-73.98687631898314,40.739465812773915],[-73.98687647412581,40.739465561550084],[-73.98687664110608,40.73946531843213],[-73.9868768282114,40.73946508342102],[-73.98687701768432,40.73946484931068],[-73.98687721899461,40.7394646242068],[-73.98687743214413,40.7394643991043],[-73.98687765713105,40.73946418300818],[-73.98687788330172,40.73946396781268],[-73.98687813077984,40.73946376792822],[-73.98687838062551,40.73946356984508]]]]},"properties":{"source_id":"12380000119.0","sub_code":"380000","feat_code":"3800","status":"Unchanged"}},{"type":"Feature","geometry":{"type":"MultiPolygon","coordinates":[[[[-73.98905302781047,40.74213654913691],[-73.98904709754915,40.74213521132022],[-73.98904214292455,40.74213357372724],[-73.9890383923271,40.742132334272725],[-73.98903120025108,40.74212922683886],[-73.98902659981036,40.74212651137212],[-73.98902333607427,40.74212374830569],[-73.98901912187628,40.74211939755468],[-73.98901533039127,40.742114822617644],[-73.98901257832881,40.74211084751732],[-73.98901061242539,40.74210683467061],[-73.98901012834682,40.74210584676824],[-73.98900794383727,40.74209924584359],[-73.98900615741637,40.74209097091436],[-73.98900496309064,40.74208201345734],[-73.98900423546228,40.74207175211074],[-73.98900401606087,40.74205963486771],[-73.98900435906836,40.742047359189144],[-73.98900519691921,40.742035405939276],[-73.98900766658629,40.74201436492854],[-73.9890116584597,40.74198837667746],[-73.98901727803357,40.741956687471564],[-73.98902589641799,40.74191158279757],[-73.98905200925505,40.74182162463191],[-73.98905218221111,40.741821028512675],[-73.98905283257272,40.74181878991406],[-73.98906094373096,40.74179084795179],[-73.98906479969811,40.7417775613368],[-73.9891366021382,40.74153019884716],[-73.98913916565479,40.74152136871675],[-73.98914419910186,40.741504026325806],[-73.98914899443746,40.74148750787612],[-73.98915023841138,40.74148245614868],[-73.98915036869172,40.74148217700376],[-73.98915051081161,40.74148189786],[-73.98915066476955,40.74148162772237],[-73.9891508305685,40.74148134858082],[-73.98915102004354,40.7414810874516],[-73.9891512095186,40.7414808263224],[-73.98915141083174,40.74148057419937],[-73.98915163582396,40.7414803220786],[-73.9891518608147,40.74148007896289],[-73.98915209764499,40.741479835848274],[-73.98915234631185,40.741479610744925],[-73.98915260681827,40.741479385642705],[-73.98915287916421,40.74147916054157],[-73.98915315150721,40.741478953450596],[-73.98915344752783,40.74147875536693],[-73.98915374354843,40.74147855728326],[-73.98915403956757,40.741478368204646],[-73.98915435926432,40.741478188133335],[-73.9891546789596,40.741478017067095],[-73.98915501049292,40.74147785500705],[-73.98915535386433,40.74147770195317],[-73.98915569723427,40.741477557904375],[-73.9891560406042,40.741477413855606],[-73.98915639581074,40.74147728781806],[-73.98915676285536,40.741477170786716],[-73.98915712989843,40.74147706276041],[-73.98915749693865,40.741476972744245],[-73.98915787581838,40.74147688272923],[-73.98915825469665,40.74147680171925],[-73.98915863357345,40.741476729714364],[-73.98915902428688,40.741476675720705],[-73.98915941499881,40.741476630732116],[-73.98915980571076,40.741476585743555],[-73.98916019641977,40.741476558765115],[-73.98916058712732,40.741476540791744],[-73.9891609778334,40.74147653182343],[-73.98916136853656,40.741476540865285],[-73.98916177107924,40.74147654990825],[-73.98916216177946,40.74147657696022],[-73.98916255247822,40.74147661301727],[-73.98916294317546,40.7414766580794],[-73.98916332203176,40.741476712145456],[-73.98916371272612,40.741476775217706],[-73.98916409157948,40.74147684729393],[-73.98916447043139,40.741476928375214],[-73.98916483744084,40.74147702746553],[-73.98916520445013,40.741477127456314],[-73.9891655714568,40.74147724365628],[-73.9891688448941,40.74147843623549],[-73.98917899669404,40.74148213467177],[-73.98918781070769,40.74148533950372],[-73.9891945529255,40.74148779131672],[-73.9893068737902,40.74152973841398],[-73.98930718870356,40.74152985370812],[-73.98930751900775,40.74152997260572],[-73.98933504427511,40.741540412034695],[-73.98935707633504,40.741548761773196],[-73.98939042632304,40.74156141697444],[-73.98940469211868,40.74156683033509],[-73.98940499992851,40.741566946528835],[-73.98943684411041,40.74157854978578],[-73.98944702790529,40.74158226080842],[-73.98945004323753,40.74158353530214],[-73.9894508210036,40.741584119802496],[-73.98945249728487,40.74158537976537],[-73.98945420773967,40.74158765820485],[-73.98945441601605,40.74158828857888],[-73.98945504912929,40.74159020221432],[-73.98945495991748,40.74159282538318],[-73.9894539460545,40.74159533410296],[-73.98944587088123,40.741606575293275],[-73.9894381071544,40.74161738246713],[-73.9894222208752,40.741639496561696],[-73.98928202207854,40.74183466039451],[-73.98926362624961,40.741860712150135],[-73.9892612459463,40.74186408252597],[-73.98925451833132,40.74187361016321],[-73.98924370748463,40.741888920474835],[-73.98923791540771,40.74189712355262],[-73.98908156432081,40.74211854260664],[-73.98906928612107,40.74213593023184],[-73.9890663143359,40.74213612986227],[-73.98905818987781,40.74213667479793],[-73.98905302781047,40.74213654913691]]]]},"properties":{"source_id":"12380000348.0","sub_code":"380000","feat_code":"3800","status":"Updated"}},{"type":"Feature","geometry":{"type":"MultiPolygon","coordinates":[[[[-73.98626594208064,40.740303697836616],[-73.98627761306535,40.740287532421725],[-73.98627798729477,40.74028701377414],[-73.98628798727037,40.74027315796008],[-73.9862946736562,40.74026389343714],[-73.98629489983385,40.74026366653627],[-73.98629514850602,40.740263440538506],[-73.98629539836143,40.74026321814297],[-73.98629565886921,40.74026301015679],[-73.98629594068757,40.740262803073676],[-73.98629621540053,40.74026260499477],[-73.98629650905448,40.74026241592319],[-73.98629680625838,40.74026223585712],[-73.98629711411623,40.740262062996365],[-73.98629743381261,40.74026189373902],[-73.98629775350588,40.74026173979035],[-73.98629780560385,40.740261715482845],[-73.98629808385415,40.7402615876439],[-73.98629841656711,40.74026145080642],[-73.98629875993475,40.74026131757218],[-73.9862991032994,40.7402611987461],[-73.98629945850264,40.740261083523436],[-73.98629981488683,40.74026098270901],[-73.98630018074176,40.74026088549777],[-73.9863005477774,40.740260803595234],[-73.98630091481256,40.74026072439428],[-73.98630129368387,40.740260660503345],[-73.98630167136922,40.740260606517815],[-73.98630205023666,40.74026056153754],[-73.98630242910241,40.740260524661764],[-73.98630280914986,40.740260498592285],[-73.98630318919398,40.74026048873189],[-73.98630357752548,40.740260479772985],[-73.98630395756571,40.74026048882325],[-73.98630433642184,40.740260498773935],[-73.98630472592998,40.74026052493491],[-73.98630510478075,40.74026056100026],[-73.98630548362948,40.7402606069712],[-73.9863058530051,40.74026066104557],[-73.98630623066622,40.74026072502648],[-73.98630659885289,40.74026080341439],[-73.98630696467073,40.74026088630455],[-73.9863073316709,40.7402609772994],[-73.98630768682841,40.74026108450201],[-73.98630804198574,40.740261192605054],[-73.98630838648397,40.74026131871703],[-73.98630872861287,40.740261452032804],[-73.98630907192498,40.74026158895067],[-73.98630939273939,40.740261740274065],[-73.98630972184063,40.7402618952004],[-73.98631003081202,40.74026206453249],[-73.98631033859895,40.74026223656597],[-73.98631050432905,40.74026233564146],[-73.98631064520006,40.740262417604356],[-73.98631093048881,40.740262606744764],[-73.98631121459174,40.740262804890136],[-73.9863114868537,40.740263011138666],[-73.98631174845987,40.740263219186915],[-73.9863120065111,40.74026344254336],[-73.98631224443513,40.74026366769845],[-73.98631248117488,40.740263894654426],[-73.98631270370434,40.74026413691734],[-73.98631290847479,40.7402643791781],[-73.98631310969289,40.74026462413999],[-73.98631329907018,40.740264876304515],[-73.98631347660651,40.740265136572184],[-73.98631364230332,40.740265397738966],[-73.98631379615895,40.74026566790942],[-73.98631393817524,40.74026593807846],[-73.98631406716815,40.74026620914644],[-73.986314185504,40.740266488317765],[-73.98631429081661,40.740266767487526],[-73.98631437481657,40.74026705565981],[-73.98631445645036,40.740267335727246],[-73.98631451795578,40.74026762299637],[-73.98631457472536,40.74026791116543],[-73.98631461136637,40.74026820743668],[-73.98631461609081,40.74026826236817],[-73.98631463498582,40.7402684956018],[-73.98631464676576,40.74026878466602],[-73.98631464670491,40.740269080932855],[-73.98631463362248,40.74026936909362],[-73.98631460041298,40.74026965815251],[-73.98631456365173,40.74026994721096],[-73.98631450557987,40.74027023536637],[-73.98631444395643,40.740270522620825],[-73.9863143622061,40.74027080987294],[-73.98631426743403,40.7402710899194],[-73.98631416082263,40.74027136996447],[-73.98631404237227,40.740271648207155],[-73.9863139120826,40.7402719264484],[-73.98631376995544,40.74027219568315],[-73.98631361599028,40.740272458612985],[-73.98631344900224,40.74027271974024],[-73.98631326188755,40.740272979964594],[-73.98631307122267,40.74027323208392],[-73.9863128699041,40.74027347609748],[-73.98631265674639,40.74027371920911],[-73.9863124329337,40.74027396051842],[-73.98631219610085,40.74027418651758],[-73.98631195690032,40.74027441161595],[-73.98631169757485,40.74027462770688],[-73.98631143588291,40.740274836593464],[-73.98631115406492,40.7402750418756],[-73.98631087935196,40.740275239954535],[-73.98631058333011,40.74027542902587],[-73.98630647628586,40.74028111163867],[-73.98629655092623,40.740294843193226],[-73.98629609024545,40.740295480697526],[-73.98628423807256,40.74031188652811],[-73.98626594208064,40.740303697836616]]]]},"properties":{"source_id":"12380000379.0","sub_code":"380000","feat_code":"3800","status":"Unchanged"}},{"type":"Feature","geometry":{"type":"MultiPolygon","coordinates":[[[[-73.9864156737009,40.7401020776181],[-73.98641567134258,40.740102030791434],[-73.98641568086705,40.74010177054595],[-73.98641569512563,40.74010151840561],[-73.98641572832702,40.740101266267494],[-73.98641576389612,40.740101015030184],[-73.98641581248864,40.74010076289388],[-73.98641588239036,40.74010051796415],[-73.98641595347732,40.74010026673104],[-73.98641603758588,40.740100023604],[-73.98641613234976,40.74009978047821],[-73.98641623895146,40.74009954455787],[-73.98641635739355,40.74009930323592],[-73.98641648767328,40.74009907001989],[-73.98641662860706,40.740098843108704],[-73.98641677309229,40.740098617998946],[-73.98641693770413,40.74009839379204],[-73.98641710468235,40.740098176789495],[-73.98641729178696,40.74009796159031],[-73.9864174812578,40.740097754495984],[-73.98641768256776,40.740097548303595],[-73.98641788506013,40.740097349315356],[-73.98641810886144,40.74009715933473],[-73.9864183338461,40.740096972055774],[-73.9864185611972,40.74009679198115],[-73.98641880748943,40.7400966200133],[-73.9864190573318,40.740096456150425],[-73.98642005921572,40.74009508209449],[-73.98643720019004,40.74007156016363],[-73.98643968239709,40.7400681547375],[-73.98644030768595,40.7400672966277],[-73.98645646577462,40.740073935267446],[-73.98645581561648,40.740074827593666],[-73.98645360697418,40.74007785573977],[-73.98643617468232,40.74010174684676],[-73.98643258756037,40.740106663193764],[-73.98643237441482,40.74010685137465],[-73.98643215061554,40.74010703144973],[-73.98643192563253,40.74010721062419],[-73.98643168762796,40.74010738169252],[-73.98643144962523,40.74010754375579],[-73.9864311914973,40.7401076977121],[-73.9864309404732,40.74010785076875],[-73.98643066932426,40.74010799391748],[-73.98643057578437,40.7401080407328],[-73.98643039817685,40.74010812986211],[-73.98643012466206,40.74010826310495],[-73.98642984049488,40.74010838193845],[-73.98642955632806,40.74010849897089],[-73.98642926150794,40.74010860609653],[-73.98642896432139,40.74010870601779],[-73.98642866713682,40.7401087960335],[-73.9864283592971,40.74010888514742],[-73.98642805146068,40.74010895805227],[-73.98642773415321,40.740109029154915],[-73.98642742513489,40.740109092154],[-73.9864271054645,40.74010913894273],[-73.98642678579466,40.74010918302991],[-73.98642646494255,40.740109219012396],[-73.9864261452762,40.74010924598993],[-73.98642581495484,40.74010927116518],[-73.98642549529197,40.74010928103307],[-73.98642516379182,40.74010928099399],[-73.98642484294872,40.74010927285163],[-73.98642451381865,40.74010926200673],[-73.98642419297897,40.74010923675473],[-73.98642387332382,40.74010920880131],[-73.98642355248785,40.740109165539145],[-73.98642323283653,40.74010911867507],[-73.98642291437066,40.7401090646071],[-73.98642260537817,40.740109000634654],[-73.98642075974803,40.74010843489854],[-73.98642046379146,40.74010830879261],[-73.98642017967435,40.7401081817876],[-73.9864198967443,40.740108039474066],[-73.98641962328624,40.74010789446016],[-73.98641936285307,40.74010774134323],[-73.98641910242006,40.740107587325795],[-73.98641885264573,40.740107417100454],[-73.98641860523942,40.74010724597489],[-73.98641836849032,40.74010706584553],[-73.9864181435807,40.74010688481705],[-73.98641791985817,40.740106688480104],[-73.98641771626146,40.740106496648046],[-73.98641751503555,40.74010629040815],[-73.98641731617754,40.74010608416851],[-73.98641713863059,40.740105876130414],[-73.98641697055818,40.74010565278482],[-73.98641680603652,40.74010543484264],[-73.98641665217164,40.74010520969768],[-73.9864165101477,40.74010497644959],[-73.98641637996306,40.740104743202814],[-73.98641626161807,40.74010450815649],[-73.98641615392842,40.74010427311135],[-73.98641604979227,40.74010402996217],[-73.98641596459893,40.740103786815155],[-73.98641589361459,40.74010353466474],[-73.98641582381258,40.740103290619025],[-73.98641577532287,40.74010303847128],[-73.98641572920089,40.74010278722436],[-73.98641570438974,40.74010253507938],[-73.98641568194655,40.74010228293473],[-73.9864156737009,40.7401020776181]]]]},"properties":{"source_id":"12380000380.0","sub_code":"380000","feat_code":"3800","status":"Unchanged"}},{"type":"Feature","geometry":{"type":"MultiPolygon","coordinates":[[[[-73.98900642585185,40.742910918525226],[-73.98899341838712,40.74290540257873],[-73.98901028747473,40.7429068702148],[-73.98902032401578,40.74290715753322],[-73.98902554424055,40.74290677981788],[-73.98903295374821,40.74290575754784],[-73.98903903485801,40.742904573960196],[-73.98904408001465,40.742903217376345],[-73.98904872154547,40.74290118447325],[-73.9890549060844,40.7428974218429],[-73.98906077578486,40.74289304683761],[-73.98906629156616,40.74288811618565],[-73.98907074068131,40.74288258119209],[-73.98907612680499,40.74287410343077],[-73.98907760966269,40.74287094999625],[-73.98907887000603,40.74286734718771],[-73.98908309467667,40.74285145094012],[-73.98912197918597,40.742544992306534],[-73.98912296951016,40.74253453481309],[-73.9891227864873,40.74253151629659],[-73.98912210371016,40.74252922083994],[-73.98912003212826,40.742526959471334],[-73.98911350333603,40.74252197995154],[-73.98904195713781,40.74249291831021],[-73.98902526489223,40.74248947048078],[-73.98901492436718,40.74248776573584],[-73.98900398223986,40.74248694162832],[-73.98899921082322,40.74248701501425],[-73.98899657879261,40.742487392075205],[-73.98899379031415,40.742488759678835],[-73.98898781290501,40.742493125665554],[-73.98878419456328,40.7427821624338],[-73.98878068763406,40.74278913741865],[-73.98877888248067,40.742793726225955],[-73.9887781097245,40.74279849523522],[-73.98877814767198,40.7428051670945],[-73.98877893410945,40.74281055400337],[-73.98878036724906,40.74281445333789],[-73.9887825205123,40.74281677685541],[-73.9887874131835,40.74282097549499],[-73.98878252608228,40.74281885522587],[-73.98877331186122,40.74281485607744],[-73.98876884744772,40.7428126944256],[-73.98876530891687,40.742810459922914],[-73.9887628644199,40.74280799499703],[-73.9887607930703,40.742804377458725],[-73.9887588402891,40.74279974956317],[-73.98875777888755,40.74279604117215],[-73.98875750473071,40.74279292539155],[-73.98875814101294,40.74279004113006],[-73.98875946760677,40.742786840858],[-73.98876516417697,40.74277710153122],[-73.98896211432633,40.742503158454795],[-73.98897386428615,40.7424874889586],[-73.98897711601673,40.74248419341449],[-73.98897981341834,40.74248228910042],[-73.98898271674798,40.74248088548788],[-73.98898743635645,40.74247907592032],[-73.98899917126556,40.742475620896165],[-73.98901041583866,40.742473201406995],[-73.98901615231988,40.74247234467165],[-73.98902017196029,40.74247198935465],[-73.98902594975198,40.74247191156124],[-73.98903348092979,40.742472289591014],[-73.98904159928523,40.742473106223066],[-73.98905124013532,40.74247448491555],[-73.98905968633622,40.74247600217188],[-73.98906897663056,40.74247799677637],[-73.98907748784308,40.742480170507086],[-73.98908480678503,40.74248241796578],[-73.98910112209107,40.74248854295807],[-73.98911810732176,40.742495930522075],[-73.98912806250719,40.742501022928444],[-73.98913142825755,40.742502745015365],[-73.98913610922402,40.74250554963564],[-73.989140054959,40.74250826503616],[-73.9891460201935,40.74251316975923],[-73.9891531501552,40.74251992963603],[-73.98916038060169,40.7425276377556],[-73.98916735403564,40.74253591316988],[-73.98916983983976,40.74253922006512],[-73.98917371414336,40.74254437493103],[-73.98917856604916,40.74255174423525],[-73.98918239862384,40.742558692906755],[-73.98918472304952,40.742564215934],[-73.98918636786411,40.74256980733599],[-73.98918781483125,40.74257616415023],[-73.98919096950226,40.74259456180281],[-73.9891912025241,40.742595923391136],[-73.98916534274525,40.74278173876151],[-73.98915822184706,40.74282823846656],[-73.98915167537882,40.74286617440445],[-73.98914714998287,40.74288940165275],[-73.98913505854374,40.7429514733526],[-73.98913254047856,40.74296439989126],[-73.98910752471916,40.7429537913581],[-73.98909607287891,40.74294893474135],[-73.98906953819115,40.742937682193705],[-73.98900642585185,40.742910918525226]]]]},"properties":{"source_id":"12380000694.0","sub_code":"380000","feat_code":"3800","status":"Updated"}},{"type":"Feature","geometry":{"type":"MultiPolygon","coordinates":[[[[-73.9879864484005,40.743310181534916],[-73.98792875834451,40.74328591494822],[-73.98787106714781,40.74326164112837],[-73.98781337599179,40.74323737448359],[-73.98775568606303,40.743213101506385],[-73.98769799499124,40.74318883390315],[-73.98764031343443,40.74316456086889],[-73.98758262244657,40.74314029410821],[-73.9875249326847,40.743116027318656],[-73.98746633136795,40.74309139209358],[-73.98743298005368,40.74307736846796],[-73.98740773838229,40.74306675774006],[-73.98734913715202,40.74304212335572],[-73.98729053596391,40.74301749524502],[-73.9872319431084,40.74299285990127],[-73.98717334200815,40.74296822542723],[-73.98713745493811,40.74295313793472],[-73.98711475042309,40.74294359092436],[-73.98705614940828,40.74291896269406],[-73.98699754843803,40.742894328130326],[-73.9869428756807,40.742871070857106],[-73.98688820295995,40.74284782166244],[-73.98683352199095,40.742824565236745],[-73.986778849348,40.742801308785936],[-73.98675270935122,40.74279017371593],[-73.98672917270696,40.74278014656344],[-73.9867276123583,40.742779481809535],[-73.98672655753006,40.74277900531984],[-73.98672551691358,40.74277850902062],[-73.98672450945527,40.74277797850591],[-73.98672352568046,40.742777428182784],[-73.98672255611872,40.7427768508461],[-73.98672162089754,40.742776247398645],[-73.98672072001692,40.742775617840444],[-73.98671983453195,40.74277496847285],[-73.98671899167516,40.742774293896034],[-73.98671817487113,40.742773593207446],[-73.98671738411704,40.74277287991478],[-73.98671663599102,40.74277214231332],[-73.98671591510019,40.74277138580441],[-73.98671522854848,40.74277061038875],[-73.98671519658902,40.74277057076276],[-73.98671458817512,40.742769818769325],[-73.98671397385304,40.742769008242256],[-73.98671339505219,40.74276818781369],[-73.9867128612459,40.74276735028069],[-73.98671236414647,40.74276649474176],[-73.98671190256813,40.74276563020192],[-73.98671148716687,40.74276475576175],[-73.9867111084721,40.74276386511675],[-73.98671076648237,40.74276296547085],[-73.986710469484,40.74276206492972],[-73.98671021037478,40.74276115448733],[-73.98671009917695,40.74276067360379],[-73.98670999744229,40.74276023594571],[-73.9867098200307,40.7427593093036],[-73.98670968997834,40.74275838176648],[-73.98670959662947,40.7427574533331],[-73.98670954945706,40.742756517701],[-73.98670954845825,40.74275558927826],[-73.98670958416417,40.7427546536557],[-73.98670966722771,40.74275372524266],[-73.98670978581033,40.742752797734205],[-73.98670995175182,40.74275187113177],[-73.98671015439517,40.74275095173761],[-73.98671040321317,40.742750034149765],[-73.98671049798926,40.742749743297004],[-73.98671069701899,40.74274913277626],[-73.98671102871188,40.74274823230762],[-73.98671139592207,40.74274734174868],[-73.98671180101766,40.74274646019912],[-73.98671226057296,40.74274559486503],[-73.9867127461737,40.74274473943953],[-73.98671326965821,40.74274390112793],[-73.9867138369479,40.74274307272706],[-73.98671897566297,40.74273583054263],[-73.98673555716093,40.7427124588962],[-73.98674582392016,40.74269799793714],[-73.9867764856193,40.74265475011448],[-73.98680714727858,40.74261150228338],[-73.98683780889812,40.74256825444381],[-73.98686847047784,40.74252500659587],[-73.98690289782535,40.74247779603673],[-73.98693732630942,40.742430578263075],[-73.98697175474315,40.742383368583376],[-73.98700619141599,40.742336157993485],[-73.98704061975356,40.74228894108851],[-73.98705267575876,40.74227240913656],[-73.98707504804102,40.7422417304765],[-73.9870869583618,40.74222540201906],[-73.98709555387454,40.742213618047714],[-73.98710948456753,40.74219451985476],[-73.98711854075827,40.74218209837425],[-73.98712104669461,40.74217866141937],[-73.98712603014303,40.742171829830085],[-73.98712664360117,40.74217098162109],[-73.9871561108842,40.742130273890886],[-73.98716696362747,40.742115280758846],[-73.9875239278101,40.741622136600725],[-73.98753736681529,40.74160357140135],[-73.9875618656244,40.74156972579067],[-73.98756761402414,40.74156178393912],[-73.98757773471006,40.741547800156575],[-73.98758456670343,40.74153836087776],[-73.98760041090411,40.74151647305904],[-73.98764615048024,40.741453283090074],[-73.98786061716602,40.74115699223682],[-73.98796288841835,40.741015695394495],[-73.98796595539262,40.741012615980644],[-73.9879693538355,40.74100973471292],[-73.98797307189929,40.74100709661534],[-73.98797638612041,40.74100510774116],[-73.98797706222628,40.741004701683046],[-73.98798130113435,40.74100256792357],[-73.98798538604971,40.741000875396416],[-73.98798576493968,40.74100072234973],[-73.98799042996346,40.74099916495893],[-73.98799523700362,40.74099792276026],[-73.98799583491608,40.74099781025922],[-73.9880001742208,40.74099699575247],[-73.9880051942572,40.74099638393058],[-73.98801026159296,40.74099609629594],[-73.98801355295473,40.74099612365376],[-73.98801458653679,40.74099613366688],[-73.98801535254765,40.74099614185118],[-73.98802040792407,40.74099652059015],[-73.98802540404668,40.740997214500204],[-73.98802786300776,40.740997728945416],[-73.98803031723338,40.74099824158906],[-73.98803508829356,40.74099956583031],[-73.98803969354498,40.74100120523163],[-73.9880499137706,40.741005504413074],[-73.98816202143334,40.74105266384243],[-73.98827180060475,40.74109883957147],[-73.98834371888928,40.741129090404186],[-73.98844477443589,40.74117159641865],[-73.98860777987917,40.74124384323309],[-73.98866479364791,40.7412676105393],[-73.98872180864237,40.7412913715138],[-73.98877882367731,40.74131513336051],[-73.98883582928163,40.74133889337694],[-73.98889284321395,40.74136265516692],[-73.98894985837103,40.74138641602823],[-73.98895143291774,40.741387074449946],[-73.98898829951798,40.74140427496439],[-73.98900514230792,40.741412132597276],[-73.98901310850975,40.741415848849705],[-73.98901825001944,40.741418246489914],[-73.98902061767336,40.74141976857258],[-73.98902281955024,40.74142143472056],[-73.98902484381514,40.7414232179175],[-73.98902604532098,40.74142446793581],[-73.98902667862701,40.74142512716732],[-73.98902831215221,40.74142712644866],[-73.98902914190434,40.74142833230665],[-73.9890292365952,40.74142848630241],[-73.98902973254968,40.741429224765426],[-73.98902992309937,40.74142963001175],[-73.98903092798446,40.74143139510134],[-73.9890313067025,40.74143228663942],[-73.98903191029582,40.741433638358025],[-73.98903244403313,40.741435007179575],[-73.98903291738606,40.74143639310505],[-73.98903333154092,40.741437781726376],[-73.98903368412759,40.741439186551005],[-73.9890339680437,40.741440599473606],[-73.98903418328908,40.741442021394754],[-73.98903433696877,40.74144344421058],[-73.9890343960188,40.74144434112126],[-73.98903443026668,40.74144486792114],[-73.98903445489422,40.74144629882924],[-73.989034417956,40.74144773063195],[-73.98903431116591,40.74144915432344],[-73.9890341439944,40.741450577108715],[-73.98903390815495,40.74145199178286],[-73.98903361075017,40.741453404650116],[-73.98903324467766,40.74145480850581],[-73.98903165369823,40.74146046083713],[-73.98902383858555,40.741488225426956],[-73.98901457463562,40.74152117499761],[-73.98900025360258,40.74157090863549],[-73.9889944554168,40.74159457700892],[-73.9889882046504,40.74162009317917],[-73.98898541573595,40.74163147802307],[-73.98897615449643,40.74166927772117],[-73.98896485103256,40.74171354466415],[-73.98895590516754,40.74174854111203],[-73.98895353689922,40.74175780440072],[-73.98895175033047,40.74176479666643],[-73.98894222393345,40.74180207224055],[-73.98893060320106,40.74184587088528],[-73.98891209318715,40.741909802401224],[-73.9889051428901,40.74193380654726],[-73.98890269067903,40.74194227647993],[-73.98890050856566,40.74194981531431],[-73.98889506275817,40.741968624579634],[-73.98889704335757,40.7420620001422],[-73.98889834664335,40.74208486684181],[-73.98890040948248,40.74210394518169],[-73.9889027620875,40.742117756484035],[-73.98890523923178,40.74213023504795],[-73.98890791748272,40.742143724900515],[-73.98891030708965,40.74215575770492],[-73.98891360140462,40.74217395996965],[-73.98891473314,40.742181892644545],[-73.98891605527233,40.742191158988575],[-73.98891709725383,40.74220484499385],[-73.98891715775859,40.74221122599205],[-73.9889172368805,40.74221956919676],[-73.9889168393037,40.74223238517374],[-73.98891594250254,40.742242737315536],[-73.98891581096028,40.742243470315536],[-73.98891452990019,40.74225063282469],[-73.98891183970912,40.74225905500737],[-73.98890721210597,40.74227012359338],[-73.98890645173618,40.74227170120834],[-73.98890097044286,40.74228305607308],[-73.98889104205692,40.7423021548685],[-73.98879656984435,40.742435032627846],[-73.98877007115034,40.742443551544305],[-73.98862097340522,40.74264652017705],[-73.9886200940949,40.74265121263175],[-73.98862946251283,40.74267419539403],[-73.98862903551533,40.74267868708034],[-73.98860740601145,40.74271020178422],[-73.98859453298878,40.74272895896955],[-73.98856466091642,40.74277248380966],[-73.98851875491191,40.742839370695926],[-73.98851064025817,40.74285119534322],[-73.98845924738568,40.7429260763576],[-73.98845395364624,40.74293388142065],[-73.98843451850898,40.74296183840822],[-73.9884004117638,40.74300851905565],[-73.98836629431388,40.743055205995105],[-73.98835956392831,40.743065616975436],[-73.98835190386369,40.74307746507031],[-73.98833445963011,40.743101343846185],[-73.98830034208754,40.743148024461945],[-73.98827143287951,40.74318776899356],[-73.98827118536825,40.743188102155884],[-73.9882420274299,40.74322817984205],[-73.98821287064044,40.74326825752078],[-73.98818371263306,40.74330832888822],[-73.98815493711639,40.7433478482767],[-73.98815427274428,40.743348723501],[-73.9881535633827,40.743349587014066],[-73.98815341890753,40.74334974909042],[-73.98815281613804,40.743350425309096],[-73.98815203455982,40.74335125189397],[-73.98815121628394,40.743352045156286],[-73.98815035420245,40.743352827608014],[-73.98814946489517,40.743353576738215],[-73.98814854007051,40.743354313257626],[-73.98814836008111,40.74335444471311],[-73.98814758091628,40.74335501555426],[-73.98814658743089,40.74335569263313],[-73.98814556790165,40.7433563480972],[-73.9881445152267,40.743356970239056],[-73.98814343769166,40.74335757166667],[-73.98814244305154,40.7433580839527],[-73.98814233529899,40.74335813887251],[-73.98814119976072,40.7433586718556],[-73.98814005001832,40.743359184125616],[-73.98813992569075,40.7433592345412],[-73.98813886713053,40.743359661272436],[-73.98813767122509,40.74336010329811],[-73.98813645164488,40.74336051740563],[-73.98813521904593,40.74336090269557],[-73.9881339651426,40.74336124656002],[-73.98813269703648,40.74336156160675],[-73.98813140880905,40.74336184063111],[-73.9881301170346,40.74336209173937],[-73.98812881461197,40.743362299622255],[-73.98812750035447,40.74336247958815],[-73.9881261754476,40.74336262263213],[-73.988124849363,40.74336273055621],[-73.98812352210086,40.743362802459906],[-73.98812218537327,40.743362838342314],[-73.98812085693979,40.743362839105814],[-73.98811952022487,40.74336280384821],[-73.98811819298713,40.74336273887477],[-73.98811686694091,40.743362631577675],[-73.98811554208386,40.74336249546442],[-73.9881144315311,40.743362344064685],[-73.98811422789036,40.74336231612795],[-73.98811292435776,40.743362108876866],[-73.98811162438358,40.74336186560585],[-73.98811034454359,40.74336158631662],[-73.98810907654845,40.74336127911288],[-73.98810782158473,40.74336092958663],[-73.98810657965001,40.74336055124551],[-73.98810536021621,40.74336014409052],[-73.98810416328429,40.74335970271854],[-73.98810298056654,40.74335922622825],[-73.98810182153348,40.743358721824706],[-73.98810038191361,40.74335811653539],[-73.9880630630938,40.74334241593904],[-73.98804413968148,40.74333445439631],[-73.9879864484005,40.743310181534916]],[[-73.98802722377974,40.741043279230844],[-73.98802039413619,40.741040280732435],[-73.98798947138428,40.74108223664101],[-73.98784072615072,40.74128405349129],[-73.98782173798774,40.74130981679383],[-73.9877112083852,40.741512742427254],[-73.98769495143817,40.74153878605719],[-73.98765634187848,40.741600636854734],[-73.98762800849597,40.741646027474395],[-73.9873529296425,40.74194333511083],[-73.98724179899952,40.74209405691937],[-73.98719422426218,40.742159198817276],[-73.98717727488102,40.74218240659835],[-73.98716701547826,40.742196454265],[-73.9871629012942,40.74220208827866],[-73.98715877408266,40.74220773849982],[-73.98714412217926,40.742227801061155],[-73.98712538094654,40.742253463416326],[-73.98711854764677,40.74226281982017],[-73.98707685855518,40.742319902788914],[-73.98685343782026,40.742625817532165],[-73.98680479626357,40.74269937347923],[-73.9868125154815,40.7427188334172],[-73.98682447004231,40.742748968448105],[-73.98682952546822,40.74276171390058],[-73.9868365192845,40.7427793439238],[-73.98691610011346,40.74281027639891],[-73.98713955318918,40.74290282955094],[-73.98742987604929,40.74302506669031],[-73.98764270722955,40.74311467574747],[-73.98806381521311,40.743294548675784],[-73.98807809890894,40.74330064928802],[-73.98808526432005,40.74330104625253],[-73.9880874382365,40.74330038370436],[-73.98809683604324,40.743297521064285],[-73.98810695504551,40.74329382372805],[-73.98810807043286,40.74329341591362],[-73.98811438629718,40.74329069883596],[-73.98811891775794,40.743288748805696],[-73.98812932947112,40.743283541347736],[-73.98813219737863,40.74328188741226],[-73.98813925820883,40.74327781604769],[-73.98815071739695,40.74326791255247],[-73.98816160833364,40.743257644292484],[-73.98817191088779,40.74324703107684],[-73.98818160729643,40.74323609091409],[-73.98819067861226,40.743224845414616],[-73.98819910943992,40.7432133152886],[-73.98820688201644,40.74320152034556],[-73.98821398449806,40.743189483997575],[-73.98830607511647,40.74306603659613],[-73.98837311007938,40.74297617459831],[-73.98846186135341,40.742811344837705],[-73.98847218169387,40.742793059277574],[-73.98850068754918,40.74274254909306],[-73.98850219994901,40.74273986843501],[-73.98851238999045,40.742721812487346],[-73.98852258002617,40.74270375743925],[-73.9885440946749,40.742665633919586],[-73.98876620880353,40.74213598301447],[-73.98879066631123,40.742077662261494],[-73.98879807260785,40.74206000223902],[-73.988801413257,40.74204886869543],[-73.98880541966543,40.74203551546668],[-73.98881821362573,40.74199287500169],[-73.98882767759224,40.74196133115986],[-73.98883694253293,40.741930451871966],[-73.98883787720031,40.74192733710881],[-73.98884495650394,40.74190374361052],[-73.9889256940922,40.74163465378733],[-73.9889267957816,40.74163098252605],[-73.98893795909981,40.741575165669325],[-73.98894720635698,40.74152892371881],[-73.98896504319386,40.74143973200548],[-73.98896449742881,40.74143950772691],[-73.98842585164786,40.74121785086683],[-73.9882426236563,40.74113777092205],[-73.9881974027357,40.741118006469144],[-73.98810814367776,40.741078811720094],[-73.98802722377974,40.741043279230844]]]]},"properties":{"source_id":"12380000719.0","sub_code":"380000","feat_code":"3800","status":"Updated"}},{"type":"Feature","geometry":{"type":"MultiPolygon","coordinates":[[[[-73.98960028615478,40.73980752461318],[-73.98960046384835,40.739806851950334],[-73.98960659901735,40.73978359420216],[-73.98960701600497,40.73978201294902],[-73.98964024663985,40.73979546501925],[-73.98963983675446,40.73979705888027],[-73.98963390881939,40.73982007981535],[-73.98962129602722,40.73981536992689],[-73.98961804634524,40.73981415665068],[-73.98960028615478,40.73980752461318]]]]},"properties":{"source_id":"12380001330.0","sub_code":"380000","feat_code":"3800","status":"Unchanged"}},{"type":"Feature","geometry":{"type":"MultiPolygon","coordinates":[[[[-73.99170561128416,40.74406078376207],[-73.99165129224212,40.74403806905755],[-73.99159696139607,40.74401536333153],[-73.99154264242695,40.74399265758068],[-73.99151871628209,40.74398265929591],[-73.99148831165476,40.74396995270381],[-73.99142563420725,40.74394360733186],[-73.99136294496805,40.74391727183033],[-73.9913002557784,40.74389093629462],[-73.99123756663826,40.743864600724685],[-73.99117487754775,40.743838265120544],[-73.99111218850679,40.74381192948216],[-73.99104949951655,40.74378558480449],[-73.99098681057471,40.74375924909771],[-73.99092413352238,40.7437329133576],[-73.99086144467967,40.74370657758236],[-73.99079875588647,40.74368024177289],[-73.99073606714288,40.743653905929214],[-73.9906733784501,40.743627561046246],[-73.9906208928379,40.74360551147727],[-73.99061068980565,40.74360122513415],[-73.9905480012107,40.743574889187755],[-73.99048532450526,40.74354855320818],[-73.99042263600947,40.74352221719341],[-73.99035994756323,40.743495881144426],[-73.99029725916783,40.743469536056125],[-73.99023631116087,40.743444037557595],[-73.99017535136196,40.74341853002064],[-73.99011440344962,40.743393022452295],[-73.99005344374406,40.74336751485065],[-73.98999249592367,40.743342016222705],[-73.9899315363115,40.74331650855633],[-73.98987058858582,40.743291000858605],[-73.98980962906698,40.743265493127524],[-73.98974868143465,40.743239985365136],[-73.98968772200777,40.74321448657441],[-73.98962677446876,40.7431889787473],[-73.9895658269764,40.74316347088786],[-73.98950486769095,40.743137962995014],[-73.98944392029053,40.74311246407596],[-73.98938296109841,40.74308695611838],[-73.98936051429959,40.7430775626609],[-73.98932201379273,40.74306144812955],[-73.98927239646865,40.74304068683546],[-73.98926105469398,40.743035940107276],[-73.98925930248326,40.74303543566004],[-73.98925756211962,40.74303488618853],[-73.98925584544295,40.74303429169386],[-73.98925416429297,40.74303365217713],[-73.98925250682844,40.74303297664233],[-73.98925087305227,40.74303224707931],[-73.98924928664127,40.7430314815004],[-73.98924773575548,40.7430306799045],[-73.98924620855662,40.74302983328545],[-73.98924472872429,40.74302894164547],[-73.98924329625567,40.7430280229947],[-73.98924188747392,40.74302705932078],[-73.98924053789563,40.743026068637136],[-73.98923923568387,40.74302503293257],[-73.989237968996,40.7430239702161],[-73.98923674967172,40.743022880488866],[-73.98923558955234,40.74302175474686],[-73.98923447679805,40.74302059298898],[-73.98923341140595,40.743019413225376],[-73.98923240521734,40.74301820645213],[-73.98923145823213,40.74301697266916],[-73.98923055861053,40.743015711875415],[-73.98922971819238,40.74301442407203],[-73.98922893697474,40.74301312726908],[-73.98922821496053,40.74301180345645],[-73.98922755214818,40.743010462539736],[-73.98922694853806,40.743009101817385],[-73.98922640412837,40.74300773299601],[-73.98922591892058,40.743006346170034],[-73.98922550475312,40.743004950345664],[-73.98922514978614,40.74300354552173],[-73.98922485401965,40.74300213169825],[-73.98922462929349,40.7430007088764],[-73.98922446376778,40.74299927705498],[-73.98922435743967,40.742997854244145],[-73.98922432215183,40.74299642243495],[-73.98922434606301,40.74299499063126],[-73.98922444101302,40.74299355883417],[-73.98922459516204,40.74299212704271],[-73.98922627847752,40.74297936701779],[-73.98923137580833,40.74294090684577],[-73.98923838161974,40.74288832690373],[-73.98924538741859,40.74283575596592],[-73.98925239320644,40.74278318502731],[-73.98925939898469,40.74273060508277],[-73.98926640475042,40.74267803414252],[-73.98927292330303,40.7426291201147],[-73.9892734105051,40.74262546320147],[-73.98927595438659,40.742606367288616],[-73.98928041625011,40.742572883254525],[-73.98928742198268,40.742520312311825],[-73.98929442770418,40.7424677413683],[-73.98930239386762,40.74240621947411],[-73.98930257165105,40.74240504883163],[-73.9893027967918,40.74240388719857],[-73.98930306928993,40.74240273457497],[-73.9893034009851,40.74240159096198],[-73.98930378003905,40.74240044735336],[-73.98930421828858,40.74239932176035],[-73.989304703894,40.742398214181904],[-73.98930523685819,40.742397106607875],[-73.98930581717681,40.74239602605343],[-73.98930645669247,40.74239495450952],[-73.98930713172429,40.74239390097905],[-73.9893078659517,40.74239286546421],[-73.98930863569376,40.7423918569679],[-73.98930946463146,40.74239086648723],[-73.98931032908534,40.74238989401992],[-73.98931124089364,40.74238894857227],[-73.98931218821811,40.74238802113805],[-73.98931319473525,40.742387129729565],[-73.98931422492872,40.74238625723388],[-73.9893153024754,40.7423854189619],[-73.98931641553818,40.74238459960383],[-73.98931756411423,40.74238381626934],[-73.98931874820356,40.7423830689584],[-73.98931995596793,40.742382348664826],[-73.98932121108652,40.74238165629134],[-73.98932180311888,40.742381359178935],[-73.9893224898776,40.74238100714441],[-73.98932380418326,40.74238038591645],[-73.98932513032283,40.742379800709855],[-73.98932650381533,40.74237925152793],[-73.98932788914321,40.74237872936228],[-73.98932929814183,40.74237826122922],[-73.98933073081547,40.742377820113546],[-73.98933217532297,40.74237741501921],[-73.98933364350269,40.74237705495241],[-73.9893351235163,40.74237673090696],[-73.98933662720354,40.74237644288395],[-73.98933813088351,40.74237619988631],[-73.98933964639744,40.74237599290998],[-73.98934117374387,40.7423758309601],[-73.9893427129242,40.74237570503155],[-73.98934425209728,40.74237562412835],[-73.98934579126465,40.7423755792454],[-73.98934733042482,40.74237557938777],[-73.98934886957923,40.74237561555041],[-73.9893492815971,40.74237563720071],[-73.9893504087264,40.742375696738364],[-73.98935194786786,40.742375813946566],[-73.98935347516245,40.74237597617902],[-73.98935499061157,40.74237617443063],[-73.98935650605348,40.742376417707575],[-73.98935800964999,40.74237669700368],[-73.98935948956138,40.74237701231785],[-73.9893609576259,40.742377372656264],[-73.98936241384494,40.74237776901382],[-73.98936384637747,40.74237821039453],[-73.98936525522633,40.742378678788256],[-73.98936664039006,40.74237918320005],[-73.98936801370688,40.74237973263603],[-73.98942385782516,40.74240316896856],[-73.98948539649874,40.742429019152524],[-73.9895469233804,40.74245486930249],[-73.98957048284932,40.74246476800963],[-73.98957240075521,40.74246557954003],[-73.98957266949898,40.742465692127745],[-73.98960846214935,40.74248072032104],[-73.98963236970141,40.742490764929],[-73.98963517197863,40.74249194214378],[-73.98963710054186,40.74249275367409],[-73.98967000096637,40.742506569505586],[-73.98973152799124,40.74253241955662],[-73.98979306690363,40.742558269575724],[-73.98982138571078,40.7425701677785],[-73.98985460586371,40.74258411956186],[-73.98991614487154,40.74260996951506],[-73.98997767208746,40.742635819434234],[-73.9900392111908,40.74266166932143],[-73.99006272345102,40.7426715409083],[-73.99009380084325,40.74268460003527],[-73.99010075034195,40.74268751917566],[-73.99016228954079,40.74271336899694],[-73.9902238169477,40.74273921878425],[-73.99028535624205,40.74276506853957],[-73.99034689558421,40.742790918261896],[-73.99040843497407,40.74281676795126],[-73.99047043610378,40.74284303187901],[-73.99053243728359,40.74286928676824],[-73.990594438511,40.74289555062905],[-73.9905956792465,40.74289607572589],[-73.99065643978734,40.74292181445637],[-73.99071845295231,40.74294807825124],[-73.99078045432768,40.74297433300655],[-73.99084245575061,40.743000596733445],[-73.99090445722243,40.74302686042687],[-73.99096645874317,40.743053124086835],[-73.9910245060401,40.743077704357894],[-73.99102846031398,40.74307937870823],[-73.99109047377226,40.743105642302154],[-73.99115247543966,40.743131905861674],[-73.99116251741744,40.743136160627024],[-73.99121447715589,40.74315816938772],[-73.99127655004968,40.743183748500506],[-73.99133861115125,40.74320932757881],[-73.99140068414032,40.74323490662449],[-73.99146274533724,40.74326048563571],[-73.99152481842164,40.74328606461433],[-73.99158687971384,40.743311643558485],[-73.9916489528936,40.74333722246997],[-73.99171102612098,40.74336280134792],[-73.9917730875562,40.743388380191455],[-73.99183645159212,40.743412600229036],[-73.99189888001924,40.743439321773785],[-73.99196129665752,40.743466035179196],[-73.99202372518471,40.74349275755657],[-73.99208614192204,40.7435194798992],[-73.99214719718768,40.743545634795794],[-73.99214861790047,40.74354627425248],[-73.99215000308939,40.743546949726976],[-73.99215136459536,40.7435476522151],[-73.99215269057633,40.74354839972604],[-73.9921539810344,40.74354917424982],[-73.99215524780851,40.74354998479225],[-73.99215621623257,40.74355066384034],[-73.9921564553789,40.74355083135089],[-73.99215763926634,40.743551704923114],[-73.99215877578995,40.743552614512375],[-73.99215987679064,40.74355355111435],[-73.99216093042864,40.74355451472836],[-73.99216193670387,40.74355550535434],[-73.99216290745625,40.74355652299309],[-73.99216381900595,40.74355756764295],[-73.99216468319396,40.74355863029979],[-73.99216551186011,40.74355971096432],[-73.99216628132257,40.74356082764511],[-73.99216700342438,40.74356195332767],[-73.9921676663246,40.743563097016406],[-73.9921679918497,40.74356371208469],[-73.99216828186309,40.743564258712034],[-73.99216883819996,40.74356543841378],[-73.9921693471751,40.7435666361224],[-73.99216979694968,40.7435678428321],[-73.9921701993636,40.74356905854365],[-73.99217054257696,40.743570283256226],[-73.99217082658973,40.743571516969816],[-73.99217106324176,40.74357275968529],[-73.99217122885442,40.74357400239593],[-73.9921713471063,40.74357525500894],[-73.99217140615886,40.74357650581686],[-73.99217140601178,40.743577757521315],[-73.99217135850401,40.74357901822762],[-73.9921712399589,40.7435802609189],[-73.9921710740531,40.743581512612074],[-73.99217084894887,40.74358275529616],[-73.9921705646461,40.74358398897112],[-73.99217023298473,40.743585213637814],[-73.99216984212383,40.7435864383005],[-73.99216939206545,40.74358764494902],[-73.99216889464957,40.74358883358414],[-73.99216833803516,40.74359001321019],[-73.9921677222233,40.74359117482209],[-73.99216705905283,40.743592327425695],[-73.99216634852588,40.743593453010845],[-73.99216557880044,40.743594569586925],[-73.99216093679384,40.743601043914914],[-73.99213503864709,40.74363713446143],[-73.99210503133456,40.74367899696879],[-73.99207501214545,40.743720850462246],[-73.99204500475857,40.743762703948406],[-73.99202973223937,40.74378400618122],[-73.99201499733398,40.74380455742654],[-73.99198497803175,40.74384641089575],[-73.9919511339031,40.743892244329516],[-73.99191728972897,40.743938068748],[-73.99188345734719,40.7439839021621],[-73.99184961307887,40.74402973556518],[-73.99184804520547,40.744031852545575],[-73.9918180424357,40.744072372320666],[-73.99181730824098,40.74407330879547],[-73.99181653852845,40.74407422725767],[-73.99181573329813,40.744075127707184],[-73.99181488071113,40.74407600113815],[-73.9918139807664,40.74407685655558],[-73.9918130571449,40.74407768495607],[-73.99181208616672,40.74407848633804],[-73.99181109151185,40.74407926070315],[-73.99181004949918,40.744080017054706],[-73.99180897197091,40.74408073738347],[-73.99180787076601,40.74408143069533],[-73.99180673404437,40.74408209698943],[-73.99180557364714,40.74408272726159],[-73.99180438957323,40.74408333051685],[-73.99180316998262,40.744083906754376],[-73.99180192671759,40.74408443796487],[-73.99180107419555,40.744084780997234],[-73.9918006479347,40.74408495116269],[-73.99179936915733,40.744085419335136],[-73.9917980548633,40.744085860489854],[-73.99179672873372,40.7440862656234],[-73.99179537892964,40.74408662572994],[-73.99179401728885,40.74408695882043],[-73.9917926319725,40.744087255888935],[-73.99179124666058,40.744087516937164],[-73.99178983767315,40.74408774196342],[-73.99178842869009,40.74408793096939],[-73.99178701971256,40.744088074950014],[-73.9917866645093,40.74408810193987],[-73.99178558705948,40.74408818290867],[-73.99178416624979,40.74408826385291],[-73.99178273360559,40.74408829977098],[-73.99178130096693,40.744088290663676],[-73.99177986833162,40.74408825454117],[-73.9917784357008,40.74408818239837],[-73.9917770149155,40.744088065231075],[-73.99177559413464,40.744087912043476],[-73.99177418519822,40.74408772283645],[-73.99177278810632,40.744087497609975],[-73.99177140285883,40.744087236364045],[-73.99177001761579,40.74408693909786],[-73.99176865605833,40.744086596807996],[-73.99176731818426,40.7440862275046],[-73.99176643021794,40.74408595638861],[-73.9917659921546,40.74408582218182],[-73.99176467796943,40.74408538083956],[-73.9917633874687,40.744084903478715],[-73.99176212065133,40.744084399104345],[-73.99175060093057,40.74407958056878],[-73.99170561128416,40.74406078376207]],[[-73.99210577701176,40.74357109019188],[-73.99161724931196,40.74336526465089],[-73.99161483948214,40.743368572937506],[-73.9915059159321,40.74332446893762],[-73.99083261065753,40.74304576717567],[-73.99082586354471,40.743042887718],[-73.99075145118046,40.74301113619802],[-73.99071349265016,40.7429949393286],[-73.99037363782985,40.74284991991082],[-73.99029222873693,40.74281716794559],[-73.9901532252808,40.74275970650661],[-73.98988612398938,40.7426492911193],[-73.98977508730985,40.74260316095265],[-73.98962895418619,40.74254245011745],[-73.9896007443228,40.74253073017754],[-73.98954060009353,40.74250574376835],[-73.98946255662452,40.74247332020563],[-73.98937374573286,40.7424364236794],[-73.98935787211049,40.7424298287019],[-73.98935213481418,40.74242842788333],[-73.9893457102315,40.74243067765603],[-73.98934471470687,40.742436864947166],[-73.98925489516006,40.74299477106021],[-73.98925594048853,40.74300289553072],[-73.9893503598338,40.743044515822],[-73.98962221646097,40.743156456531814],[-73.98987455456444,40.74326229485043],[-73.99024965571881,40.74342096139993],[-73.99055210124145,40.743550751439415],[-73.99060189934583,40.743571263655554],[-73.990929763481,40.743706311930396],[-73.99124110475898,40.74383498782894],[-73.99142708699748,40.74391580429402],[-73.9914805971246,40.743939056647406],[-73.99154631481491,40.743967612956766],[-73.99157162267316,40.74397769688506],[-73.99167052418953,40.74401710395163],[-73.9917348275235,40.74404272529932],[-73.99176185333708,40.74405349279364],[-73.9917651762015,40.74404894006921],[-73.99188798805356,40.743880663884944],[-73.99193752519281,40.7438127889647],[-73.99197808270165,40.74375575459847],[-73.99208426207083,40.74360643630838],[-73.992108173205,40.74357281032406],[-73.99210537438933,40.74357164397597],[-73.99210577701176,40.74357109019188]]]]},"properties":{"source_id":"12380001482.0","sub_code":"380000","feat_code":"3800","status":"Unchanged"}},{"type":"Feature","geometry":{"type":"MultiPolygon","coordinates":[[[[-73.98869879924445,40.74440046925954],[-73.98863730625396,40.744375564199146],[-73.98857581330795,40.744350668110904],[-73.98854465129627,40.7443380480163],[-73.98851432040941,40.74432576298466],[-73.98845283939536,40.74430086683179],[-73.98839134658874,40.744275961639744],[-73.9883298538266,40.7442510654198],[-73.98827124987116,40.74422733201539],[-73.98826836111198,40.74422616016192],[-73.98821997677138,40.744206571003254],[-73.98820686844168,40.74420126387617],[-73.98814538765903,40.74417635855368],[-73.98808389508066,40.74415146220211],[-73.98802240254993,40.74412655681251],[-73.9879609100651,40.74410165139005],[-73.98790613042172,40.7440794031346],[-73.98790449662972,40.744078700567755],[-73.98790289836269,40.74407797098944],[-73.98790134746545,40.74407718738565],[-73.98789982025487,40.74407636776411],[-73.98789834041078,40.74407551212723],[-73.98789688425491,40.74407461146747],[-73.98789548730558,40.74407367479366],[-73.98789412588289,40.744072702103274],[-73.98789281182508,40.74407170240271],[-73.98789154513545,40.74407065768172],[-73.98789031397077,40.74406958594925],[-73.98788918462944,40.74406851782954],[-73.98788914319636,40.74406848000387],[-73.9878880292595,40.74406734344724],[-73.98788695203122,40.74406618168026],[-73.98788594584786,40.74406499290553],[-73.98788498702945,40.74406377712057],[-73.98788407557593,40.74406253432541],[-73.98788323516732,40.74406126452251],[-73.98788244212041,40.744059985719474],[-73.98788170827834,40.744058679907525],[-73.98788103364119,40.74405734708655],[-73.98788043004403,40.74405601427306],[-73.98787987381175,40.74405465444933],[-73.9878793886211,40.74405328562805],[-73.9878789626337,40.74405189880282],[-73.98787870470574,40.74405088840715],[-73.98787860768627,40.74405051198509],[-73.98787840658484,40.74404953131211],[-73.98787831194191,40.744049108063976],[-73.98787807539786,40.74404770234807],[-73.98787789805525,40.7440462885338],[-73.98787780359419,40.744044865723225],[-73.98787775649147,40.74404345192268],[-73.98787778043034,40.74404202912455],[-73.9878778635675,40.74404061533773],[-73.9878780177446,40.74403920155836],[-73.98787823112164,40.74403778778522],[-73.98787851553698,40.744036383024664],[-73.98787885915058,40.74403498727537],[-73.98787926196249,40.744033600537364],[-73.98787973581103,40.744032231817016],[-73.98788026885785,40.7440308721079],[-73.98788086110295,40.74402952141011],[-73.98788151254305,40.74402819773374],[-73.98788222318142,40.74402688306868],[-73.9878830048547,40.74402559542628],[-73.98788383388633,40.74402431679388],[-73.98788472211132,40.74402307418806],[-73.98792253651847,40.74397160519391],[-73.98795651380269,40.74392519663386],[-73.98799047919962,40.743878788062176],[-73.98802445638758,40.74383238848646],[-73.98805842168986,40.743785979894184],[-73.98809239878481,40.743739571292764],[-73.98812636399246,40.74369316267985],[-73.9881603409927,40.74364675405776],[-73.9881943061057,40.74360034542417],[-73.98822828301128,40.743553936781446],[-73.98822915935185,40.74355287427299],[-73.9882294708027,40.74355252670921],[-73.9882300948887,40.743551829780735],[-73.98823106594047,40.74355081230727],[-73.98823208434705,40.743549821853826],[-73.98823315010843,40.74354885842043],[-73.98823426322457,40.74354792200711],[-73.98823541185565,40.74354701261257],[-73.98823660783997,40.743546139243115],[-73.98823782749926,40.74354529289128],[-73.9882390945118,40.743544482564545],[-73.98824039703916,40.74354369925663],[-73.98824173507991,40.74354295197261],[-73.98824310863237,40.743542249717514],[-73.98824446204857,40.74354159518722],[-73.98824450585987,40.74354157448003],[-73.9882459386006,40.743540935266424],[-73.98824739501323,40.74354034108054],[-73.9882488751007,40.74353977481281],[-73.98825039070023,40.74353925177296],[-73.9882519181315,40.743538774660195],[-73.98825346923623,40.74353833357007],[-73.9882550321745,40.74353792850139],[-73.98825661878462,40.74353756846046],[-73.98825822906652,40.74353725344726],[-73.9882598393421,40.743536974454294],[-73.98826147328955,40.743536740489056],[-73.9882631072306,40.743536542544085],[-73.98826475300207,40.74353639863071],[-73.98826639876718,40.743536290737566],[-73.98826805636426,40.74353622787095],[-73.98826971395336,40.743536210029646],[-73.98827137153602,40.74353622910909],[-73.98827302911106,40.74353629141286],[-73.98827468667638,40.7435364086475],[-73.98827634423542,40.743536561902395],[-73.98827798994824,40.74353675117634],[-73.98827962381166,40.74353699447946],[-73.9882812458288,40.74353727380162],[-73.9882828559982,40.74353759814791],[-73.98828342310614,40.743537730580094],[-73.98828444247988,40.743537967517064],[-73.98828602895526,40.743538372906514],[-73.98828757990297,40.74353882331765],[-73.98828911900455,40.743539309747796],[-73.98829062257852,40.7435398411997],[-73.98829192488049,40.74354033661083],[-73.98829211430623,40.743540408670626],[-73.98829357050799,40.74354101215822],[-73.98830030808288,40.7435439313854],[-73.98830080413697,40.743544146656895],[-73.98834993600744,40.74356542160789],[-73.9884114515954,40.74359163256178],[-73.98847297907173,40.7436178434839],[-73.9885344947565,40.74364405437185],[-73.98859602232959,40.74367026522805],[-73.98865753811121,40.74369647605011],[-73.98871906578265,40.7437226778353],[-73.98878058166109,40.74374888859145],[-73.98884210942782,40.74377509931578],[-73.98889679424894,40.74379833767534],[-73.98890223313583,40.74380064619842],[-73.98890649047974,40.74380245392561],[-73.98890756783547,40.74380293129797],[-73.98890863334677,40.743803435684384],[-73.98890966333376,40.743803967082584],[-73.9889106814763,40.743804525494824],[-73.98891166409447,40.743805110918835],[-73.98891262302833,40.74380572335574],[-73.98891354643936,40.743806353799336],[-73.98891444616602,40.7438070112559],[-73.9889153222083,40.74380769572535],[-73.98891610945246,40.74380837118121],[-73.98891615088633,40.74380840720547],[-73.98891696772284,40.7438091276895],[-73.98891773719517,40.74380987518417],[-73.98891847114317,40.74381064969057],[-73.98891916956983,40.74381143319866],[-73.98891983247367,40.74381223471348],[-73.98892045985468,40.743813054235],[-73.98892105171137,40.7438139007683],[-73.98892160804823,40.743814747298124],[-73.98892211702082,40.743815620838674],[-73.98892259047355,40.74381649437578],[-73.98892302840328,40.743817386820105],[-73.98892308757758,40.743817539911966],[-73.98892341897056,40.743818295469026],[-73.98892376217789,40.74381920501383],[-73.9889240698639,40.74382012356031],[-73.98892434202857,40.74382105110848],[-73.98892456683194,40.74382198765714],[-73.98892474427402,40.74382293320633],[-73.98892487435779,40.74382386974584],[-73.98892496891872,40.743824824292126],[-73.9889250279613,40.7438257698299],[-73.98892502780264,40.743826724367075],[-73.98892499212559,40.74382766989576],[-73.9889249209272,40.743828624426044],[-73.98892479053055,40.74382956994563],[-73.98892462461555,40.74383050645671],[-73.9889221835461,40.74384277112409],[-73.98891414936973,40.74388295996786],[-73.98890387080215,40.74393450578581],[-73.98890368594442,40.74393543148893],[-73.98889321066262,40.74398790300758],[-73.98888274720429,40.74404037452597],[-73.98888031442036,40.74405256174931],[-73.98887227188949,40.74409284604189],[-73.98886179655823,40.744145317556466],[-73.98885133305046,40.74419778907083],[-73.9888408576862,40.74425026058271],[-73.98883038230538,40.74430273209329],[-73.98881991874815,40.74435520360366],[-73.98880973962464,40.744405955172496],[-73.98880953819399,40.744406846654556],[-73.98880930124315,40.74440773813316],[-73.98880901693511,40.74440861159704],[-73.9888086971069,40.74440948505747],[-73.98880832991996,40.74441034950818],[-73.98880793905442,40.74441120495156],[-73.98880750083018,40.74441205138529],[-73.98880701524871,40.744412879804244],[-73.98880650598865,40.74441369921586],[-73.98880594937135,40.74441450061271],[-73.98880535723697,40.74441528399596],[-73.98880474142392,40.74441605837186],[-73.98880407825365,40.744416814733036],[-73.98880337956622,40.7444175530806],[-73.9888026572017,40.74441827341574],[-73.98880189932154,40.744418966732155],[-73.98880110592269,40.744419651040126],[-73.98880028884825,40.744420308330575],[-73.98879970506098,40.7444207396165],[-73.98879943625823,40.74442093860234],[-73.98879855999105,40.744421550861674],[-73.98879766004677,40.744422145108565],[-73.98879672458686,40.74442271233681],[-73.98879576545134,40.74442325254752],[-73.98879478264024,40.74442376574068],[-73.98879378799366,40.74442425191752],[-73.98879275783139,40.74442471107571],[-73.98879171583191,40.744425153123096],[-73.98879065015869,40.744425557346894],[-73.9887895608097,40.7444259354537],[-73.98878845962523,40.744426286544105],[-73.98878734660677,40.7444266016131],[-73.98878717491847,40.744426645721184],[-73.98878622175275,40.74442688966573],[-73.98878507322316,40.744427150700844],[-73.9887839246981,40.74442738472075],[-73.98878276433902,40.744427582719226],[-73.9887815921445,40.74442775370132],[-73.98878040811593,40.744427888661946],[-73.9887792240919,40.74442799660741],[-73.98877804007242,40.74442807753765],[-73.98877685605899,40.74442812244761],[-73.98877566021163,40.74442813133614],[-73.98877446436877,40.744428113209466],[-73.98877328037052,40.74442806806872],[-73.98877209637834,40.74442798690771],[-73.98877091239224,40.74442786972641],[-73.98876972841076,40.74442772552993],[-73.98876856811388,40.744427554320524],[-73.98876739598303,40.744427347089676],[-73.98876624753687,40.744427112845926],[-73.98876511093684,40.74442684258304],[-73.98876398617998,40.744426554311175],[-73.9887628732707,40.744426221015125],[-73.98876177220454,40.744425869710085],[-73.98876095055316,40.74442558146775],[-73.98876069482307,40.74442549139215],[-73.98875962928776,40.744425077055084],[-73.98869879924445,40.74440046925954]],[[-73.9887288965024,40.74438740675718],[-73.988748303431,40.744380984439935],[-73.98875198794931,40.74438160795047],[-73.9887559188503,40.74438158221962],[-73.98875973975261,40.74438088199836],[-73.98876325528916,40.74437954418843],[-73.98876374196696,40.74437923716312],[-73.98876628311142,40.7443776372106],[-73.98876866691413,40.74437526010542],[-73.98877028472408,40.74437253532992],[-73.98877105245339,40.74436960335492],[-73.98877814982907,40.74433178006374],[-73.98879338385686,40.74425060356883],[-73.98879988128303,40.74421765285914],[-73.98881487996964,40.744141577707836],[-73.9888206841447,40.74411214160687],[-73.98883050975095,40.74405809864853],[-73.98886621808299,40.74388038890009],[-73.98887551307293,40.74383412806429],[-73.98887586300586,40.743830209092685],[-73.98887537822085,40.74382629814493],[-73.98887407054086,40.74382249788006],[-73.98887351777309,40.74382155229458],[-73.98887380100763,40.74381999714675],[-73.98887222166942,40.743819331519646],[-73.98887197310133,40.74381890735697],[-73.98886914390224,40.74381562113437],[-73.98886565396919,40.743812724767274],[-73.98886159682486,40.743810294807695],[-73.98866173694421,40.743728944235556],[-73.98844778983636,40.74364410334018],[-73.98830618088239,40.74358321749154],[-73.9883031988892,40.7435872289465],[-73.98829931090948,40.743592567656414],[-73.988207915377,40.743718058364344],[-73.98815806656872,40.74378650167042],[-73.98811063833809,40.74385162233425],[-73.98806832021728,40.74390972675874],[-73.98796647598586,40.744049561259025],[-73.98795720178697,40.74406229525599],[-73.98822654868891,40.74417577074334],[-73.98843640468887,40.744264182141606],[-73.9887288965024,40.74438740675718]]]]},"properties":{"source_id":"12380001486.0","sub_code":"380000","feat_code":"3800","status":"Unchanged"}},{"type":"Feature","geometry":{"type":"MultiPolygon","coordinates":[[[[-73.99036132035776,40.74014486050457],[-73.99030155931649,40.740119227051615],[-73.99024179832115,40.74009359356754],[-73.9901820373718,40.74006796005237],[-73.99012227646843,40.7400423265061],[-73.99006251561107,40.740016692928684],[-73.99000275479966,40.73999105932021],[-73.98994299403425,40.73996542568063],[-73.98988323331481,40.73993979200994],[-73.98982347264136,40.739914158308125],[-73.98976371201394,40.739888524575235],[-73.98970412309149,40.7398629556631],[-73.98970395143385,40.739862881806154],[-73.98970221117447,40.73986217024982],[-73.98970050643983,40.73986141367127],[-73.98969882539075,40.739860612069435],[-73.98969719170421,40.739859774451574],[-73.9896955935438,40.73985888280639],[-73.98969404274465,40.73985796415019],[-73.98969252747158,40.73985699146674],[-73.98969104772048,40.73985599177121],[-73.98968962717262,40.73985494705564],[-73.98968825398742,40.73985386632395],[-73.9896878858341,40.73985356101899],[-73.98968691632412,40.73985275858021],[-73.9896856497033,40.73985160581748],[-73.98968441860445,40.739850426042715],[-73.98968324670605,40.739849219257984],[-73.98968213400956,40.73984797645826],[-73.9896810686742,40.7398467066476],[-73.98968006253929,40.73984540982696],[-73.98967912744406,40.73984408599745],[-73.98967823970865,40.73984274416205],[-73.98967741117366,40.739841375316765],[-73.98967665367702,40.739839988467644],[-73.98967650809954,40.73983969669026],[-73.98967595537921,40.73983858451423],[-73.98967531628072,40.73983716075495],[-73.98967473638112,40.73983571989132],[-73.98967423935763,40.73983427003002],[-73.98967378969392,40.73983280216287],[-73.98967341106709,40.73983132529699],[-73.9896731034771,40.73982983943238],[-73.98967286692258,40.739828353574204],[-73.98967268956706,40.739826849711136],[-73.98967257140636,40.739825354858446],[-73.98967253612173,40.73982385100817],[-73.9896725528587,40.739822805520724],[-73.98967256003331,40.739822347163155],[-73.98967265498032,40.73982084332451],[-73.98967280912215,40.739819348496276],[-73.98967303429939,40.739817853674374],[-73.98967333051066,40.73981636786391],[-73.98967369775734,40.73981488205987],[-73.98968805526553,40.73976092495018],[-73.98970225875429,40.73970752613904],[-73.98971645038111,40.739654127324684],[-73.98973065382432,40.739600728509245],[-73.98974484540689,40.73954732158603],[-73.9897585631644,40.739495443679985],[-73.98977228090175,40.73944355766729],[-73.98978598677863,40.73939167165158],[-73.9897997044733,40.73933978563494],[-73.98981300752727,40.73928952949786],[-73.98981331550614,40.739288475931495],[-73.98981365899968,40.73928744037842],[-73.98981406168754,40.73928641383569],[-73.98981449989145,40.739285396301156],[-73.98981498544917,40.73928439678094],[-73.98981551836346,40.739283397264906],[-73.98981609863017,40.73928242476832],[-73.9898161827079,40.73928229510267],[-73.98981672625207,40.73928146128096],[-73.98981738938858,40.73928051580687],[-73.98981808803978,40.73927958834607],[-73.98981884588395,40.73927867890065],[-73.98981962740224,40.739277796472564],[-73.98982045627434,40.73927693205878],[-73.98982132066111,40.73927608565826],[-73.98982223240027,40.739275266277154],[-73.98982316781496,40.73927446490828],[-73.98982413874288,40.73927369055779],[-73.98982515702326,40.739272943226645],[-73.98982619897778,40.739272222912824],[-73.98982727644558,40.739271529617355],[-73.98982837758615,40.73927087234424],[-73.98982951424132,40.7392702330844],[-73.9898296563223,40.73927015925536],[-73.9898306745693,40.73926962984693],[-73.98983185857142,40.73926905362681],[-73.98983307808533,40.73926851433058],[-73.98983432127362,40.739268000250625],[-73.98983557629538,40.739267523092494],[-73.98983685498995,40.73926708195674],[-73.98983740316883,40.73926690730672],[-73.98983815735865,40.7392666678383],[-73.989839471561,40.73926628974116],[-73.98984080943607,40.73926594766639],[-73.98984215914483,40.739265641612946],[-73.98984352068723,40.73926537158083],[-73.98984489406463,40.73926512856495],[-73.9898462792743,40.73926493057546],[-73.98984767631757,40.739264768607335],[-73.9898490733554,40.73926464265945],[-73.9898504703891,40.73926454372678],[-73.98985187925508,40.739264489820506],[-73.98985328811553,40.73926447193448],[-73.98985469697054,40.739264490068756],[-73.9898561058187,40.739264553228374],[-73.98985750282361,40.73926464340213],[-73.9898577029023,40.7392646614299],[-73.98985889982298,40.73926476959619],[-73.98986029681693,40.73926493181048],[-73.9898616819649,40.73926513904912],[-73.98986305526961,40.73926537330193],[-73.98986441672967,40.73926564357395],[-73.98986576634518,40.73926594986522],[-73.98986710411471,40.739266301180805],[-73.98986841820323,40.73926667050443],[-73.98986972044577,40.739267084852365],[-73.98987099900452,40.73926753521851],[-73.98987225388096,40.73926801259777],[-73.98987349691416,40.73926851699118],[-73.98991758301369,40.73928744051847],[-73.98996028405024,40.73930575156314],[-73.99002281450197,40.739331988776065],[-73.99008533316382,40.73935822595395],[-73.99014786371404,40.73938446309883],[-73.99021039431216,40.739410709214695],[-73.99023618908647,40.73942153370151],[-73.99027292496093,40.73943694629145],[-73.9903354556589,40.739463183334145],[-73.9903979864061,40.739489420342785],[-73.99040594303874,40.7394927591865],[-73.99044454710177,40.73950896072157],[-73.99046050536323,40.73951565821691],[-73.99051508064775,40.73953926412071],[-73.9905696559708,40.73956287089902],[-73.99062421949456,40.73958646864541],[-73.99067879489495,40.739610075371886],[-73.99073335849481,40.73963368207148],[-73.99078503353408,40.73965607282916],[-73.99078656069759,40.739656757336896],[-73.99078804049799,40.739657486866186],[-73.9907894966151,40.73965825241385],[-73.99079085446677,40.739659017953635],[-73.99079090655505,40.73965904857504],[-73.9907923022803,40.73965990056657],[-73.99079363999041,40.73966077416556],[-73.99079494217798,40.73966168378202],[-73.99079619700377,40.73966262941497],[-73.990797416307,40.73966361106537],[-73.99079858824967,40.73966461972718],[-73.99079971283174,40.73966565540039],[-73.99080079005209,40.739666727090125],[-73.99080181991313,40.739667816786216],[-73.99080279057318,40.73966894249786],[-73.99080371387392,40.73967008621583],[-73.99080458981405,40.739671256945265],[-73.9908049614907,40.739671798179806],[-73.99080540655572,40.73967244568011],[-73.99080617593683,40.73967366142638],[-73.99080688611942,40.73967489517803],[-73.99080753710348,40.739676146935146],[-73.990808128889,40.73967741669768],[-73.99080867331647,40.73967869546144],[-73.99080914670616,40.739679992229746],[-73.99080956089855,40.73968129799838],[-73.99080992773287,40.73968261276827],[-73.99081022353067,40.7396839365376],[-73.99081047197019,40.73968527020873],[-73.9908106493735,40.73968661107826],[-73.9908107675806,40.73968795284352],[-73.99081082659163,40.739689294604105],[-73.99081081456612,40.73969064536409],[-73.99081075518498,40.73969198711518],[-73.99081062476854,40.739693328860646],[-73.99081044699523,40.73969467060234],[-73.99081019818789,40.73969600333324],[-73.99080989018564,40.73969732705441],[-73.99080952298856,40.73969864176574],[-73.99080909659658,40.739699947467315],[-73.99080861100977,40.73970124415902],[-73.99080806622929,40.7397025228359],[-73.99080746225522,40.73970378349791],[-73.99080679908624,40.73970503515009],[-73.99080608856286,40.73970626878835],[-73.9908053188471,40.73970747540667],[-73.99080448993772,40.73970866401012],[-73.99077019695113,40.73975635213266],[-73.99073776302494,40.73980152797891],[-73.99070534089269,40.7398467128218],[-73.99067291871779,40.73989188865014],[-73.99064049649765,40.739937073474174],[-73.99060807423349,40.739982258288805],[-73.99057565192666,40.74002743408892],[-73.99054322957456,40.740072618884746],[-73.99051080717852,40.74011780367111],[-73.99048338192516,40.74015597390976],[-73.99048029125439,40.74016026907381],[-73.99047960444375,40.74016118753443],[-73.99047887027845,40.740162087980984],[-73.99047808875852,40.74016297041341],[-73.99047728356386,40.740163825828716],[-73.99047643101322,40.74016467223502],[-73.99047553111052,40.740165482617115],[-73.99047460753175,40.74016627498711],[-73.99047364843892,40.74016704033889],[-73.99047265383075,40.74016778767763],[-73.9904716237098,40.74016849899311],[-73.99047056991284,40.7401691922965],[-73.99046946876378,40.740169849575665],[-73.99046835577923,40.74017047983862],[-73.99046720728064,40.74017108308341],[-73.99046603510858,40.740171650305896],[-73.9904648274225,40.74017219051026],[-73.99046360790092,40.74017270369841],[-73.99046236470703,40.74017317275973],[-73.99046109783863,40.740173613002845],[-73.99045980729537,40.740174027129285],[-73.9904585049193,40.74017439622935],[-73.99045717886841,40.74017473831223],[-73.99045585282266,40.7401750443748],[-73.99045450310346,40.74017531441512],[-73.99045314155016,40.740175548434145],[-73.99045176816138,40.74017575543695],[-73.99045039477902,40.74017591741435],[-73.99044900956252,40.7401760433705],[-73.99044762435125,40.74017613330631],[-73.99044622730577,40.74017618722087],[-73.99044484210476,40.7401762051161],[-73.9904434450696,40.74017618699005],[-73.9904420480397,40.74017613284366],[-73.99044066285418,40.74017604267797],[-73.99043927767384,40.74017591649198],[-73.99043790433929,40.74017574528163],[-73.9904365310086,40.740175547056005],[-73.99043516952246,40.74017531281107],[-73.99043383172004,40.74017504254778],[-73.99043249392282,40.74017473626419],[-73.99043117980939,40.74017439396225],[-73.99042986570119,40.74017401564003],[-73.99042858711475,40.7401736103055],[-73.99042732037279,40.740173168951685],[-73.99042607731464,40.74017269157951],[-73.99042484610098,40.74017217818803],[-73.99042221793778,40.74017105233548],[-73.99036132035776,40.74014486050457]],[[-73.98992375353397,40.739334689778076],[-73.98989319630371,40.739321555902514],[-73.98989261852448,40.739321744958346],[-73.98986476276413,40.739310161985856],[-73.98985685809593,40.739315760644594],[-73.98984877364745,40.73932797441379],[-73.98984495218767,40.73934207602177],[-73.98971918781835,40.73980620884159],[-73.98972503234471,40.73981716043217],[-73.98973221168409,40.73982468210922],[-73.98975524101975,40.7398346887959],[-73.98975868191626,40.739839705828],[-73.99012826415712,40.73999855786465],[-73.99029342112108,40.7400695444811],[-73.99029002021159,40.74007412237322],[-73.9903795527974,40.74011260405891],[-73.99038705054116,40.740113155795434],[-73.99039458626719,40.7401130384577],[-73.99039557012722,40.74011293498145],[-73.990413078161,40.74012054212433],[-73.9904212692783,40.740123946723244],[-73.990434909608,40.74012199915927],[-73.99074379587083,40.739685306292444],[-73.99074289469502,40.73967830747736],[-73.99032623558743,40.7395020331472],[-73.9899971374969,40.73936520086125],[-73.98992375353397,40.739334689778076]]]]},"properties":{"source_id":"12380001640.0","sub_code":"380000","feat_code":"3800","status":"Unchanged"}},{"type":"Feature","geometry":{"type":"MultiPolygon","coordinates":[[[[-73.98932621788737,40.7413704783292],[-73.98926240980818,40.74134231354148],[-73.98924070479757,40.74133273282196],[-73.98923596578025,40.74133064140166],[-73.989229719919,40.74132653900798],[-73.98922235805529,40.741319579200514],[-73.98921567145835,40.74131006471723],[-73.98921348475938,40.74130239669461],[-73.98921268584768,40.741300823433896],[-73.98921235946159,40.74129845056716],[-73.9892149458154,40.74128738988082],[-73.98921540184399,40.74128610580039],[-73.98922104593709,40.74127021237864],[-73.9892279633528,40.74125073325642],[-73.98924618432756,40.74119942496528],[-73.98926152116752,40.74111879859215],[-73.98930584165541,40.740967446379806],[-73.98930877826281,40.74095741680404],[-73.98930974096402,40.74095645335075],[-73.98933927207746,40.74092689063792],[-73.9894086053777,40.74085748504419],[-73.98945339858365,40.7407158222701],[-73.98946363175801,40.740683459879776],[-73.9894651548147,40.74068022989992],[-73.98946832220841,40.74067797622017],[-73.9894757456463,40.740677095302246],[-73.98952604786825,40.74069843110171],[-73.9895368446778,40.740703011162026],[-73.98953789831396,40.74070345790929],[-73.98955065441515,40.740708868413925],[-73.98955127002851,40.74070909359656],[-73.98955187379966,40.74070933678827],[-73.98955769130102,40.740711752476116],[-73.98956183008532,40.740713471018964],[-73.98960747984783,40.740732430823044],[-73.98966252951327,40.74075532666939],[-73.98971756737853,40.74077821348323],[-73.98977261712096,40.74080110027176],[-73.98982765506183,40.74082398703283],[-73.9898827048799,40.74084687376859],[-73.98991322617005,40.740859580800525],[-73.9899338716436,40.74086817524603],[-73.98993459380091,40.74086849048665],[-73.98993530411613,40.74086882373638],[-73.98993548998041,40.740868921007376],[-73.98993599074842,40.740869183999244],[-73.98993666553993,40.74086955326612],[-73.9899373284893,40.74086994054213],[-73.98993796775711,40.74087034582616],[-73.98993858334336,40.74087076911832],[-73.98993918708746,40.740871210419556],[-73.98993976715131,40.7408716607238],[-73.98994033537308,40.74087212903715],[-73.98994086807384,40.74087261535753],[-73.98994138893384,40.74087311068196],[-73.98994188611364,40.74087361500938],[-73.98994234777244,40.74087413734383],[-73.9899427975891,40.74087467768737],[-73.9899432237269,40.740875218028876],[-73.98994362618316,40.740875776378445],[-73.98994399311977,40.74087634373],[-73.98994433637617,40.74087692008454],[-73.98994465595239,40.74087750544209],[-73.98994495184836,40.740878099802636],[-73.98994522406551,40.74087869416115],[-73.98994546076166,40.74087930652662],[-73.98994567377888,40.74087991889006],[-73.98994586311733,40.740880531251456],[-73.98994601693613,40.740881152614826],[-73.98994614707472,40.74088178298118],[-73.98994624169502,40.740882413344444],[-73.98994631263648,40.74088304370565],[-73.98994635989906,40.74088367406474],[-73.98994637164338,40.74088430442076],[-73.98994635970749,40.74088494377979],[-73.989946324118,40.74088541564244],[-73.98994631225465,40.74088557413067],[-73.98994624112296,40.740886204479466],[-73.9899461463124,40.74088683482618],[-73.98994601598491,40.74088745616473],[-73.98994586197736,40.74088808560575],[-73.98994567245394,40.740888698834574],[-73.98994547109129,40.74088931116184],[-73.98994522237086,40.740889923485],[-73.98994496181372,40.74089051779697],[-73.98994466573828,40.74089111210583],[-73.98994434598534,40.74089169740756],[-73.98994400255488,40.740892273702144],[-73.98994362360749,40.74089284098852],[-73.98994323282201,40.74089339926883],[-73.98993675177414,40.74090218945341],[-73.98993638822905,40.74090268289954],[-73.98990659408935,40.74094314007779],[-73.98987234735091,40.74098972030514],[-73.98983810056458,40.74103630052195],[-73.98980385373038,40.74108288072832],[-73.9897696068469,40.74112946992923],[-73.98973535991688,40.74117605011462],[-73.989701112939,40.74122263028947],[-73.98966686591186,40.74126921945892],[-73.9896326188382,40.74131579961282],[-73.98959837171667,40.74136237975625],[-73.98957252768261,40.74139739093536],[-73.98956866007522,40.741402629735326],[-73.98956735746425,40.741404313565525],[-73.98956598382175,40.741405961369054],[-73.98956453914914,40.741407564140765],[-73.98956301160399,40.741409139889704],[-73.98956181444747,40.74141029423131],[-73.98956142486821,40.741410670607934],[-73.98955975526422,40.74141214728821],[-73.98955802646815,40.74141358794278],[-73.98955623848143,40.74141498356661],[-73.98955437946455,40.74141633415865],[-73.98955246125993,40.741417621709736],[-73.98955048386321,40.74141887323519],[-73.98954844727868,40.741420061719744],[-73.98954636334452,40.7414211961695],[-73.98954423206062,40.74142227658451],[-73.9895420415877,40.7414233020632],[-73.9895398156057,40.74142426630412],[-73.98953754227557,40.741425166604714],[-73.98953523343535,40.74142601287154],[-73.98953288908633,40.74142679609967],[-73.98953049739055,40.741427507282864],[-73.9895280820241,40.741428164433444],[-73.9895256429886,40.741428757645785],[-73.98952558378956,40.74142876664547],[-73.98952316844559,40.74142928061536],[-73.98952067023347,40.74142973964668],[-73.98951816019178,40.74143013564132],[-73.9895156383218,40.74143045959432],[-73.98951309278274,40.74143072050962],[-73.98951054725353,40.74143091838936],[-73.989507978058,40.741431035221254],[-73.98950542071056,40.74143109802374],[-73.98950285153632,40.741431079779474],[-73.98950029421157,40.74143099850072],[-73.98949773689672,40.7414308541864],[-73.98949517959328,40.74143063783149],[-73.98949264597881,40.741430358443175],[-73.98949012421525,40.741430007015346],[-73.98948761430124,40.74142959255301],[-73.98948513991715,40.74142910605329],[-73.98948267738263,40.74142855651914],[-73.9894802385371,40.74142794395157],[-73.9894778352202,40.74142726835171],[-73.9894754555923,40.74142652971848],[-73.98947312333392,40.741425719048955],[-73.98947082660278,40.74142485435225],[-73.98943205447173,40.741410275193545],[-73.98932621788737,40.7413704783292]],[[-73.98960470280187,40.74075972224285],[-73.98960009019066,40.74075958404884],[-73.9895951270471,40.74075999603282],[-73.9895903035221,40.740760960940605],[-73.98958572735752,40.74076245716979],[-73.98958150274544,40.740764450510525],[-73.98957772440798,40.740766895946116],[-73.98957447759742,40.74076973945381],[-73.9895718357282,40.74077291620388],[-73.98956985682463,40.740776355061506],[-73.98950205675946,40.74126044442111],[-73.98950143092975,40.74126491448126],[-73.98950698559234,40.74128267388784],[-73.98950018280517,40.741349087466396],[-73.98950018202905,40.741354012339556],[-73.98950156788136,40.741357531647594],[-73.98950665482145,40.741360697393546],[-73.98951312962977,40.74136210457538],[-73.98951914308466,40.741361049728475],[-73.98952515552132,40.74135893948689],[-73.98956439524534,40.74129830200158],[-73.98956989734036,40.74129652399851],[-73.98957506090429,40.74129424168054],[-73.98957980779102,40.74129148835945],[-73.98958406695688,40.741288307253186],[-73.98986498864754,40.74090730614559],[-73.98986771348726,40.74090345131429],[-73.98986973628534,40.74089935328428],[-73.98987102032831,40.74089508679436],[-73.98987154429359,40.740890729286384],[-73.989871297514,40.740886358203035],[-73.98987028471348,40.74088205278934],[-73.98986852245567,40.740877889589825],[-73.98986604506345,40.740873945150575],[-73.98986289514812,40.74087028971489],[-73.989859130713,40.740866989024795],[-73.98985481923373,40.74086410251968],[-73.98962698464413,40.74076681844727],[-73.98961911669713,40.74076345884666],[-73.98961470324134,40.74076169345471],[-73.9896099901684,40.7407604431257],[-73.98960508284497,40.740759733983744],[-73.98960470280187,40.74075972224285]]]]},"properties":{"source_id":"12380001724.0","sub_code":"380000","feat_code":"3800","status":"Updated"}},{"type":"Feature","geometry":{"type":"MultiPolygon","coordinates":[[[[-73.98992873581207,40.74077344954964],[-73.9898681219541,40.740747698733536],[-73.98980749630354,40.74072194788442],[-73.98974687069989,40.74069619700323],[-73.98968625698244,40.74067044609115],[-73.98962563147245,40.74064469514601],[-73.98957912353502,40.7406249338198],[-73.98956530197559,40.740619061261604],[-73.98956500600926,40.74061894506935],[-73.98956356171769,40.74061822363223],[-73.98956215294982,40.740617467078536],[-73.98956077970576,40.74061667450775],[-73.98956025999563,40.740616427721676],[-73.98955186057962,40.74061244311625],[-73.98954354017715,40.74060289788554],[-73.98954201046926,40.740595738714624],[-73.98954215389051,40.74059468873625],[-73.98954349802015,40.74058484901636],[-73.98957629749536,40.74034480018512],[-73.9896001202158,40.74018039943742],[-73.98960933674971,40.74011440839774],[-73.98961495815928,40.740075699700554],[-73.98962174936764,40.74002884692077],[-73.98962782817595,40.7399874574536],[-73.98962822047166,40.7399847856839],[-73.98962841006536,40.739983723102426],[-73.98962925114262,40.73998058040783],[-73.98962961832112,40.739979544857604],[-73.98963004469454,40.73997851831769],[-73.98963050658288,40.73997750979116],[-73.98963102766622,40.73997651027501],[-73.98963158426452,40.73997552877226],[-73.98963218821709,40.73997456528386],[-73.9896328395253,40.73997361080477],[-73.98963352634708,40.73997268334413],[-73.98963426052451,40.739971764892786],[-73.98963503021551,40.73997087345993],[-73.98963584726076,40.7399700000414],[-73.98963669982093,40.73996914463622],[-73.989637599734,40.73996831625052],[-73.98963852332137,40.739967514882146],[-73.98963949426299,40.73996673152822],[-73.9896404888789,40.73996597519159],[-73.98964153084627,40.73996525487951],[-73.98964259648928,40.73996455257967],[-73.98964369764452,40.73996388630332],[-73.98964482247408,40.73996324704431],[-73.9896459828172,40.739962634803696],[-73.98964716683463,40.739962049580456],[-73.98964837452351,40.73996150938465],[-73.98964960588803,40.739960988101615],[-73.98965087276362,40.739960510046124],[-73.98965208872264,40.73996008151392],[-73.9896521514741,40.739960059907375],[-73.98965344201825,40.73995964578998],[-73.98965475623665,40.73995925868993],[-73.98965609412664,40.739958916617326],[-73.98965744385028,40.739958610566084],[-73.989658805409,40.73995833153111],[-73.9896601787999,40.739958097522525],[-73.98966156402592,40.739957890530256],[-73.98966294924497,40.73995772856329],[-73.98966434629767,40.73995760261766],[-73.98966575518399,40.73995751269336],[-73.98966617311254,40.73995749652171],[-73.98966716406478,40.73995745878934],[-73.98966856110073,40.73995744090453],[-73.98966996997034,40.739957459041044],[-73.9896713788343,40.73995751319785],[-73.98967278769136,40.73995761238],[-73.98967418470357,40.73995774758135],[-73.98967556987233,40.73995790979684],[-73.98967695503414,40.73995811703764],[-73.98967832835105,40.739958360297685],[-73.98967968982318,40.73995863957696],[-73.98968102761259,40.7399589458693],[-73.98968236539507,40.739959297187],[-73.9896836794934,40.73995968452283],[-73.98968498174834,40.739960098872835],[-73.98968624847993,40.73996054923991],[-73.9896875033667,40.7399610356262],[-73.98972962484049,40.739978094997646],[-73.98977314327156,40.739995794738334],[-73.98983214639259,40.740020725102895],[-73.98989116139555,40.740045665343814],[-73.98995016460475,40.74007059654822],[-73.99000917969606,40.740095536728475],[-73.9900681829936,40.74012046787225],[-73.99012718633391,40.740145407990795],[-73.99018620155907,40.74017033907499],[-73.99024520498777,40.74019527913289],[-73.99030422030127,40.74022021015641],[-73.99036080873614,40.74024419541393],[-73.99036217017007,40.740244798867735],[-73.99036349608089,40.74024543833881],[-73.99036479830917,40.7402461048231],[-73.99036606501305,40.740246816329794],[-73.99036730803564,40.74024754584456],[-73.99036850369455,40.740248320380786],[-73.99036967567095,40.74024912193023],[-73.99037080028623,40.74024995049091],[-73.99037188937966,40.740250806063834],[-73.99037294294992,40.740251697654024],[-73.99037396099972,40.740252607251406],[-73.99037491984774,40.74025355286416],[-73.99037585501456,40.74025451648503],[-73.99037673098223,40.74025549811111],[-73.99037757142678,40.74025651575446],[-73.99037836451272,40.74025754239896],[-73.99037911023757,40.74025859605471],[-73.99037980860257,40.74025966771665],[-73.9903804477684,40.74026075738374],[-73.99038105141501,40.74026185605297],[-73.99038159586114,40.740262981732485],[-73.9903820929487,40.74026411641311],[-73.99038254267772,40.7402652600948],[-73.99038293320886,40.74026641277666],[-73.99038327638014,40.74026758346469],[-73.99038356035483,40.74026875414781],[-73.99038379697096,40.740269933831996],[-73.99038398622834,40.74027112341783],[-73.99038410445011,40.74027231119673],[-73.9903841871525,40.74027350887822],[-73.99038421065958,40.74027469754971],[-73.99038417496877,40.740275895221345],[-73.99038408008265,40.74027708388296],[-73.99038393783795,40.74027828154564],[-73.99038374823861,40.740279461194284],[-73.9903834994426,40.740280640837966],[-73.99038320329059,40.74028181147265],[-73.99038284794197,40.740282982102315],[-73.99038243339933,40.740284134716944],[-73.99038198334,40.740285278323526],[-73.99038147408665,40.74028640391503],[-73.99038090563795,40.740287520496466],[-73.99038030167388,40.74028861906482],[-73.99037963851448,40.74028970862317],[-73.99037892800166,40.740290771162336],[-73.99037401365871,40.74029785774346],[-73.99034760645498,40.74033589295783],[-73.99031589410347,40.74038145596022],[-73.9902841935467,40.74042702795966],[-73.99025248110846,40.740472590944],[-73.99022078046622,40.7405181539203],[-73.99018906794129,40.740563716886605],[-73.990157367211,40.74060928884996],[-73.99012565459932,40.74065485179824],[-73.99009395378363,40.74070041473844],[-73.99006224108523,40.74074597766866],[-73.99003974140236,40.74077818686593],[-73.99003162966741,40.74078981171143],[-73.99003110862819,40.74079051406192],[-73.99003056391284,40.74079119840021],[-73.99002998368059,40.740791873730345],[-73.99002937977085,40.74079254005337],[-73.99002874034689,40.74079317935809],[-73.99002806540604,40.74079380965463],[-73.99002736679044,40.74079441293394],[-73.9900266444973,40.7407950072061],[-73.99002589852937,40.74079557446101],[-73.99002512888529,40.740796123703724],[-73.99002432372566,40.7407966549332],[-73.99002350673067,40.74079715914645],[-73.99002265422008,40.740797645346454],[-73.9900217898728,40.74079811353526],[-73.99002090185077,40.74079855470683],[-73.9900200019933,40.74079896886216],[-73.9900190784597,40.74079936500525],[-73.99001813125116,40.74079973503159],[-73.99001717220753,40.7408000762407],[-73.99001620132702,40.74080040033912],[-73.99001521861256,40.7408006884162],[-73.9900142122219,40.7408009584811],[-73.99001320583528,40.74080120153077],[-73.99001217577387,40.740801417563155],[-73.99001114571787,40.74080159757526],[-73.99001011566455,40.74080175957722],[-73.9900090619365,40.740801894561876],[-73.99000800821246,40.740802002531325],[-73.99000695449381,40.740802074480456],[-73.99000590077786,40.74080212841946],[-73.99000484706595,40.74080215534324],[-73.9900037815201,40.74080214624567],[-73.99000272781767,40.74080211013393],[-73.9900016622785,40.740802056011006],[-73.99000060858417,40.7408019658688],[-73.98999956673332,40.74080184871239],[-73.98999852488652,40.740801704540786],[-73.98999748304382,40.74080153335395],[-73.98999645304455,40.74080133515292],[-73.98999543488877,40.74080110993768],[-73.98999442857645,40.74080085770827],[-73.98999343410628,40.740800587469714],[-73.98999245148092,40.74080028121188],[-73.98999148069775,40.740799956944954],[-73.98999053359877,40.7407995966598],[-73.98998959834192,40.740799218365474],[-73.98997908561192,40.74079476894593],[-73.98992873581207,40.74077344954964]],[[-73.98970569766338,40.740001194474445],[-73.98968788370614,40.73999735041632],[-73.98968160775398,40.74001234690196],[-73.98959626152633,40.74058391726742],[-73.989596373961,40.740584169419584],[-73.98960304904955,40.74059144431933],[-73.98996586741704,40.740752079253404],[-73.99003295482275,40.74066100958553],[-73.99004895308099,40.7406392916366],[-73.99009541191629,40.74057622321842],[-73.99010360523114,40.740565100858085],[-73.99032576037335,40.740263525464634],[-73.99032493415869,40.74026235653685],[-73.99023934390287,40.740223813008754],[-73.98970569766338,40.740001194474445]]]]},"properties":{"source_id":"12380001831.0","sub_code":"380000","feat_code":"3800","status":"Updated"}},{"type":"Feature","geometry":{"type":"MultiPolygon","coordinates":[[[[-73.98890318925133,40.741159591814736],[-73.98884209000191,40.74113394847413],[-73.98878099079957,40.74110830510099],[-73.98871990348366,40.741082661696474],[-73.98865880437538,40.741057018258346],[-73.98859770531406,40.74103137478771],[-73.9885366063014,40.74100572227951],[-73.98847550733416,40.740980078743796],[-73.98841609422828,40.740955137740805],[-73.98841442025345,40.74095443517685],[-73.98835332138027,40.74092879157619],[-73.9882922225542,40.74090314794303],[-73.98827183655828,40.7408945919515],[-73.98823112377508,40.74087750427734],[-73.98817002504299,40.74085186057914],[-73.98814386187205,40.74084088160711],[-73.98813237849221,40.740836061810626],[-73.98811426908742,40.740828459662794],[-73.98810892635801,40.74082621684846],[-73.98804783955941,40.74080057308652],[-73.9879867409701,40.74077492028573],[-73.98794149536879,40.740755930164845],[-73.98792564242616,40.7407492764575],[-73.98792338600722,40.7407483297879],[-73.98789540689225,40.74073658513774],[-73.98786454392929,40.7407236325968],[-73.98783937410856,40.74071306969435],[-73.98780344547943,40.740697988703594],[-73.98774235891601,40.74067234477913],[-73.9876812605602,40.74064670082088],[-73.98762016225146,40.74062105683017],[-73.98755812872598,40.7405951605639],[-73.9874960952488,40.740569264264096],[-73.98743406182146,40.74054335892576],[-73.98737204028008,40.740517462560256],[-73.98731000694755,40.74049156615992],[-73.98724797366319,40.74046566972611],[-73.98718594042711,40.74043977325881],[-73.98712390723924,40.74041387675796],[-73.98709823924656,40.740403158750155],[-73.9870618741013,40.74038797121857],[-73.98699984100989,40.74036207465072],[-73.98693780796665,40.74033617804936],[-73.9868757749717,40.74031028141452],[-73.98681375386427,40.74028438474752],[-73.98675172096569,40.740258488045676],[-73.98668968811718,40.74023258230524],[-73.98662765531506,40.74020668553632],[-73.98657581534508,40.74018504031662],[-73.98656562256103,40.740180789634486],[-73.98656424932186,40.740180194238974],[-73.98656288792914,40.74017956372511],[-73.98656157390269,40.740178888191345],[-73.9865602835585,40.74017819465019],[-73.98655901690204,40.74017745608644],[-73.98655779760826,40.74017669051296],[-73.98655660200043,40.74017588892197],[-73.98655545375526,40.74017506032132],[-73.98655434103345,40.740174204709525],[-73.98655326383687,40.7401733130816],[-73.98655222216185,40.74017240344764],[-73.98655122785138,40.740171457798944],[-73.98655028090174,40.740170494145644],[-73.98654936947548,40.74016950348123],[-73.98654851724939,40.74016849481359],[-73.9865477005485,40.74016745012978],[-73.98654693120666,40.74016639644648],[-73.9865462092257,40.74016532475853],[-73.98654553460744,40.74016422606088],[-73.9865449191875,40.74016311836507],[-73.9865443511284,40.740161992664696],[-73.98654383043016,40.740160848959654],[-73.98654335709097,40.74015969625507],[-73.98654313582138,40.740159075779715],[-73.9865429429501,40.74015853455233],[-73.9865425761699,40.740157355745524],[-73.98654226858656,40.74015617514459],[-73.98654202020138,40.740154986446],[-73.98654180733593,40.740153788746504],[-73.98654166550808,40.74015258205026],[-73.98654157103562,40.74015138436458],[-73.98654152392218,40.740150177679375],[-73.98654154784451,40.740148971002455],[-73.98654161912404,40.7401477643311],[-73.98654173776076,40.74014655766527],[-73.98654191559214,40.7401453600114],[-73.98654214078071,40.740144162363116],[-73.98654221780164,40.740143838189525],[-73.98654242516392,40.7401429737268],[-73.9865427687418,40.740141794102456],[-73.9865431596732,40.74014063249378],[-73.9865435979618,40.740139470890675],[-73.98654409544321,40.7401383273046],[-73.98654464027996,40.74013719272914],[-73.98654524430954,40.740136076170714],[-73.9865458956944,40.74013496862294],[-73.98654658259174,40.74013388809448],[-73.9865473286837,40.740132816578004],[-73.98655815279506,40.74011796847745],[-73.98658046418662,40.74008736283819],[-73.98661363516935,40.740041873072414],[-73.98662566837491,40.740025362769465],[-73.9866467942693,40.73999637429034],[-73.9866799651633,40.73995087549978],[-73.9867131241727,40.739905376698005],[-73.98674629497424,40.73985988689288],[-73.98677946573234,40.73981438807278],[-73.98681262460585,40.739768889241475],[-73.98684579527328,40.7397233904017],[-73.98687895405443,40.739677900555805],[-73.98689984405847,40.73964926680188],[-73.98691105880737,40.739633905422416],[-73.98691176934548,40.739632959970535],[-73.98691253907431,40.73963204154055],[-73.98691333247798,40.73963114112341],[-73.98691417323488,40.73963025872178],[-73.98691506134331,40.739629403340736],[-73.98691598496404,40.73962857497898],[-73.98691694409881,40.73962776463137],[-73.98691774573696,40.739627133466826],[-73.98691793874589,40.73962698130299],[-73.98691896890524,40.73962622499387],[-73.98692003457684,40.739625495703976],[-73.986921135759,40.739624802438414],[-73.98692226061603,40.739624127185714],[-73.9869234209818,40.73962349696235],[-73.98692460502241,40.73962288475182],[-73.98692582457332,40.73962230946608],[-73.98692706779597,40.73962176840234],[-73.98692833469151,40.73962125525697],[-73.98692961341919,40.739620778133215],[-73.98693092765738,40.73962033703378],[-73.98693225372766,40.739619931956014],[-73.98693360346931,40.739619562901154],[-73.98693496504308,40.73961922986793],[-73.98693633845075,40.73961892385124],[-73.98693663207375,40.73961886895357],[-73.98693772368874,40.73961866286125],[-73.98693912075889,40.73961843789286],[-73.9869405296612,40.73961824894611],[-73.98694111808125,40.73961818957934],[-73.98694195039387,40.73961810502603],[-73.98694337112119,40.73961798812116],[-73.98694480367892,40.739617916242985],[-73.9869462362296,40.73961788038507],[-73.98694766877323,40.739617880547435],[-73.98694910130975,40.73961791673007],[-73.9869505219983,40.739617997936705],[-73.98695194268157,40.73961810615856],[-73.98695268024844,40.73961818548675],[-73.98695336335602,40.73961825940575],[-73.98695477218422,40.73961844867189],[-73.98695616916612,40.73961867395695],[-73.98695756613927,40.73961894426734],[-73.98695893942875,40.73961924159026],[-73.98696030087197,40.739619574932135],[-73.98696165046712,40.73961995329802],[-73.98696297637868,40.739620358676376],[-73.98696427860477,40.73962080007235],[-73.98696556898466,40.73962127748728],[-73.98696682383984,40.739621790918456],[-73.98696959872123,40.7396229573894],[-73.98698246214416,40.7396283663905],[-73.98703138957798,40.73964893049217],[-73.98709369426906,40.73967508822322],[-73.98715601084824,40.7397012459218],[-73.98721832747634,40.739727403586585],[-73.98728064415343,40.73975356121752],[-73.9873429608794,40.739779718814695],[-73.98739507895982,40.739801604156206],[-73.98740527765258,40.73980588538309],[-73.98746759447647,40.739832042912596],[-73.98752991134923,40.73985820040828],[-73.98759222827093,40.73988435787017],[-73.9876545452416,40.73991051529821],[-73.98771685042189,40.73993667269118],[-73.98777916749037,40.73996283005162],[-73.98784148460784,40.73998898737822],[-73.98790380177418,40.74001514467107],[-73.98796611898945,40.74004130193004],[-73.98797198135614,40.74004376272827],[-73.9880284362537,40.74006745915523],[-73.98809075356684,40.74009361634657],[-73.98815307092728,40.740119782509176],[-73.98821538833835,40.740145939632896],[-73.98827196416148,40.74016968367938],[-73.98827770579827,40.74017209672279],[-73.98833941836286,40.74019800067511],[-73.98834002330713,40.74019825377888],[-73.98840232902566,40.740224410799996],[-73.98846464663238,40.74025056778846],[-73.98852696428803,40.74027672474309],[-73.98853027195516,40.740278113654675],[-73.98858928199266,40.74030288166392],[-73.98865159974616,40.74032903855093],[-73.98871391754861,40.74035519540413],[-73.98877623540002,40.74038135222349],[-73.98883855330031,40.740407509009046],[-73.98887946365417,40.74042468653945],[-73.98890087124805,40.74043367476586],[-73.98894258310328,40.74045118283715],[-73.98896318924626,40.740459831483825],[-73.98902074819061,40.740484051623866],[-73.98907831901617,40.740508271736196],[-73.98913588988505,40.74053248281457],[-73.98919346079431,40.7405567028692],[-73.98922315191474,40.74056919568595],[-73.98923990585732,40.740576240119175],[-73.9892510435848,40.740580922896015],[-73.98925236950035,40.74058150834943],[-73.98925367173281,40.740582120815844],[-73.98925493844136,40.740582769299195],[-73.98925618146538,40.740583453800625],[-73.98925687518738,40.74058385909358],[-73.98925740080627,40.740584165315056],[-73.98925857278392,40.74058491284529],[-73.9892597210785,40.74058568738855],[-73.98926083385062,40.74058648894373],[-73.98926189925945,40.74058732651476],[-73.9892629409866,40.740588182093695],[-73.98926393535199,40.740589064683405],[-73.98926489419347,40.74058998329012],[-73.98926580567456,40.74059091990255],[-73.98926668163463,40.74059187452181],[-73.98926749839352,40.740592856150755],[-73.98926829147071,40.74059385578759],[-73.98926902534674,40.74059488243417],[-73.98926971186384,40.74059591808139],[-73.9892912806355,40.74060456675888],[-73.9893662534403,40.74063463083413],[-73.98936874504899,40.740638276317206],[-73.98937683301386,40.74065011062823],[-73.98938077278576,40.74065989860401],[-73.98938174634064,40.74066508651557],[-73.98938231943818,40.7406720700015],[-73.98938192089958,40.7406766823625],[-73.98938051068187,40.74068502723235],[-73.98937353791351,40.740710743272764],[-73.98937210385331,40.74071268103189],[-73.98937175214736,40.7407131564672],[-73.98937121452262,40.74071388402736],[-73.98936656824128,40.74071702546795],[-73.98935539317628,40.7407235369034],[-73.98933146252716,40.740736261556776],[-73.98929340970469,40.74085289441334],[-73.98928882728777,40.7408563789499],[-73.98922115635656,40.740887735499065],[-73.98916896582514,40.7410549925979],[-73.9891375959495,40.741164197743004],[-73.98913708835447,40.741169505283985],[-73.98913722047857,40.741172437347586],[-73.98913857786927,40.74117610344003],[-73.9891417014238,40.74118153019038],[-73.98914412449123,40.74118444175822],[-73.98915178581255,40.74119175910035],[-73.98915634449595,40.74119607025715],[-73.98915776255032,40.74119801098348],[-73.98915888191833,40.741201988628724],[-73.98915875258967,40.741203698679534],[-73.98915738675812,40.74120823890776],[-73.98915106513883,40.74122595939162],[-73.98914653091151,40.741238671423105],[-73.98913963717729,40.741257996555994],[-73.98913844913321,40.741261325618666],[-73.98913669078635,40.741262440280586],[-73.98913455605556,40.741262867820076],[-73.98913229470891,40.74126288561684],[-73.98912963569158,40.74126206770546],[-73.98912702054093,40.741260878789234],[-73.98911496881998,40.74125545839914],[-73.98909784306765,40.74124775474208],[-73.9890964899185,40.74124711345295],[-73.98905688634267,40.74122835753696],[-73.98903706029421,40.74121896696441],[-73.98903519048072,40.741213950061365],[-73.98903380531117,40.741213643757064],[-73.98903242014748,40.74121330143245],[-73.98903105866874,40.741212923089805],[-73.98902970903544,40.741212508728],[-73.9890283830871,40.74121205834813],[-73.98902708082363,40.741211571950224],[-73.98902579040413,40.74121105853823],[-73.98896428854775,40.741185235122835],[-73.98890318925133,40.741159591814736]],[[-73.98901099942245,40.741117200874314],[-73.98902270199758,40.74107858284226],[-73.98904252541199,40.74108212642451],[-73.98904977501932,40.74105866800312],[-73.98902981782977,40.74105509919516],[-73.98905110961948,40.74098483915299],[-73.98907146695078,40.740988479135304],[-73.98907906361728,40.74096389871279],[-73.98905856540776,40.74096023440474],[-73.98908903528695,40.74085968666848],[-73.9891101052947,40.74086345368307],[-73.98911769956382,40.74083887956093],[-73.98909648867841,40.74083508732018],[-73.98910065129735,40.74082135317916],[-73.98911881151533,40.74076497774559],[-73.98913940082893,40.74076865826078],[-73.98914699626079,40.74074408143494],[-73.98912671121835,40.74074045407975],[-73.98913863005744,40.74070345426568],[-73.98916928588636,40.740608284350984],[-73.9891641995094,40.74060210819431],[-73.9890237657069,40.74054358354117],[-73.98898110193254,40.74052580345529],[-73.98883170668618,40.74046354510723],[-73.988742579202,40.7404264022144],[-73.98851786335999,40.7403319294309],[-73.98832083590185,40.74024909627367],[-73.9882886341585,40.740235558380014],[-73.98829823342592,40.74022234891476],[-73.98819080545027,40.740178044700194],[-73.98818302749771,40.74018874733135],[-73.98796168740292,40.740087969354406],[-73.98792085470411,40.74006937770894],[-73.98767244482686,40.739962707915005],[-73.98748090167793,40.73987671492372],[-73.98737316495483,40.739830616100136],[-73.98720148283442,40.73975715447669],[-73.98704449775872,40.73969253723235],[-73.98699689845888,40.739672944933695],[-73.98695201961819,40.73965447225416],[-73.9869294326241,40.73968540662108],[-73.98685771140671,40.73978363479911],[-73.98682251995888,40.739834108713474],[-73.9867524136484,40.73993057831799],[-73.98660272873124,40.74013654843441],[-73.98660349585276,40.74013687090525],[-73.98659823185565,40.740143980697965],[-73.98668632917564,40.74017990134349],[-73.98679099673322,40.74022257852788],[-73.98710046832173,40.74034953379562],[-73.98713903100129,40.74036386337712],[-73.98717665845639,40.740377846146316],[-73.98723680100524,40.74040313096493],[-73.98730964620269,40.74043375625966],[-73.98739503426478,40.74046965625183],[-73.9873987326581,40.740464566089365],[-73.9874786810515,40.74049817813575],[-73.9875495151137,40.740527958383915],[-73.987639373624,40.74056573713559],[-73.98771363624776,40.740596958461936],[-73.98779588399032,40.74063153587645],[-73.9878295644506,40.74064569631384],[-73.9879413394245,40.740695200845984],[-73.98794658031471,40.740697467070646],[-73.988285710587,40.740844133445734],[-73.98834928347307,40.74087162697455],[-73.98885052692073,40.7410766896459],[-73.98899201432977,40.741134573445436],[-73.98899713825428,40.74113578151512],[-73.98901099942245,40.741117200874314]]]]},"properties":{"source_id":"12380001836.0","sub_code":"380000","feat_code":"3800","status":"Updated"}},{"type":"Feature","geometry":{"type":"MultiPolygon","coordinates":[[[[-73.98735344605453,40.74142455035923],[-73.9872914711338,40.741398383806626],[-73.98722949625996,40.741372226225664],[-73.98716750959709,40.74134605960487],[-73.98710553482239,40.741319892951914],[-73.98704356009456,40.741293735270595],[-73.98698157357772,40.74126756854944],[-73.98691959894902,40.741241401796145],[-73.98685762436904,40.74121523500938],[-73.98679563799824,40.74118906818784],[-73.98678080436825,40.74118280796182],[-73.98673366351377,40.7411629103393],[-73.98667167724037,40.74113674345086],[-73.98664035264468,40.74112352037702],[-73.9866372971359,40.741122230496366],[-73.9866097028551,40.741110576530325],[-73.98660599741457,40.7411090182221],[-73.98660090213914,40.74110687082049],[-73.98654772851847,40.741084409576345],[-73.98648574475752,40.74105824979185],[-73.98642376933437,40.74103208277085],[-73.98636179159081,40.74100592111917],[-73.98629980679381,40.74097975222909],[-73.98623783388307,40.74095359231207],[-73.98622468496404,40.74094803911357],[-73.98617585865426,40.7409274269583],[-73.98611387518741,40.74090125706751],[-73.98606503947514,40.74088064216244],[-73.98605590616253,40.74087679048842],[-73.98605190005404,40.740875100651884],[-73.98605065700866,40.740874649347255],[-73.98604943764764,40.74087417193077],[-73.98604824197308,40.740873658496845],[-73.98604706998299,40.74087311805057],[-73.98604592167932,40.7408725415869],[-73.98604479706017,40.740871938110836],[-73.986043707965,40.74087130762386],[-73.98604264255438,40.740870650124535],[-73.98604161266958,40.7408699566092],[-73.98604061830684,40.74086924508802],[-73.98603995895593,40.74086874342563],[-73.98603964762864,40.7408685065545],[-73.98603871247441,40.740867741010106],[-73.98603781284413,40.74086694845475],[-73.98603694873597,40.740866137893555],[-73.98603613199114,40.74086530032285],[-73.98603533892897,40.74086444474489],[-73.98603459322828,40.740863571162585],[-73.98603389489097,40.74086267057075],[-73.98603323207385,40.740861760978135],[-73.9860326047788,40.7408608333797],[-73.98603202484522,40.74085988777685],[-73.9860314922732,40.740858924169636],[-73.9860309952213,40.74085795156163],[-73.98603054553088,40.7408569609492],[-73.98603014320005,40.74085596133745],[-73.98602978822883,40.740854952726416],[-73.98602946877587,40.740853944119664],[-73.98602920852383,40.74085291750992],[-73.98602898379194,40.740851881899424],[-73.98602881825718,40.74085084629611],[-73.9860286882407,40.74084981069715],[-73.9860286433897,40.74084914881894],[-73.98602861742302,40.74084876700075],[-73.98602858212398,40.740847721507684],[-73.98602860602188,40.74084667692228],[-73.98602866543614,40.74084564134629],[-73.98602878404941,40.740844596772384],[-73.98602893817903,40.740843561207825],[-73.98602915150578,40.74084252565048],[-73.98602940034887,40.740841499102544],[-73.98602969654776,40.74084048156539],[-73.98603005194185,40.74083947304048],[-73.98603044285231,40.74083847352497],[-73.98603086927913,40.7408374830188],[-73.98603135490114,40.740836501524925],[-73.986031887877,40.740835538046916],[-73.98603195656965,40.74083542369084],[-73.98603245636738,40.740834592583354],[-73.98603306037411,40.74083365612915],[-73.98603371173472,40.74083273769088],[-73.9860482428111,40.74081311740125],[-73.98606894395624,40.74078515915997],[-73.98610309845067,40.74073897627406],[-73.98613724105839,40.74069279337628],[-73.98617139545819,40.74064661046947],[-73.9862055379712,40.74060042755088],[-73.98623969227627,40.74055424462324],[-73.98627383469461,40.7405080616838],[-73.98630797706564,40.74046187873389],[-73.98634213122867,40.74041569577496],[-73.98637627350507,40.74036951280425],[-73.98639941395176,40.74033824992893],[-73.9864073153305,40.740327580751796],[-73.9864087222306,40.74032567994709],[-73.98640942093472,40.740324779522325],[-73.98641016699246,40.740323897113285],[-73.98641093672332,40.74032304172225],[-73.9864117538096,40.74032219534186],[-73.98641261824771,40.74032137598231],[-73.98641350635894,40.74032058364074],[-73.98641444182378,40.740319809314876],[-73.98641540096176,40.740319062007025],[-73.98641639561221,40.74031834171856],[-73.98641742577503,40.740317648449505],[-73.98641849145038,40.74031698219987],[-73.98641958079885,40.74031634296819],[-73.98642069381862,40.7403157397596],[-73.98642184235084,40.740315163570386],[-73.98642195009899,40.740315113154686],[-73.9864230145562,40.740314614399175],[-73.98642421043462,40.74031409224597],[-73.98642542998256,40.74031361512089],[-73.98642667320364,40.74031316501381],[-73.98642792825852,40.74031274192337],[-73.98642920698447,40.740312355756444],[-73.98643050938213,40.74031200381159],[-73.98643181177229,40.7403116887875],[-73.98643313783373,40.74031140978648],[-73.98643447572898,40.740311157802054],[-73.98643582545435,40.74031095084437],[-73.98643717517425,40.74031077090189],[-73.98643853672431,40.74031063598612],[-73.98643991010636,40.74031053709204],[-73.98644128348285,40.74031046521317],[-73.98644265685022,40.740310438359614],[-73.9864440302121,40.740310438521284],[-73.98644540356483,40.74031048370829],[-73.98644677691017,40.74031056491558],[-73.98644769799388,40.7403106433681],[-73.98644815024825,40.740310682143125],[-73.98644951174151,40.7403108263845],[-73.98645086138629,40.7403110156498],[-73.98645219918443,40.74031124093398],[-73.98645353697519,40.74031150223843],[-73.98645485108189,40.7403117905553],[-73.98645616518127,40.74031211489246],[-73.98645745559284,40.740312484252165],[-73.98645872232025,40.740312880624295],[-73.9864599772029,40.74031330401019],[-73.98646120839777,40.740313772418695],[-73.98646242774784,40.74031426784099],[-73.98646939104168,40.740317215118914],[-73.98647662188193,40.74032027589173],[-73.98652192710915,40.740339471011495],[-73.98657869187008,40.74036347615787],[-73.98658184085411,40.7403648633059],[-73.9865849424665,40.740366322488924],[-73.98658796118907,40.74036785370276],[-73.98659093254001,40.74036945695159],[-73.9865938210012,40.740371132231246],[-73.98659665025139,40.740372879544545],[-73.98659939661361,40.74037468988364],[-73.98660207192735,40.74037656324989],[-73.98660466435135,40.740378508647034],[-73.9866071738893,40.74038050806487],[-73.98660960053935,40.740382570508565],[-73.98661233495625,40.74038491214519],[-73.98661516410257,40.7403871817522],[-73.98661809981759,40.74038937933092],[-73.98662113026386,40.74039149587496],[-73.9866242436001,40.740393540387934],[-73.9866274516676,40.7403955038662],[-73.98663074262869,40.740397377303275],[-73.98663411647982,40.740399178709275],[-73.98663756138711,40.740400881067664],[-73.98664107734683,40.740402502388484],[-73.98664466436088,40.74040403366676],[-73.98670379704913,40.740428246142514],[-73.98676287058903,40.74045243156575],[-73.98682194417184,40.74047661695865],[-73.98688102963509,40.74050081132754],[-73.98693711989857,40.74052441099165],[-73.98699321020172,40.74054801062833],[-73.98704930054463,40.74057161023758],[-73.9870777091691,40.74058356856201],[-73.98710539092556,40.740595218824566],[-73.98716148134794,40.74061881837907],[-73.98721757181005,40.74064241790615],[-73.98727943948882,40.74066835035771],[-73.987341295378,40.74069427376952],[-73.98740316315306,40.74072020615438],[-73.98746501913855,40.74074612949957],[-73.98752688700975,40.74077206271829],[-73.98758742900405,40.74079751669098],[-73.98764797104448,40.740822971532246],[-73.98770851313111,40.74084842634161],[-73.98773311473022,40.74085877038869],[-73.98776905526407,40.740873881119036],[-73.98778985552764,40.740882663270796],[-73.98782096004234,40.740895789654886],[-73.98782300337058,40.740896651656286],[-73.98782425824658,40.74089721910846],[-73.98782548943872,40.74089781357333],[-73.98782669694715,40.740898435050894],[-73.98782788077017,40.74089909254624],[-73.98782901723055,40.74089977705174],[-73.98783014184657,40.740900488571235],[-73.98783121909827,40.740901236106005],[-73.9878322726679,40.7409020016484],[-73.98783327887324,40.740902803206055],[-73.98783426139481,40.74090363177643],[-73.9878351965554,40.740904478351894],[-73.98783609619277,40.74090535193884],[-73.98783696030853,40.74090624353217],[-73.98783700884022,40.740906298468225],[-73.9878377770617,40.74090716213573],[-73.98783855829166,40.74090810775073],[-73.98783929216228,40.740909062365766],[-73.98783999051132,40.740910034987216],[-73.98784064149773,40.74091103461889],[-73.98784124512477,40.7409120432506],[-73.9878418013908,40.74091306988748],[-73.9878423102975,40.74091410552439],[-73.9878427718431,40.74091515916648],[-73.98784318602942,40.740916221808625],[-73.98784355285471,40.740917302455934],[-73.98784388416172,40.74091838309944],[-73.98784414443048,40.740919472740536],[-73.98784436917931,40.740920571382986],[-73.9878445465704,40.74092167002041],[-73.98784466476268,40.74092277765664],[-73.98784473559705,40.74092388618841],[-73.98784477091345,40.74092499291543],[-73.98784473519306,40.740926100535454],[-73.98784466395438,40.74092720815169],[-73.98784453351851,40.7409283157617],[-73.98784435572487,40.74092942336672],[-73.98784414241622,40.74093051295787],[-73.98784385807093,40.74093160254145],[-73.98784353820733,40.74093269212133],[-73.98784327404722,40.74093346292757],[-73.98784317098925,40.74093376368607],[-73.9878427445756,40.74093482623949],[-73.98784228264535,40.74093587978404],[-73.98784177336054,40.74093691531351],[-73.98784120488018,40.74093794183163],[-73.98784060088478,40.74093895033585],[-73.98783994953487,40.74093994082491],[-73.98783926266829,40.74094092230515],[-73.98783384122991,40.74094827887589],[-73.98780263418479,40.74099062642542],[-73.98779231945551,40.74100465523361],[-73.9877693807232,40.74103580134133],[-73.98773611537702,40.74108097624608],[-73.98770286182517,40.741126151142204],[-73.9876934281358,40.74113896164919],[-73.9876695963888,40.741171326027114],[-73.9876363427468,40.741216500903455],[-73.98760307722016,40.74126167576863],[-73.98756981164846,40.741306850623914],[-73.98753655787115,40.741352025470576],[-73.98750329220924,40.74139720030607],[-73.98749269313608,40.74141159826364],[-73.98747098575284,40.74144105149061],[-73.98747031073381,40.74144193391407],[-73.98746960020127,40.741442789318505],[-73.98746884231227,40.74144363571268],[-73.9874687179732,40.7414437635712],[-73.9874680489098,40.7414444550878],[-73.98746721999377,40.74144524744384],[-73.98746635556253,40.741446021785855],[-73.98746545561606,40.74144677811382],[-73.98746452015607,40.74144750742274],[-73.98746354918255,40.74144820971259],[-73.98746255453511,40.74144888498461],[-73.98746152437407,40.74144953323756],[-73.98746047053905,40.741450154472716],[-73.98745938119033,40.74145074958926],[-73.98745826816796,40.741451315886984],[-73.98745713147312,40.74145184706238],[-73.98745597110435,40.741452351219955],[-73.98745522871057,40.74145264470442],[-73.98745478706323,40.741452819354656],[-73.98745357934811,40.74145326047157],[-73.98745235979855,40.74145367457198],[-73.98745111657668,40.74145405264949],[-73.98744984968259,40.741454394704135],[-73.98744858279521,40.74145470073847],[-73.98744729223385,40.74145497975503],[-73.98744598984145,40.74145521374487],[-73.98744468745416,40.741455420719504],[-73.98744336139285,40.74145560067635],[-73.98744203534002,40.741455735607836],[-73.98744070929398,40.741455834519016],[-73.98743937141519,40.741455897408606],[-73.98743803354155,40.74145593328298],[-73.98743670751587,40.74145592413327],[-73.98743536965574,40.74145588796703],[-73.98743403180413,40.74145580677542],[-73.98743270579719,40.74145569856989],[-73.98743137979699,40.74145555434406],[-73.98743006564312,40.74145537409922],[-73.98742904392346,40.74145520559288],[-73.98742875149608,40.741455157834075],[-73.98742746103494,40.74145490555128],[-73.98742617058056,40.741454617248145],[-73.98742490381035,40.74145430193234],[-73.98742364888646,40.74145395059757],[-73.98742241764847,40.74145356324507],[-73.98742119825516,40.74145314887863],[-73.98741999070815,40.74145269849319],[-73.98741881868655,40.741452212091346],[-73.9874104144761,40.74144865777205],[-73.98739202797532,40.74144088078265],[-73.98735344605453,40.74142455035923]],[[-73.98664168130094,40.740454911977736],[-73.98642959239413,40.74037319587019],[-73.98628740000471,40.740566707929915],[-73.98616768723376,40.74073277055017],[-73.98608579066494,40.74084555370883],[-73.98609120552251,40.7408479199952],[-73.98609098406178,40.74084822433987],[-73.98611655733762,40.74085899478953],[-73.98643150417743,40.74099657668631],[-73.9866232718803,40.74107614181443],[-73.98665981134675,40.74109130248798],[-73.98675283345722,40.741129897253686],[-73.98679636342365,40.741148938072264],[-73.98715484554214,40.741305739789276],[-73.98743089061009,40.741419035126846],[-73.98752649432971,40.741288553039496],[-73.9877348503778,40.741013188636735],[-73.98778630999816,40.74094517880196],[-73.98776191217951,40.740933842429186],[-73.98764771525082,40.74088078136213],[-73.98731839495754,40.74074751733821],[-73.98705935935568,40.74063215696848],[-73.98690409232346,40.74056300928234],[-73.98664168130094,40.740454911977736]]]]},"properties":{"source_id":"12380001841.0","sub_code":"380000","feat_code":"3800","status":"Unchanged"}},{"type":"Feature","geometry":{"type":"MultiPolygon","coordinates":[[[[-73.99312234987687,40.7421058046489],[-73.99310056350156,40.742096720832386],[-73.99305969719354,40.74207967718286],[-73.9929970327188,40.74205355868697],[-73.99293436829416,40.742027431151826],[-73.99287170391867,40.7420013035825],[-73.99280905143091,40.74197518498476],[-73.9927463871537,40.74194905734701],[-73.99268372292465,40.74192293868017],[-73.99262105874567,40.74189681097408],[-73.9925583946159,40.7418706832338],[-73.99249574237386,40.74184456446515],[-73.99243307834237,40.74181843665649],[-73.99237041435997,40.741792308813636],[-73.99230775042574,40.74176618994163],[-73.99224509838126,40.74174006203117],[-73.9921824345453,40.741713943090794],[-73.99211977075947,40.74168781511118],[-73.9920567518831,40.74166129084978],[-73.99199373305689,40.741634766553794],[-73.99193071428084,40.74160824222322],[-73.99192689029883,40.741606632749146],[-73.99186768371648,40.74158170885218],[-73.99185056460479,40.741574503585724],[-73.99180466504082,40.74155518445244],[-73.99174164641532,40.74152866001811],[-73.99167862784002,40.74150213554921],[-73.99162244983539,40.74147849046457],[-73.99161560931488,40.74147561104572],[-73.99155259083987,40.74144908650767],[-73.99148957241509,40.741422561935025],[-73.99142654220212,40.74139602832184],[-73.99136352387771,40.74136950368001],[-73.99130050560346,40.741342979003626],[-73.99123748737935,40.74131645429265],[-73.99117446920546,40.741289929547094],[-73.99111145108175,40.74126340476695],[-73.99109000622651,40.74125437282474],[-73.99104954585992,40.741237330292265],[-73.99098764068648,40.74121125578419],[-73.99092573556156,40.74118518124275],[-73.99092257223343,40.741183849143475],[-73.99085322529406,40.74115464201248],[-73.99080192545577,40.74113304106486],[-73.99074002047618,40.74110696642334],[-73.99067812738448,40.74108089174939],[-73.9906162225018,40.74105481704112],[-73.99055431766753,40.74102874229949],[-73.99049241288178,40.74100266752444],[-73.99043050814441,40.740976592716045],[-73.99036860345424,40.74095052687939],[-73.99032115388303,40.74093052263809],[-73.99030609030747,40.740924172795836],[-73.99027370434031,40.740910518377135],[-73.9902359992541,40.74089465365398],[-73.99022427775763,40.74088972148254],[-73.99022303469681,40.74088918107272],[-73.99022182715827,40.74088861365071],[-73.99022063146445,40.740888010209396],[-73.9902194712943,40.74088737075079],[-73.99021834664636,40.74088670427999],[-73.99021724568127,40.74088601079601],[-73.99021693551862,40.740885803653036],[-73.99021616839903,40.740885290298785],[-73.99021513847849,40.74088454279036],[-73.99021413224085,40.7408837682687],[-73.99021317336486,40.740882966735875],[-73.99021223817174,40.74088213818986],[-73.99021135033897,40.74088129163769],[-73.9902104980285,40.74088041807332],[-73.99020968123897,40.74087952650179],[-73.99020891181115,40.7408786079191],[-73.990208177903,40.74087768033437],[-73.99020747951707,40.74087672573742],[-73.99020684033094,40.740875753135356],[-73.99020623666445,40.74087477153124],[-73.99020568035833,40.74087377192098],[-73.99020515957315,40.74087275430365],[-73.99020469798643,40.74087172768624],[-73.99020427192066,40.740870683061715],[-73.99020390505204,40.740869638442206],[-73.99020357370435,40.740868575815625],[-73.9902033015538,40.74086751319405],[-73.99020306492272,40.7408664424709],[-73.99020288749037,40.740865360946735],[-73.9902027574156,40.740864280327145],[-73.99020266286043,40.740863190705426],[-73.9902026275011,40.74086211009385],[-73.99020263950075,40.740861020481226],[-73.99020271069747,40.74085993087366],[-73.99020281741119,40.74085885027415],[-73.9902029714826,40.740857769678684],[-73.99020318475112,40.74085668908825],[-73.99020343353527,40.740855626510964],[-73.99020374151651,40.74085456393877],[-73.99020409685411,40.74085351037562],[-73.99020448770865,40.740852465820566],[-73.99020493775897,40.740851430275626],[-73.99020542332491,40.74085041274389],[-73.99020595624718,40.74084940422118],[-73.9902065365258,40.74084840470759],[-73.99020716415814,40.74084743221325],[-73.9902078391468,40.74084646872803],[-73.99023968178693,40.74080254469236],[-73.9902713586045,40.74075881874525],[-73.99030304721985,40.740715092790154],[-73.99033472395426,40.74067136682506],[-73.99036640064575,40.74062764985606],[-73.9903980891364,40.740583923874],[-73.99042976574607,40.74054019788191],[-73.99046144231414,40.74049647188091],[-73.99049313067873,40.74045275487696],[-73.99052480716361,40.74040902885797],[-73.99055430474397,40.740368301340304],[-73.99055624677558,40.740365617988104],[-73.99055699279418,40.74036462749135],[-73.99055778616753,40.74036365500861],[-73.99055813429952,40.740363263316524],[-73.99055862689438,40.74036270954494],[-73.99055950313661,40.7403617820944],[-73.99056042673365,40.74036087265782],[-73.99056138584487,40.74035999023935],[-73.99056238047021,40.740359134839004],[-73.99056342244906,40.74035830645776],[-73.99056449994205,40.74035750509468],[-73.99056560110854,40.74035673975374],[-73.99056674962986,40.740355992426835],[-73.99056792182469,40.74035528112214],[-73.99056912953371,40.740354596835566],[-73.9905703727556,40.74035394857216],[-73.99057163965097,40.74035333633103],[-73.99057269578739,40.74035285734761],[-73.99057293022123,40.740352751107],[-73.99057424446504,40.740352201905154],[-73.9905755942216,40.74035168962698],[-73.99057695581385,40.740351202564014],[-73.9905783410783,40.74035076142882],[-73.99057975001634,40.740350356315844],[-73.99058117078857,40.74034998722407],[-73.99058260339498,40.74034965415357],[-73.99058405967503,40.74034935710526],[-73.99058552778928,40.74034909607819],[-73.99058699589717,40.740348880076496],[-73.99058848767858,40.740348700096966],[-73.99058997945495,40.740348556137704],[-73.99059147122495,40.740348457203794],[-73.99059297482918,40.740348394291125],[-73.9905941954675,40.740348372778605],[-73.99059447842829,40.7403483673987],[-73.99059598202236,40.74034837652656],[-73.99059748561008,40.74034843067977],[-73.99059898919144,40.7403485298583],[-73.99060048092961,40.740348656051076],[-73.99060196082216,40.7403488272682],[-73.99060344070963,40.740349034505634],[-73.99060490875144,40.74034928676737],[-73.99060636494879,40.74034957504848],[-73.99060780930178,40.74034989934887],[-73.99060922997106,40.7403502596676],[-73.99061065063526,40.740350656006605],[-73.99061127690845,40.740350851467745],[-73.99061203577637,40.740351088363],[-73.99061340907312,40.74035155673869],[-73.99061475868488,40.74035207013778],[-73.9906160846142,40.740352610550154],[-73.99062933677698,40.740358212783974],[-73.99067976462679,40.740379531881565],[-73.99073981023514,40.74040484998268],[-73.99079986772969,40.74043015904825],[-73.99085992526867,40.74045547708754],[-73.99091997101515,40.74048078608938],[-73.99098002864534,40.740506104065794],[-73.99104007448308,40.740531413004824],[-73.99106545664871,40.74054211390258],[-73.99110013220462,40.74055673091849],[-73.99116018997297,40.740582039795626],[-73.99122023594634,40.74060735764552],[-73.99124824399982,40.740619160923785],[-73.99128029380599,40.74063266645989],[-73.99133282700669,40.74065481749864],[-73.99134033987066,40.74065798424699],[-73.9914003978215,40.74068329299849],[-73.99146278805928,40.74070953841898],[-73.99152516650793,40.740735774799596],[-73.99158755684397,40.74076202015232],[-73.99164993539092,40.74078825646518],[-73.99171232582525,40.74081450175009],[-73.99177470447043,40.74084073799518],[-73.9918370950042,40.740866974207215],[-73.99189948558598,40.740893219390436],[-73.99191930496461,40.7409015594788],[-73.99196186437746,40.74091946453892],[-73.99202425505865,40.74094570064927],[-73.9920866339495,40.740971936724925],[-73.99214902472787,40.74099818177259],[-73.99221141555647,40.7410244177813],[-73.99227379459366,40.74105066276036],[-73.9923361855205,40.74107689870125],[-73.9923845213395,40.741097370434204],[-73.99239785430235,40.74110301749465],[-73.99245951129407,40.74112912724908],[-73.99248379407557,40.741139408125],[-73.99252118017364,40.741155236971196],[-73.99258284910047,40.741181355665255],[-73.99264450623717,40.74120746532038],[-73.99270617526174,40.741233574943124],[-73.9927415523954,40.74124855891466],[-73.99276784433363,40.74125969353786],[-73.99282951345486,40.74128580309441],[-73.99289117078489,40.741311912617064],[-73.99295181003026,40.74133740969952],[-73.99301243748349,40.74136289774414],[-73.99307307682257,40.74138838575752],[-73.99313370436764,40.741413882743224],[-73.9931943437995,40.741439370692504],[-73.99325497143829,40.74146485860912],[-73.99331561096291,40.74149034739493],[-73.9933785709874,40.741516807028745],[-73.99343079540725,40.74153874907281],[-73.9934415310627,40.74154325852348],[-73.99350449118714,40.741569718988764],[-73.99356597147462,40.74159558500221],[-73.9935674513564,40.741596233449954],[-73.99356889571602,40.74159691791597],[-73.9935703045527,40.741597647405364],[-73.9935716897077,40.741598403908554],[-73.99357302750016,40.741599205434504],[-73.9935743416109,40.74160003397433],[-73.99357560836002,40.74160089853176],[-73.99357682774748,40.74160179910681],[-73.99357801161283,40.741602735700134],[-73.99357915995687,40.741603699306715],[-73.99358024910062,40.7416046899252],[-73.99358130272314,40.74160570755687],[-73.99358230898399,40.74160676120617],[-73.99358325604534,40.741607832862336],[-73.99358416758545,40.741608931531715],[-73.99358501992515,40.741610057213016],[-73.99358523300798,40.74161036069575],[-73.99358582490497,40.74161120090176],[-73.9935865706853,40.7416123625974],[-73.99358726910481,40.74161355130559],[-73.9935879083257,40.741614749015554],[-73.99358848834707,40.74161596473235],[-73.9935890210085,40.74161719845666],[-73.99358949447128,40.74161844118274],[-73.99358990873455,40.74161970191566],[-73.99359026379919,40.74162097165032],[-73.99359055966517,40.741622250386804],[-73.99359080817291,40.741623529120645],[-73.99359096316284,40.74162465476303],[-73.99359098564238,40.741624816855555],[-73.99359100929803,40.74162506089432],[-73.99359110391326,40.74162611359231],[-73.99359116298632,40.74162741032574],[-73.99359117470114,40.741628707056535],[-73.9935911153786,40.74163000378334],[-73.99359099685911,40.74163129150183],[-73.99359083098052,40.74163258822275],[-73.99359059406633,40.74163386692955],[-73.99359029795426,40.74163514563306],[-73.9935899544848,40.74163641532889],[-73.99358953997881,40.741637676015706],[-73.9935890781163,40.741638918689674],[-73.99358855705682,40.741640152355316],[-73.99358797680038,40.741641377012606],[-73.99358733734869,40.74164257465133],[-73.9935866505396,40.74164376328239],[-73.99358590453437,40.741644933900005],[-73.9935851111735,40.741646077499766],[-73.99358425861647,40.741647203986595],[-73.99354896026257,40.74169484694162],[-73.99351366185813,40.741742490785995],[-73.9934783634023,40.74179014362431],[-73.99344306489688,40.741837787446435],[-73.9934077781806,40.74188543125812],[-73.99337247957331,40.741933084063014],[-73.99336442044795,40.741943961723585],[-73.99333718091643,40.741980727851704],[-73.99330188220908,40.74202837162931],[-73.99326658345034,40.742076024400795],[-73.99323203064598,40.7421226236118],[-73.99323143858489,40.74212339801302],[-73.99323081100755,40.74212414539693],[-73.99323014791219,40.742124883773684],[-73.99322944930059,40.74212559513314],[-73.9932287270106,40.74212629748613],[-73.99322796920445,40.74212697282177],[-73.9932271758811,40.74212763014522],[-73.99322635888028,40.742128269457126],[-73.99322551820288,40.742128881752436],[-73.99322464200836,40.7421294760355],[-73.99322374213726,40.74213004330197],[-73.99322280674996,40.74213058355113],[-73.99322185952485,40.74213110578938],[-73.99322088862316,40.742131601011096],[-73.99321989404487,40.74213206921617],[-73.99321887578994,40.74213251130515],[-73.99321784569827,40.742132924577206],[-73.99321679193,40.74213331173315],[-73.99321571448512,40.74213367187248],[-73.99321506210002,40.742133871746574],[-73.99321462520331,40.742134004995904],[-73.99321352408553,40.742134302098336],[-73.99321241113083,40.742134572184824],[-73.99321128633923,40.74213481525543],[-73.99321014971076,40.74213503131009],[-73.99320900124536,40.74213522034886],[-73.99320785278361,40.742135373367304],[-73.99320669248588,40.74213549036474],[-73.9932055321909,40.742135580347004],[-73.99320436005907,40.74213564331335],[-73.99320318792994,40.74213567926444],[-73.99320201580448,40.74213567919527],[-73.99320084368271,40.74213564310581],[-73.99319968340335,40.742135580001815],[-73.9931985231268,40.7421354898826],[-73.99319736285388,40.74213536374313],[-73.99319698399009,40.74213531419286],[-73.9931962025837,40.742135210588394],[-73.99319505415596,40.74213503041915],[-73.99319391757155,40.74213481423032],[-73.99319279282962,40.74213457102696],[-73.99319167993096,40.742134291804],[-73.99319057887381,40.74213399457161],[-73.99318950149966,40.74213366132033],[-73.99318842412826,40.74213330105382],[-73.993187370439,40.74213291377348],[-73.99318634043178,40.742132499479354],[-73.99318172316536,40.742130572121155],[-73.99312234987687,40.7421058046489]],[[-73.99065597660204,40.74039944557126],[-73.99062824220896,40.74038782497382],[-73.99062209144856,40.74038940936582],[-73.99061243230535,40.740385329281274],[-73.99048733042635,40.74055334015033],[-73.9902690334553,40.7408634457729],[-73.99027040068373,40.74086498755665],[-73.9902700809548,40.74086542877813],[-73.99027121155072,40.740865902540406],[-73.9902777529408,40.74087327914677],[-73.99036239134183,40.74090931284972],[-73.99073404347608,40.74106753994018],[-73.99087085941255,40.74112578666141],[-73.99089259778522,40.74113504109306],[-73.99094293747802,40.74115660410344],[-73.99113528723527,40.741238992956326],[-73.99115297561373,40.741246569382135],[-73.99167750575931,40.741471239070854],[-73.99181795785444,40.741531397603254],[-73.99216859008556,40.741677425689474],[-73.99231394104967,40.741737960360126],[-73.99252266783091,40.74182488743656],[-73.99311352093952,40.74207253939337],[-73.99318920614589,40.742104261550956],[-73.99326997893125,40.74200696561873],[-73.99329760818969,40.74196865335873],[-73.99354471178975,40.741626009244044],[-73.99339168748469,40.74155796275546],[-73.99327753568141,40.7415072017704],[-73.992654564001,40.74124932873604],[-73.99246246419165,40.7411698105523],[-73.99243443909343,40.741158209282766],[-73.99236471639826,40.741127331695914],[-73.99227345888457,40.74108691625371],[-73.99206983674588,40.74099673823732],[-73.99182508520435,40.74089499713752],[-73.99131441312217,40.74068271202237],[-73.99123030494098,40.740646357577255],[-73.99116966700501,40.74062069659409],[-73.99108360429976,40.7405843454937],[-73.99108678257495,40.74057995846874],[-73.99101331156872,40.74054917342379],[-73.99083964750001,40.74047640686558],[-73.99072509065205,40.74042840606651],[-73.99065597660204,40.74039944557126]]]]},"properties":{"source_id":"12380001851.0","sub_code":"380000","feat_code":"3800","status":"Unchanged"}},{"type":"Feature","geometry":{"type":"MultiPolygon","coordinates":[[[[-73.99264799409835,40.74275295167322],[-73.99258934277393,40.742727328492904],[-73.99253069149361,40.742701714287705],[-73.99247202841865,40.74267610005181],[-73.99241337722852,40.742650485786704],[-73.9923547260835,40.742624871491614],[-73.99229607498359,40.74259925716658],[-73.99223742392876,40.742573642811585],[-73.99217877291903,40.74254802842664],[-73.9921201219544,40.742522414011695],[-73.99206147103487,40.74249679956683],[-73.99203774662968,40.742486758177336],[-73.9919994222414,40.742470536491005],[-73.99193737349574,40.74244428238674],[-73.99187532480005,40.74241801924388],[-73.9918132879919,40.74239176507338],[-73.99175123939403,40.74236550186346],[-73.99168919084512,40.742339238620005],[-73.991627142344,40.74231298434812],[-73.99156847275596,40.74228815129008],[-73.99152034091962,40.74228809552694],[-73.99144742779667,40.742257694423515],[-73.9914261711276,40.74222792298326],[-73.99137896067161,40.74220793991089],[-73.99131691241503,40.742181685471365],[-73.99125487604812,40.74215542199415],[-73.99119282788934,40.742129167487576],[-73.99113077978066,40.74210290394243],[-73.99106873172084,40.74207664036373],[-73.99103919231501,40.74206413993272],[-73.99100669554842,40.74205038575751],[-73.99094464758642,40.74202412211177],[-73.99088259967216,40.741997867437526],[-73.99082055180806,40.74197160372475],[-73.99075851583119,40.74194534898447],[-73.9906964680649,40.74191908520464],[-73.99063442034753,40.741892821391275],[-73.99057237267776,40.74186656654947],[-73.99051032505822,40.74184030266905],[-73.99044828932584,40.741814047761174],[-73.99038624180413,40.74178778381372],[-73.99032370887174,40.74176177193396],[-73.99026117598814,40.74173576002008],[-73.99019864315342,40.741709748072175],[-73.99013611036752,40.74168373609025],[-73.99007358947003,40.74165772407529],[-73.99001105678173,40.74163171202525],[-73.9899485241423,40.74160569994118],[-73.98988599155172,40.74157968782307],[-73.98986911533729,40.74157266868829],[-73.98982345900991,40.74155367567085],[-73.98977287185268,40.74153263534496],[-73.98976356183067,40.74152876053647],[-73.98976092651698,40.74152766348461],[-73.98975947033209,40.74152715006613],[-73.98975802599374,40.74152659162332],[-73.98975661717952,40.7415259971634],[-73.98975523204858,40.741525375690316],[-73.98975387060366,40.74152470919397],[-73.989752544683,40.74152400668049],[-73.9897512542851,40.74152327715495],[-73.98974999941137,40.74152251161227],[-73.98974878006186,40.741521710052496],[-73.98974758439562,40.74152088147955],[-73.9897474245804,40.741520760797385],[-73.98974643609317,40.741520016890526],[-73.98974533515302,40.74151912529052],[-73.98974426973568,40.74151820667844],[-73.98974323984115,40.74151726105433],[-73.98974225730898,40.741516288419206],[-73.98974132213914,40.74151528877307],[-73.98974043433033,40.74151427112099],[-73.98973958204428,40.741513226456874],[-73.98973878896012,40.74151215478284],[-73.98973804323553,40.74151107410791],[-73.98973734487328,40.74150996642199],[-73.98973669387199,40.74150884073015],[-73.98973609023027,40.74150770603749],[-73.98973554579041,40.74150654433485],[-73.9897350605482,40.74150538353801],[-73.98973461082761,40.74150420293318],[-73.98973423214692,40.741503005225],[-73.98973390082438,40.741501807521075],[-73.9897336168614,40.74150060081627],[-73.9897333920975,40.741499385111744],[-73.9897332265313,40.741498169412445],[-73.98973310832464,40.74149694471229],[-73.9897330611552,40.741495720018456],[-73.9897330495044,40.741494495327856],[-73.9897331088922,40.74149326163846],[-73.98973321563675,40.741492036958356],[-73.98973338157758,40.741490821288636],[-73.98973355221648,40.74148985055721],[-73.98973359487657,40.74148960562312],[-73.98973386737183,40.74148839896792],[-73.98973419906477,40.741487192318004],[-73.98973457811306,40.74148600368251],[-73.98973501635761,40.741484824057316],[-73.98973551379841,40.74148365344245],[-73.98973604675506,40.74148250084091],[-73.98973663890797,40.74148135724972],[-73.98973729025577,40.741480231673926],[-73.98973797711798,40.7414791331165],[-73.98973872317646,40.74147804356942],[-73.98973951659028,40.741476972036736],[-73.98974000565663,40.741476364238004],[-73.98974035735804,40.74147592752343],[-73.98974124548108,40.74147490102447],[-73.98974218095813,40.74147390154496],[-73.98974316378911,40.74147292908487],[-73.98974418213591,40.741471974638074],[-73.98974524783526,40.74147105621575],[-73.98974634904903,40.7414701648118],[-73.98974749761666,40.74146930042725],[-73.98974868169879,40.74146846306112],[-73.98974990129392,40.74146766171837],[-73.98975115640208,40.74146689639906],[-73.98978296409777,40.74142312557658],[-73.98981477175033,40.741379363750156],[-73.98984657936242,40.74133559290955],[-73.9898783750919,40.74129183106395],[-73.98991018261911,40.74124806921034],[-73.98994199010585,40.74120429834261],[-73.98997379754948,40.74116053647091],[-73.99000560495263,40.74111676558505],[-73.9900374123127,40.74107300369522],[-73.99006921963228,40.741029232791234],[-73.99010101506933,40.74098547088229],[-73.99010195054747,40.740984381349094],[-73.99010292153993,40.740983318834125],[-73.99010393988605,40.74098228333843],[-73.99010501742545,40.74098127486301],[-73.9901061304791,40.740980293405855],[-73.99010727904707,40.740979338967016],[-73.99010848680688,40.74097842055347],[-73.99010971824147,40.74097752915715],[-73.99011100886663,40.740976682791285],[-73.99011232316798,40.74097585443755],[-73.99011367298095,40.74097507111227],[-73.99011507014627,40.74097432381128],[-73.99011649098516,40.74097361253257],[-73.990117947337,40.7409729372772],[-73.99011942736236,40.74097229804411],[-73.99012094290063,40.740971694834336],[-73.99012247027156,40.74097113755147],[-73.9901240331544,40.74097062349593],[-73.99012561971062,40.74097014636318],[-73.99012722993899,40.74096971425781],[-73.99012885200149,40.740969318173725],[-73.99013049773485,40.74096897612204],[-73.99013214346287,40.74096867009064],[-73.99013381286439,40.74096840008152],[-73.99013549409736,40.74096818410382],[-73.99013718716311,40.740968013152475],[-73.99013888022347,40.74096787822138],[-73.99014057327588,40.74096779732069],[-73.9901422781624,40.740967752441264],[-73.99014398304226,40.74096775258719],[-73.99014568791407,40.74096780676349],[-73.99014739278061,40.740967896960086],[-73.99014908580105,40.740968032180966],[-73.99015076697535,40.74096821242617],[-73.99015244814306,40.74096843769673],[-73.99015280095009,40.74096849445885],[-73.9901541174647,40.7409687079916],[-73.99015576310079,40.74096902330978],[-73.99015740873018,40.74096938365327],[-73.99015903067546,40.740969780015014],[-73.99016062893521,40.74097022140008],[-73.99016220351072,40.74097069880336],[-73.99016376624022,40.74097122123094],[-73.9901653052842,40.74097178868187],[-73.99016680880457,40.74097239215003],[-73.99017547592568,40.74097602733648],[-73.99022730464338,40.740997764585074],[-73.99023827203315,40.74100237611166],[-73.99029044055575,40.74102430787016],[-73.99035357651849,40.74105085112049],[-73.99041671253276,40.74107738533104],[-73.99047984859604,40.74110392851195],[-73.99054297287144,40.741130462652116],[-73.9906061090353,40.7411570057636],[-73.9906692452508,40.74118353983531],[-73.99073238151527,40.74121008287739],[-73.99079551783007,40.74123662588474],[-73.9908586541964,40.74126315985233],[-73.99092177877228,40.741289702789324],[-73.99098491523924,40.74131623668751],[-73.9910252667242,40.74133320179041],[-73.99104805175521,40.74134277955602],[-73.9911111883227,40.74136931338477],[-73.9911743249393,40.74139585618387],[-73.99123746160738,40.74142238994321],[-73.99130058648508,40.74144893267198],[-73.99136372325259,40.741475475366954],[-73.99142686007153,40.74150200902215],[-73.99148999693962,40.741528551647704],[-73.99155313385917,40.741555085233486],[-73.99156206040296,40.74155883830071],[-73.99161627082792,40.741581627789614],[-73.99167939600848,40.741608161305095],[-73.99174253307777,40.741634703791824],[-73.99180567019847,40.74166123723875],[-73.99186880736838,40.74168777965604],[-73.99193194458856,40.741714322038604],[-73.99199508186021,40.74174085538142],[-73.992058219181,40.741767397694574],[-73.99212134471358,40.74179393096714],[-73.99218448213497,40.741820473210886],[-73.99224761960774,40.74184700641483],[-73.99231075712979,40.74187354858913],[-73.9923738947021,40.741900090728755],[-73.99242590243647,40.74192194676432],[-73.99243703232573,40.74192662382857],[-73.99250015815902,40.74195316589803],[-73.99255298287184,40.74197536502234],[-73.99256329588323,40.74197969892841],[-73.99257977705128,40.74198662669127],[-73.992624125037,40.74200526823379],[-73.9926264336568,40.74200624092919],[-73.9926453465898,40.742014146788854],[-73.99268839942712,40.742032143460854],[-73.99275036524662,40.742058036954035],[-73.99281233111337,40.74208393941884],[-73.99287428518859,40.742109841849484],[-73.99293625115169,40.742135744247435],[-73.99299821716292,40.74216164661199],[-73.99303923741074,40.742178788447724],[-73.99306018322328,40.742187539938],[-73.99311813585196,40.74221182108332],[-73.99311958022592,40.74221245152451],[-73.99312100091596,40.742213126989604],[-73.99312238608424,40.74221382946776],[-73.99312373572884,40.742214576969154],[-73.99312506169142,40.74221535148431],[-73.99312634029164,40.742216162016874],[-73.99312758336919,40.7422170085676],[-73.99312879092497,40.74221788213141],[-73.99312996295804,40.74221879171338],[-73.99313108762975,40.74221972830772],[-73.99313216493908,40.74222070091945],[-73.99313320672762,40.74222169153926],[-73.99313420115473,40.74222270917142],[-73.99313514822036,40.742223753815956],[-73.99313604792462,40.74222482547284],[-73.99313675939494,40.74222573502729],[-73.99313690026841,40.74222591513708],[-73.99313769341109,40.742227031812995],[-73.99313843919326,40.74222816649621],[-73.99313913761495,40.74222931918669],[-73.99313978867613,40.74223048988455],[-73.99314038053714,40.742231678589015],[-73.99314092503857,40.7422328762957],[-73.99314141033977,40.74223409200899],[-73.99314183644178,40.74223531672385],[-73.99314221518419,40.74223655044096],[-73.99314253472642,40.742237802164645],[-73.99314279507031,40.74223905388482],[-73.99314293113915,40.74223990307101],[-73.99314299621494,40.74224031460656],[-73.99314315000082,40.74224157622597],[-73.99314324458759,40.74224284504591],[-73.99314327997593,40.74224411476285],[-73.99314325616591,40.74224538447626],[-73.99314317315847,40.74224664518104],[-73.99314304279142,40.7422479148881],[-73.99314285322691,40.742249175586586],[-73.99314260446499,40.742250427276446],[-73.9931422965047,40.742251678962774],[-73.9931419293479,40.74225291263547],[-73.99314151483237,40.742254146305335],[-73.99314104112034,40.74225536196152],[-73.99314052005057,40.74225656860979],[-73.99313993978423,40.74225775724443],[-73.99313930032136,40.7422589278654],[-73.9931386135007,40.74226008947844],[-73.99313787932408,40.742261224073474],[-73.99313708595002,40.74226234965991],[-73.99313702674331,40.74226243070202],[-73.993101798722,40.74231065074505],[-73.9930683586894,40.74235650255133],[-73.99303491861168,40.74240234534249],[-73.99300147848697,40.74244819712879],[-73.99296802647658,40.74249404890433],[-73.99293458625984,40.74253990067055],[-73.9929011459971,40.742585752426805],[-73.99286770568825,40.742631604173056],[-73.99283426533442,40.742677446904224],[-73.99280082493358,40.74272329863042],[-73.99276936203407,40.74276632287918],[-73.99276859233998,40.742767331398554],[-73.9927677752888,40.74276832190484],[-73.99276691088151,40.74276928539294],[-73.99276599911705,40.74277023086793],[-73.9927650518362,40.74277114932544],[-73.99276406903799,40.74277204977061],[-73.9927630388846,40.742772914192514],[-73.99276197321484,40.74277375159696],[-73.992760860188,40.74277457098829],[-73.99275972348546,40.7427753543578],[-73.99275855126753,40.74277610170483],[-73.99275733169344,40.742776822033655],[-73.99275610028248,40.74277751534656],[-73.99275482151643,40.74277817263614],[-73.99275351907467,40.74277879390397],[-73.99275219295727,40.742779379150015],[-73.99275084316326,40.7427799373793],[-73.9927494578549,40.74278045058102],[-73.99274806070963,40.7427809367668],[-73.99274673105883,40.74278135091624],[-73.99274668133013,40.742781366221735],[-73.9927466398896,40.7427813788262],[-73.99274658897704,40.74278139323111],[-73.99274519539415,40.74278178306282],[-73.99274373906275,40.74278215217892],[-73.99274227089553,40.74278248527396],[-73.99274077905362,40.74278277334216],[-73.99273927537585,40.7427830253893],[-73.99273777170207,40.74278324141616],[-73.99273624435358,40.74278341241615],[-73.99273471700901,40.74278354739584],[-73.99273331635476,40.742783638258665],[-73.99273318966839,40.74278364635524],[-73.99273165049293,40.742783700288534],[-73.99273011132235,40.74278370919645],[-73.99272858399546,40.742783682084834],[-73.99272704483273,40.74278361895216],[-73.99272551751476,40.742783510794865],[-73.99272399020164,40.74278335761223],[-73.99272247473125,40.742783177415106],[-73.99272095926578,40.74278295219259],[-73.99271946748483,40.74278268194624],[-73.99271798754755,40.74278237568033],[-73.99271650761422,40.74278203339412],[-73.99271626608989,40.74278197034336],[-73.99271506320413,40.742781655089864],[-73.9927136306388,40.742781231761],[-73.99271220991716,40.742780772412594],[-73.992710812878,40.74278028605045],[-73.9927094513631,40.74277975466519],[-73.99270810169189,40.74277918816093],[-73.99270385141936,40.74277733194704],[-73.99264799409835,40.74275295167322]],[[-73.99020232397181,40.74102612393452],[-73.99017373110085,40.741014068210646],[-73.99017310348279,40.74101492994244],[-73.99013091567724,40.741072815435125],[-73.99005777544814,40.74117316796018],[-73.98999204805224,40.74126334895367],[-73.98994133135328,40.74133293392199],[-73.98987763809625,40.741420325254964],[-73.98982776667819,40.741488751293474],[-73.98982379564568,40.741496843799624],[-73.98991711246266,40.74154411331913],[-73.98991772333645,40.741544422246534],[-73.99070801562901,40.74189082102287],[-73.99103103075339,40.74202387132628],[-73.99134178194204,40.74215186885621],[-73.9920171214715,40.74244050131023],[-73.99204783679359,40.742453982223],[-73.99260098938463,40.74269676243532],[-73.99271394024225,40.74274339788375],[-73.99272425812703,40.742747657933684],[-73.99272772267737,40.74274548973188],[-73.99278075304736,40.742668193555375],[-73.99284745321967,40.74257097358724],[-73.9928747669949,40.7425311611676],[-73.9930865954415,40.742241658393176],[-73.99300831146867,40.742208534822176],[-73.9924387858633,40.74196755378801],[-73.99161333401975,40.741614604143884],[-73.99157456384584,40.741598693857135],[-73.99104052517201,40.741379533167134],[-73.99101956331502,40.74137069575907],[-73.99101640589582,40.74136936456336],[-73.990474820443,40.7411365723794],[-73.99023413343447,40.74103953608775],[-73.99020232397181,40.74102612393452]]]]},"properties":{"source_id":"12380001863.0","sub_code":"380000","feat_code":"3800","status":"Updated"}},{"type":"Feature","geometry":{"type":"MultiPolygon","coordinates":[[[[-73.99215070214554,40.7434421938179],[-73.99212974304471,40.74343335301275],[-73.99209008497934,40.74341662428231],[-73.9920336636999,40.743392820898904],[-73.99202945602093,40.74339104570884],[-73.9919688389477,40.74336547700975],[-73.99190726291737,40.74333969929367],[-73.99184569759016,40.7433139242469],[-73.99178413704632,40.74328815096847],[-73.99172257181445,40.74326237585565],[-73.99166099834274,40.74323659710722],[-73.99159943202211,40.74321082192835],[-73.99153786693311,40.74318504671653],[-73.99147630189174,40.74315927147174],[-73.99141472742663,40.74313349259118],[-73.99135316248054,40.74310771728033],[-73.99129159758209,40.74308194193653],[-73.9912815248159,40.74307772410084],[-73.9912570497043,40.743067474477414],[-73.99123003628398,40.74305616115691],[-73.9911684608252,40.74303038394524],[-73.9911068972527,40.74300461570656],[-73.991045333729,40.74297883842979],[-73.990983770253,40.742953061120005],[-73.99092220682456,40.74292728377724],[-73.99086063160405,40.74290150640052],[-73.99079755288575,40.74287495443477],[-73.99079589541252,40.742874257309985],[-73.99073446237793,40.74284840243339],[-73.99067138376019,40.7428218503983],[-73.99065405372357,40.74281455758902],[-73.99060829335298,40.74279529832764],[-73.99054521483582,40.74276874622326],[-73.99048212452918,40.74274219408325],[-73.99041903427276,40.742715641908596],[-73.99035595590775,40.74268908069519],[-73.99029286575195,40.74266252845122],[-73.99022978748621,40.742635976173595],[-73.990166697431,40.74260942386031],[-73.99015110902143,40.7426028632359],[-73.99010361926575,40.74258287151339],[-73.99004052931112,40.74255631913078],[-73.98997745124647,40.74252976671455],[-73.98991436139241,40.742503214262655],[-73.98985127158862,40.74247666177607],[-73.98978819367478,40.74245010925588],[-73.98972510397157,40.74242355670002],[-73.98969856108754,40.74241237903774],[-73.98969622881826,40.74241139817706],[-73.98969572211213,40.74241118471159],[-73.98966202615821,40.74239700501102],[-73.98963605511476,40.74238607052251],[-73.98963391108644,40.74238516712112],[-73.9896315646126,40.742384179053765],[-73.98959893655571,40.74237045148533],[-73.98953585884303,40.74234389882654],[-73.9894727693409,40.74231734613201],[-73.9894096917288,40.74229079340392],[-73.98939697084374,40.74228545492876],[-73.98936053431024,40.74227016005977],[-73.98934295594115,40.74226278148147],[-73.9893415234415,40.742262150994044],[-73.98934078943648,40.742261808733474],[-73.98934011462552,40.74226149349358],[-73.98933962923812,40.74226124851078],[-73.98922806046924,40.74220983268945],[-73.98922418925275,40.74220764589638],[-73.98921909392708,40.74220476829975],[-73.98921127480172,40.742198763887544],[-73.98920768445188,40.74219493819755],[-73.9892059505303,40.742191303588925],[-73.98920455551404,40.74218587430158],[-73.98920410531349,40.7421803784653],[-73.98920459964184,40.74217658557628],[-73.98920660011187,40.742171945451325],[-73.98921077001523,40.742164782309004],[-73.98922130723807,40.742150585902614],[-73.9893583475696,40.74196594878744],[-73.98936034899614,40.741962626101476],[-73.98936249248928,40.74195935745906],[-73.98936478988722,40.74195615186631],[-73.98937590974475,40.741940755123345],[-73.98937601395633,40.741940611051824],[-73.98938729841548,40.741924987395116],[-73.98940141789656,40.74190543868815],[-73.9894355353678,40.741857795996665],[-73.98946966463127,40.74181014429078],[-73.98950378200634,40.741762492573336],[-73.98953789933259,40.7417148408455],[-73.98956564552653,40.7416761035499],[-73.98957008870427,40.74166989855835],[-73.98957202844962,40.74166718910832],[-73.98957310601095,40.74166616262785],[-73.98957423092769,40.741665154161794],[-73.98957539135604,40.741664190724286],[-73.9895766109794,40.74166324530233],[-73.98957785427616,40.74166233590272],[-73.98957915676513,40.74166146252874],[-73.98958048292756,40.741660625177175],[-73.98958185644261,40.74165982385015],[-73.98958326547069,40.74165905854665],[-73.98958471001174,40.741658329266585],[-73.98958617822633,40.74165763600891],[-73.98958768195396,40.74165697877473],[-73.98958922119316,40.741656366569096],[-73.9895907722649,40.74165579938985],[-73.98959235884972,40.741655268234126],[-73.98959396910658,40.74165478210581],[-73.98959560303547,40.74165434100499],[-73.98959724879835,40.741653935925456],[-73.98959890639233,40.74165358487743],[-73.98960059949923,40.741653270753346],[-73.9896022925993,40.741652999853606],[-73.98960399753182,40.74165277488075],[-73.98960571429686,40.74165259493429],[-73.98960743105482,40.74165246001318],[-73.98960915964398,40.7416523791235],[-73.9896108882275,40.7416523342541],[-73.98961261680395,40.74165233441],[-73.98961434537203,40.74165238859632],[-73.9896160739345,40.741652478802884],[-73.98961779064899,40.74165262303879],[-73.98961950735782,40.74165280329495],[-73.98962121221874,40.74165303758043],[-73.98962290523448,40.7416533078851],[-73.98962458640221,40.741653632219105],[-73.98962624388528,40.74165399257122],[-73.98962788952038,40.741654406952684],[-73.98962952331034,40.741654857353325],[-73.98963112157455,40.74165535277607],[-73.98963270799368,40.741655884218055],[-73.98963401619,40.741656370609626],[-73.98963425888711,40.741656460682165],[-73.98963578609444,40.74165708216947],[-73.98965078584321,40.74166339967473],[-73.98969722944038,40.74168295924967],[-73.98971628280674,40.74169098356975],[-73.9897586373181,40.741708818283705],[-73.98982004524352,40.74173467728493],[-73.989881441377,40.74176053625225],[-73.98994284939639,40.74178640419283],[-73.99000425746478,40.74181226309551],[-73.99006565374128,40.74183812196435],[-73.990127061905,40.74186398080139],[-73.99018847011511,40.74188984861065],[-73.99024986653455,40.741915707381004],[-73.99031127484133,40.74194156611951],[-73.9903726713561,40.7419674248242],[-73.99043407975822,40.74199328349704],[-73.99049548820665,40.74201915114216],[-73.99055688486446,40.742045009748374],[-73.99061829340953,40.7420708683227],[-73.9906797020023,40.74209672686421],[-73.9907410988018,40.742122594376994],[-73.99080250748992,40.742148452852874],[-73.99086391622565,40.74217431129588],[-73.99092531316944,40.7422001697051],[-73.99095324607187,40.74221193252366],[-73.99098672200051,40.74222602808242],[-73.9910481308781,40.742251895432],[-73.99106161786573,40.74225760749469],[-73.99110861634219,40.74227751053548],[-73.99116911369255,40.742303125608046],[-73.99119109519722,40.74231243313032],[-73.99122961108942,40.74232874064872],[-73.99129010853275,40.742354355657504],[-73.99132035727189,40.74236716314995],[-73.99136095110286,40.742365139160924],[-73.99143893497757,40.74239763167281],[-73.99145875576208,40.742425752374274],[-73.99147160114313,40.74243119148761],[-73.9915320987726,40.74245680636895],[-73.99159259644857,40.742482421218384],[-73.99165308233128,40.742508036035126],[-73.99171358010028,40.74253365082082],[-73.99177407791576,40.742559265574634],[-73.9918345757778,40.74258488029661],[-73.99188555739771,40.74260646634921],[-73.99189507368635,40.74261049498675],[-73.99195557164138,40.742636109644955],[-73.99201606964297,40.742661724271294],[-73.99207656769109,40.74268733886577],[-73.9921389010548,40.742712044041724],[-73.99220123446473,40.74273674918379],[-73.99226356792094,40.74276145429209],[-73.99232590142435,40.74278615036145],[-73.99238823497298,40.74281085540207],[-73.99245056856786,40.74283556040889],[-73.99251290220892,40.74286026538187],[-73.99257523589611,40.74288497122154],[-73.99262198903355,40.7429045683553],[-73.99262319663306,40.74290509973171],[-73.99262439238983,40.74290565812257],[-73.99262527795649,40.742906104830695],[-73.99262555262423,40.742906243526335],[-73.99262667733534,40.7429068649481],[-73.99262779020361,40.74290751338432],[-73.99262886754963,40.74290818883343],[-73.9926299093723,40.74290890030049],[-73.99263091567363,40.74290962977547],[-73.99263179411112,40.74291030611234],[-73.99263189829243,40.74291038626413],[-73.99263284538884,40.74291116976569],[-73.99263374512418,40.742911971274374],[-73.99263462117598,40.74291280880182],[-73.99263544986766,40.74291365533124],[-73.99263625487679,40.74291452887439],[-73.992637000685,40.74291542042389],[-73.99263772281066,40.74291633898709],[-73.99263839757619,40.742917266552304],[-73.99263902498053,40.74291821212459],[-73.99263961686358,40.742919175704806],[-73.99264016138551,40.74292015729211],[-73.99264065854729,40.74292114788144],[-73.99264112018872,40.74292214747354],[-73.99264152262921,40.74292316507206],[-73.99264173686328,40.742923763922825],[-73.99264188954936,40.742924191673325],[-73.99264220910935,40.742925227276665],[-73.99264235112808,40.7429257594853],[-73.99264248131018,40.74292626287697],[-73.99264270614988,40.74292731648434],[-73.99264288363042,40.74292837008874],[-73.99264301375179,40.74292942369013],[-73.99264309651299,40.74293048629353],[-73.99264313191505,40.74293154889387],[-73.9926431199579,40.742932611491234],[-73.9926430488028,40.742933665079754],[-73.99264294212733,40.74293472767104],[-73.99264278809369,40.74293578125422],[-73.99264258670084,40.74293683483442],[-73.99264233794983,40.742937879406504],[-73.99264204184063,40.742938914970516],[-73.99264169837322,40.742939941526366],[-73.99264130754663,40.74294096807926],[-73.99264086936284,40.74294197661898],[-73.99264039566165,40.74294296714628],[-73.99263986276146,40.74294395766979],[-73.99263929434487,40.7429449211758],[-73.99263869040887,40.742945884679536],[-73.99263802727693,40.74294682116433],[-73.99262866057624,40.74295967980337],[-73.99262260123129,40.742967993795354],[-73.99260543919755,40.742991538247914],[-73.99257188006742,40.74303753397909],[-73.9925424891473,40.743077812652196],[-73.99253832089093,40.74308352970025],[-73.99250476166908,40.74312951640625],[-73.99247119056008,40.743175512106404],[-73.99243763124562,40.74322149879225],[-73.9924040718838,40.743267494473095],[-73.99237051247559,40.7433134901438],[-73.99233695302212,40.743359476799405],[-73.9923033935213,40.74340547245],[-73.99226889845707,40.743452899833535],[-73.9922677142794,40.743454529671375],[-73.99226699193558,40.74345548416009],[-73.9922662340742,40.74345642063627],[-73.99226542885533,40.743457339099145],[-73.992264576279,40.74345823954871],[-73.99226370002606,40.743459112981476],[-73.99226277641664,40.7434599593958],[-73.99226180544973,40.74346078779684],[-73.99226081080616,40.74346158918108],[-73.99225978064605,40.743462363547714],[-73.99225871497043,40.74346310189166],[-73.99225761377728,40.74346382222312],[-73.99225647706753,40.7434645155369],[-73.99225531668218,40.743465172828856],[-73.99225412078027,40.7434658031032],[-73.99225290120276,40.74346639735569],[-73.99225165794864,40.74346696459133],[-73.99225039101877,40.74346749670561],[-73.9922491004135,40.74346799099702],[-73.99224778613147,40.74346845917207],[-73.99224644817389,40.74346889132527],[-73.99224509838055,40.743469287457394],[-73.99224372491159,40.74346964756763],[-73.99224233960695,40.743469971656786],[-73.99224093062675,40.743470259724056],[-73.99223952165069,40.74347051177105],[-73.99223810083892,40.74347072779693],[-73.9922366681925,40.74347089879666],[-73.99223523554929,40.74347104278118],[-73.99223379107136,40.74347114173955],[-73.99223234659658,40.74347121368268],[-73.99223089028716,40.74347124059965],[-73.99222944582189,40.74347123149714],[-73.99222798952192,40.74347117736847],[-73.99222654506501,40.74347109622537],[-73.99222560617152,40.74347101331535],[-73.99222511245321,40.7434709700577],[-73.99222366800576,40.74347080786896],[-73.99222328203176,40.7434707538125],[-73.99222224724235,40.74347060966153],[-73.9922208264831,40.743470375433795],[-73.99221942940784,40.743470105187384],[-73.9922180323368,40.74346979892069],[-73.99221665894981,40.74346945663528],[-73.99221529740689,40.743469078330406],[-73.99221394770807,40.74346866400602],[-73.99221262169324,40.743468213663014],[-73.9922115028727,40.74346779575216],[-73.99221131936248,40.74346772730125],[-73.99221004071462,40.743467213925896],[-73.99215070214554,40.7434421938179]],[[-73.99150752155121,40.742506036173936],[-73.9911569503982,40.74235958736131],[-73.99108174888738,40.74232817188013],[-73.9910203424125,40.7423014283557],[-73.99084990501464,40.74222720056002],[-73.99068267753134,40.742154370357895],[-73.98965044971351,40.74172363996331],[-73.98940928937151,40.742051244102925],[-73.98937637779188,40.742235363231586],[-73.98948153905259,40.74227948061558],[-73.98950574485771,40.74228962343264],[-73.9896609209545,40.7423548359723],[-73.98972061161727,40.74237992043397],[-73.99018047120188,40.74257317332831],[-73.9901805280441,40.742573094989034],[-73.99018565551157,40.74257526114524],[-73.99069490431566,40.742790357972865],[-73.99070424534155,40.74279430384789],[-73.9907446248692,40.742811359098496],[-73.99081960515034,40.742844315547295],[-73.99129401434095,40.74305283323495],[-73.99129918805919,40.7430549813348],[-73.99153978645306,40.743154851962444],[-73.9919059836014,40.743305741991804],[-73.99198179874652,40.74333698047377],[-73.99204817313785,40.743365810298975],[-73.9921428315985,40.74340692583235],[-73.99221266911879,40.7434372605456],[-73.9923001262622,40.74331878404182],[-73.99239143654414,40.74319360345087],[-73.99252694539557,40.74300782965431],[-73.9925709353413,40.74295177504704],[-73.99246308947279,40.742905795362915],[-73.99206464993311,40.74273592129333],[-73.99182283512893,40.742636142621],[-73.99150752155121,40.742506036173936]]]]},"properties":{"source_id":"12380001870.0","sub_code":"380000","feat_code":"3800","status":"Updated"}},{"type":"Feature","geometry":{"type":"MultiPolygon","coordinates":[[[[-73.98884307246483,40.743680501171895],[-73.98878206599481,40.74365278665214],[-73.98872105957399,40.74362508110503],[-73.98866005320542,40.743597366520426],[-73.98859905872604,40.743569660909664],[-73.98853805245899,40.74354194626023],[-73.98847704624117,40.74351424058344],[-73.9884160400756,40.74348652586915],[-73.98836060892484,40.74346132049798],[-73.98835562591267,40.743459054319175],[-73.98835409869329,40.74345833375928],[-73.98835259516157,40.74345756817643],[-73.98835113899574,40.7434567665781],[-73.98834971835596,40.743455928963066],[-73.98834834508357,40.74345504632745],[-73.9883470073356,40.743454136680256],[-73.9883457051152,40.74345318201126],[-73.98834445736208,40.74345220573561],[-73.98834324276734,40.743451191641995],[-73.988342082643,40.74345013793163],[-73.98834098172127,40.74344906621706],[-73.98833991632551,40.74344795848581],[-73.98833891013396,40.743446823745344],[-73.98833795130675,40.7434456619945],[-73.98833705168208,40.74344448223946],[-73.98833619942174,40.743443275474],[-73.98833540636554,40.74344204169934],[-73.98833467251038,40.743440798925626],[-73.98833399785937,40.743439529142684],[-73.9883333705711,40.74343824135438],[-73.9883333516352,40.74343819632712],[-73.9883328143237,40.74343694456821],[-73.98833231727895,40.74343562977793],[-73.98833206285693,40.743434856216766],[-73.98833187943673,40.743434296983466],[-73.98833150079393,40.743432964195],[-73.98833125233921,40.74343192048244],[-73.98833118135371,40.74343161340243],[-73.9883309211129,40.74343026261584],[-73.98833073191297,40.743428902831354],[-73.98833060191403,40.74342753404785],[-73.9883305311145,40.74342616527031],[-73.98833053135424,40.74342479649996],[-73.98833059079338,40.743423427735635],[-73.98833070943034,40.743422067982344],[-73.98833089910815,40.74342069923119],[-73.98833114798221,40.743419348496175],[-73.98833145605563,40.74341799776716],[-73.98833182332686,40.74341665604919],[-73.98833224979433,40.74341533234736],[-73.98833274729945,40.74341401765783],[-73.98833329216245,40.74341271197812],[-73.98833390806158,40.74341142431576],[-73.98833457131705,40.74341015466835],[-73.9883353056086,40.74340890303823],[-73.98833608725649,40.74340766942303],[-73.98833692809899,40.74340646282903],[-73.98837013510014,40.74336071143527],[-73.98839888089772,40.74332117668148],[-73.98840420655829,40.74331385249521],[-73.9884302983705,40.743277967220315],[-73.9884382779685,40.74326699354482],[-73.98847234933085,40.74322013458398],[-73.98849960875472,40.743182643806094],[-73.98850642064521,40.74317327561282],[-73.9885404919132,40.743126407626136],[-73.98857456313169,40.743079548634185],[-73.98857606714212,40.74307748752317],[-73.98860863430228,40.74303268963178],[-73.98864270542492,40.742985830619034],[-73.9886767764997,40.74293897159593],[-73.9886774279118,40.7429376569199],[-73.98867813851817,40.74293636926493],[-73.9886789083205,40.742935099625875],[-73.98867972547889,40.74293384800166],[-73.98868061367142,40.742932623399604],[-73.9886815492185,40.74293142581737],[-73.98868253212167,40.742930246249976],[-73.98868357421911,40.74292909370355],[-73.98868467551094,40.74292796817815],[-73.98868581231598,40.742926878676506],[-73.98868700831689,40.74292580719083],[-73.98868825166929,40.7429247807351],[-73.98868954237616,40.74292378129922],[-73.98869086859631,40.742922817887056],[-73.98869105687055,40.74292269093409],[-73.98869224216946,40.74292189049983],[-73.98869366309565,40.74292099913755],[-73.98869511953498,40.74292014379899],[-73.9886966114876,40.74291932448413],[-73.98869813895192,40.74291855019811],[-73.98869970192793,40.7429178209409],[-73.9887013004171,40.742917127707415],[-73.98870292257978,40.74291647049654],[-73.98870458025247,40.74291586822],[-73.98870626159892,40.74291530016507],[-73.98870796661708,40.74291477803825],[-73.98870899080681,40.742914495379495],[-73.98870969530722,40.74291430093906],[-73.98871144766775,40.74291387787262],[-73.98871321186189,40.742913490827554],[-73.9887149997265,40.74291315781519],[-73.98871679942324,40.74291286982931],[-73.98871861095209,40.74291262686994],[-73.98872042247335,40.74291242893587],[-73.98872225766505,40.74291228503447],[-73.9887240928491,40.742912186158414],[-73.98872592802547,40.74291213230765],[-73.98872776319277,40.742912132487284],[-73.98872959835244,40.74291217769223],[-73.98873143350292,40.74291227692755],[-73.98873325680758,40.742912412181965],[-73.98873477819379,40.742912569919476],[-73.98873508010311,40.74291260146676],[-73.98873689154968,40.742912844780726],[-73.98873869114891,40.74291313311893],[-73.98874047890229,40.742913457476185],[-73.98874224296539,40.742913844866585],[-73.98874399518269,40.742914268276095],[-73.98874573555263,40.742914736709764],[-73.9887474403956,40.74291525016527],[-73.98874912155138,40.74291580864378],[-73.98875077901853,40.74291642115037],[-73.98875241280157,40.74291706066984],[-73.98875375770741,40.74291761911539],[-73.98880863604519,40.742940389275006],[-73.98886604322222,40.742964231256096],[-73.98892345044032,40.742988073208465],[-73.98898084585977,40.743011915130985],[-73.98903230050635,40.743033307080566],[-73.98903691534883,40.74303522559959],[-73.9890385609655,40.74303593715664],[-73.98904017105531,40.743036693735654],[-73.98904173377855,40.743037495335436],[-73.98904327281629,40.743038332953255],[-73.9890447763287,40.74303920658795],[-73.98904623247445,40.74304012524346],[-73.9890476412566,40.743041070909676],[-73.98904901451196,40.74304206159776],[-73.98904952474287,40.74304245696881],[-73.9890503404022,40.74304308830167],[-73.98905161892873,40.74304414201625],[-73.9890528500887,40.74304524075166],[-73.9890540338865,40.74304635749266],[-73.98905515847937,40.74304751024834],[-73.98905623570859,40.7430486900147],[-73.98905726557267,40.74304990579684],[-73.9890582362347,40.743051139583436],[-73.9890591476948,40.74305239137458],[-73.98905999994996,40.74305367918037],[-73.9890607930031,40.743054984990614],[-73.98906152685426,40.74305630880542],[-73.98906172806295,40.743056723958205],[-73.98906175410222,40.74305677438907],[-73.98906185825952,40.74305697611248],[-73.98906198845461,40.74305723727184],[-73.98906220150342,40.74305765062474],[-73.98906281695056,40.743059010448555],[-73.98906337319713,40.743060379271796],[-73.98906387024174,40.74306176609958],[-73.9890642962445,40.74306317093074],[-73.98906466304823,40.743064575756236],[-73.98906497064992,40.7430659985863],[-73.98906520721273,40.74306742140963],[-73.98906537273517,40.743068853231236],[-73.98906547905705,40.74307029405232],[-73.98906552618134,40.74307172586272],[-73.98906551542379,40.74307234541042],[-73.98906550226522,40.7430731666714],[-73.9890654191515,40.743074598469434],[-73.98906526499887,40.743076030260724],[-73.98906505164716,40.74307746204636],[-73.98906503979536,40.74307753498632],[-73.98906354654751,40.74308625085041],[-73.9890557366642,40.74313155460859],[-73.9890465994102,40.74318475568479],[-73.98903746214314,40.74323794775477],[-73.98902832485996,40.7432911488287],[-73.98901918756222,40.74334434990152],[-73.98901034692561,40.743393435685334],[-73.98900150627593,40.74344252146814],[-73.98899266561325,40.74349160724992],[-73.9889838249375,40.74354069303068],[-73.98897498424878,40.74358977881043],[-73.9889661435455,40.743638873594215],[-73.9889574569229,40.743686914798836],[-73.98895725548593,40.74368786931671],[-73.98895724008358,40.743687932350696],[-73.98895701852919,40.743688823831185],[-73.98895673421421,40.74368976933605],[-73.98895640253951,40.743690714836355],[-73.98895603534802,40.74369164232313],[-73.9889556207983,40.74369256080031],[-73.98895517073026,40.743693470268994],[-73.98895468514542,40.743694361724174],[-73.98895414036242,40.743695244168535],[-73.98895357190253,40.743696108600545],[-73.98895295608442,40.74369696402293],[-73.98895230474949,40.74369780143176],[-73.98895161789778,40.743698620827054],[-73.98895089553072,40.743699413203686],[-73.98895037685293,40.743699948955495],[-73.98895013764532,40.743700196571886],[-73.98894934424462,40.743700952921486],[-73.98894850348717,40.74370169125637],[-73.98894765089274,40.743702411579996],[-73.98894675094307,40.74370310488385],[-73.98894582731805,40.7437037711702],[-73.98894486817767,40.743704410437964],[-73.98894388536038,40.74370503169331],[-73.9889428788677,40.74370562593116],[-73.9889418368612,40.74370618414533],[-73.98894077117781,40.74370672434708],[-73.98893968181892,40.743707238431846],[-73.98893858062631,40.74370771469419],[-73.98893744391825,40.74370816483836],[-73.98893629537471,40.743708587966225],[-73.98893512315728,40.74370897507155],[-73.98893409184714,40.74370928924934],[-73.98893393910446,40.74370933516051],[-73.98893274321611,40.7437096682331],[-73.98893152365387,40.74370996528315],[-73.98893029225769,40.743710226311755],[-73.98892904902605,40.74371046032402],[-73.98892780580044,40.74371065831601],[-73.98892655074083,40.74371082028658],[-73.98892528384577,40.74371095524078],[-73.98892401695669,40.743711054174696],[-73.98892273823373,40.7437111170872],[-73.9889214595152,40.743711152984474],[-73.98892019264258,40.743711152862616],[-73.98891891393603,40.74371111671932],[-73.98891763523397,40.74371105356081],[-73.98891700535867,40.7437109994698],[-73.98891636837939,40.743710945378076],[-73.98891510152777,40.74371081918522],[-73.98891384652356,40.74371064796812],[-73.9889126033638,40.743710449736966],[-73.98891136021003,40.743710215485514],[-73.98891012890223,40.74370994521493],[-73.98890890943885,40.74370964793026],[-73.98890771365983,40.74370932363265],[-73.98890652972675,40.74370896331592],[-73.9889053576396,40.743708566980025],[-73.98890420923688,40.7437081436312],[-73.98890308451848,40.74370769326949],[-73.98890197164603,40.74370720688859],[-73.98884307246483,40.743680501171895]],[[-73.98901552544086,40.74306459089144],[-73.98874898695574,40.74295563714946],[-73.98874654855878,40.74295908765356],[-73.98869701552994,40.74302918546215],[-73.98864705132368,40.74309989194884],[-73.98860262347463,40.743162762750586],[-73.98859081051562,40.743157933963715],[-73.98854896310434,40.74321715344458],[-73.98854146429052,40.743227765171916],[-73.98848953246073,40.74330257590272],[-73.98850118578882,40.74330631056812],[-73.98842852684281,40.74340913306608],[-73.98840815842276,40.74343795624115],[-73.98840334314053,40.743444769891454],[-73.98858901977303,40.743520668743336],[-73.98867862079616,40.74356110133628],[-73.98889722552262,40.7436544457386],[-73.98890384982487,40.74362681162457],[-73.98890445013365,40.74362666129775],[-73.98890709740128,40.74361326561373],[-73.9889457743838,40.743451932732285],[-73.98898971484162,40.74324249075966],[-73.98901609548058,40.74309001405556],[-73.98901690593522,40.743086308547085],[-73.98901699653699,40.74308255254163],[-73.98901636608898,40.7430788261841],[-73.98901502878562,40.74307521052149],[-73.98901382974837,40.743073170759075],[-73.98901552544086,40.74306459089144]]]]},"properties":{"source_id":"12380001872.0","sub_code":"380000","feat_code":"3800","status":"Unchanged"}},{"type":"Feature","geometry":{"type":"MultiPolygon","coordinates":[[[[-73.98760567986925,40.743945672957416],[-73.98754308684947,40.743919380412336],[-73.987480505719,40.74389308783443],[-73.98741791279633,40.74386680422621],[-73.98735533176472,40.743840511580096],[-73.98729275078249,40.74381421889987],[-73.98723015800965,40.74378792618418],[-73.98721392083412,40.74378110754649],[-73.98716757712448,40.74376164244082],[-73.98710499629044,40.743735349658294],[-73.9870424036658,40.74370905684032],[-73.98697982293055,40.74368276398958],[-73.98691724224291,40.74365648010983],[-73.98685464976653,40.74363018718952],[-73.9867920691794,40.743603894236465],[-73.98672948863994,40.74357761025439],[-73.98666689631173,40.74355131723176],[-73.9866043158728,40.74352502417639],[-73.9865417354833,40.743498731086916],[-73.98647914330147,40.743472446967],[-73.98645653341298,40.74346294846612],[-73.98641656301076,40.74344615380932],[-73.98635397092951,40.74341986061614],[-73.98629139073759,40.74339356739027],[-73.9862900529337,40.74339307195226],[-73.98628872697711,40.7433925404954],[-73.98628743654578,40.74339198202756],[-73.98628615796356,40.74339137853573],[-73.98628492674641,40.743390748034344],[-73.9862837073766,40.74339008151407],[-73.9862825282687,40.74338938438136],[-73.98628138705433,40.74338865843692],[-73.98628027426199,40.743387901878634],[-73.9862791969967,40.74338710930432],[-73.98627815525478,40.74338629872407],[-73.98627714903992,40.74338545212773],[-73.98627617834846,40.74338458752551],[-73.98627525502202,40.743383695913735],[-73.98627437906067,40.74338277729241],[-73.98627353862267,40.74338184066513],[-73.98627274554974,40.74338087702831],[-73.98627198800018,40.743379895385566],[-73.9862712896537,40.74337889573978],[-73.98627062683057,40.74337787808803],[-73.9862700113707,40.743376842431786],[-73.98626947641301,40.74337585000953],[-73.98626944327401,40.743375788771075],[-73.9862689343804,40.74337471710727],[-73.98626846100643,40.74337364544774],[-73.98626804683738,40.74337254678001],[-73.98626768002784,40.74337144811795],[-73.98626736057945,40.74337034135697],[-73.98626710033265,40.74336922379697],[-73.98626688744702,40.74336809813805],[-73.98626672192272,40.743366963479694],[-73.98626661559592,40.74336583783347],[-73.98626660262165,40.7433655973966],[-73.98626655663047,40.743364703187865],[-73.98626654502634,40.7433635595428],[-73.9862665926197,40.743362424909854],[-73.98626669941241,40.74336129028397],[-73.98626684172285,40.743360164667436],[-73.98626704323264,40.743359039057914],[-73.98626729210004,40.743357922459104],[-73.98626760016677,40.74335680586735],[-73.9862679555911,40.74335569828637],[-73.98626835837118,40.74335460872111],[-73.98626882034873,40.74335352816798],[-73.986269317844,40.743352456624145],[-73.9862698745349,40.74335140309755],[-73.98627047858336,40.743350358581615],[-73.98627061715527,40.74335013797395],[-73.98627111814581,40.74334934108514],[-73.98627181690576,40.74334833260077],[-73.98627208929877,40.743347963425435],[-73.98630256194465,40.74330579631854],[-73.98633436097919,40.74326185536219],[-73.98636617181158,40.74321791439822],[-73.98639797076221,40.74317397342377],[-73.98642976967086,40.74313003244026],[-73.98646156853762,40.74308609144768],[-73.98646796383436,40.74307725912745],[-73.98649337920035,40.74304215945255],[-73.98650475215524,40.74302644423932],[-73.98652517798322,40.74299821844189],[-73.98655697672407,40.74295427742219],[-73.98658878726283,40.74291033639481],[-73.98660619658729,40.74288628588171],[-73.98662000560783,40.742867205745775],[-73.98662073986775,40.7428662422887],[-73.98662116383731,40.742865717342426],[-73.98662150964512,40.74286528784081],[-73.98662232677623,40.742864360413606],[-73.98662319126281,40.74286345100209],[-73.98662409126328,40.74286256860985],[-73.98662502677945,40.74286170423189],[-73.9866260096493,40.742860866874594],[-73.98662701619325,40.74286005653526],[-73.98662807009084,40.74285927321663],[-73.98662914766257,40.742858516915994],[-73.98663027258799,40.742857787635984],[-73.98663142118572,40.742857094379],[-73.98663260529912,40.74285641913626],[-73.986633813083,40.74285578892161],[-73.98663504454105,40.74285518572489],[-73.98663527425369,40.74285508129278],[-73.98663631151297,40.74285460954753],[-73.9866376021572,40.74285406939314],[-73.98663891647371,40.74285356526175],[-73.98664025446259,40.742853097153365],[-73.98664160428561,40.74285265696206],[-73.98664297777951,40.74285225999782],[-73.98664437494736,40.742851890952025],[-73.98664577210612,40.742851566931556],[-73.98664719293905,40.74285126992901],[-73.98664862560274,40.742851017953164],[-73.98665007009896,40.74285080199894],[-73.98665152642768,40.74285062206637],[-73.98665298274925,40.74285047815404],[-73.98665445090155,40.742850379268404],[-73.98665591904664,40.742850316403036],[-73.98665738718447,40.742850289557936],[-73.98665867179876,40.74285029781131],[-73.98665885531511,40.742850298733075],[-73.98666033527834,40.74285034392984],[-73.98666179155299,40.74285043414919],[-73.98666325966018,40.74285056039016],[-73.98666471592043,40.74285072265003],[-73.9866661603337,40.74285092092879],[-73.98666759289819,40.742851164231496],[-73.9866690254572,40.74285143454939],[-73.98667043432776,40.74285174988988],[-73.98667183135133,40.74285210124924],[-73.98667321652793,40.742852488627506],[-73.98667457920337,40.74285290391883],[-73.98667463366269,40.742852921935274],[-73.98667592766242,40.74285336243286],[-73.98667724177879,40.742853857863686],[-73.98667854405,40.74285438030833],[-73.98669743875966,40.742862279937704],[-73.98672612415857,40.74287426899406],[-73.98676976198824,40.74289243813964],[-73.98682520309275,40.74291575771785],[-73.98688064423405,40.742939087174875],[-73.98693608541423,40.742962416605074],[-73.98699151479339,40.742985746007214],[-73.98704695605123,40.743009075383945],[-73.9870849930633,40.74302507535912],[-73.98710239734957,40.74303239572882],[-73.98716472886538,40.74305879654849],[-73.98720853262044,40.7430773437587],[-73.98722706043235,40.74308518832926],[-73.98728939204865,40.7431115800762],[-73.98735172371435,40.74313797178932],[-73.98741405542778,40.74316437247366],[-73.98747638719225,40.743190764119085],[-73.98753871900608,40.74321715573069],[-73.98760105086768,40.74324355631354],[-73.9876534501521,40.7432645077318],[-73.9877058494678,40.74328546813128],[-73.98775823697662,40.74330642850557],[-73.98781669770099,40.74333103655119],[-73.98787515846693,40.74335565357219],[-73.98793361927606,40.743380270563364],[-73.98799206828852,40.743404887523624],[-73.9880126231213,40.74341356334651],[-73.98804728055661,40.743428189378236],[-73.98804766413966,40.743428351509245],[-73.98804896642315,40.74342892796877],[-73.98805024502207,40.743429531441016],[-73.98805149993315,40.74343017993613],[-73.98805271931973,40.74343085544275],[-73.98805391502016,40.74343156696717],[-73.98805507519614,40.743432305503084],[-73.98805619984765,40.7434330710505],[-73.9880572889731,40.7434338726145],[-73.98805834257561,40.74343469218497],[-73.98805936065213,40.74343554777201],[-73.98806033136592,40.74343642136427],[-73.98806126655361,40.743437330973066],[-73.98806150093986,40.74343757323371],[-73.98806216621848,40.74343825858835],[-73.98806300668072,40.74343920420762],[-73.98806382345839,40.74344017683964],[-73.98806458103337,40.743441167475645],[-73.98806530308556,40.74344217611809],[-73.9880659777734,40.74344321177086],[-73.98806660510012,40.74344425642377],[-73.9880671850641,40.743445319081914],[-73.98806770582543,40.743446399744016],[-73.98806819106554,40.74344748940755],[-73.98806861710462,40.74344858807003],[-73.98806900762082,40.74344970473893],[-73.98806933893763,40.743450821401666],[-73.9880696110518,40.74345195606845],[-73.98806984764632,40.74345309073158],[-73.98807002503976,40.74345423439362],[-73.98807014323367,40.74345537895001],[-73.98807021406674,40.743456530705544],[-73.98807023754173,40.743457674351646],[-73.98807022798778,40.743458132708604],[-73.98807021365556,40.74345882699791],[-73.98807013057157,40.74345997063293],[-73.98807000012643,40.74346112326815],[-73.98806981048513,40.7434622578871],[-73.9880695734842,40.743463392501134],[-73.98806928912373,40.74346452711023],[-73.98806894556705,40.74346564370312],[-73.98806855465078,40.743466760291085],[-73.9880681163782,40.74346785886399],[-73.98806763074765,40.7434689484269],[-73.98806708592087,40.743470019973564],[-73.98806650557603,40.74347108251149],[-73.98806643214692,40.74347120407228],[-73.98806587787483,40.74347212703436],[-73.98806519097741,40.74347315354092],[-73.98806446856352,40.74347416203369],[-73.98806369879317,40.743475153411914],[-73.98805902087511,40.74348163567554],[-73.98803153364751,40.74351972426051],[-73.987999380297,40.74356430500663],[-73.98796721506511,40.743608876737184],[-73.98793506162853,40.743653457464795],[-73.98790289631057,40.74369802917682],[-73.98787074278793,40.74374260988591],[-73.9878385773839,40.74378718157941],[-73.98780642377518,40.74383176226997],[-73.98777425828509,40.74387633394496],[-73.98774210459031,40.74392091461701],[-73.9877115023029,40.743963253183516],[-73.9877109575328,40.74396396452572],[-73.98771038908605,40.74396465785527],[-73.98770978512103,40.74396534217596],[-73.98770914564103,40.74396599947761],[-73.98770848248276,40.743966647771714],[-73.98770779564782,40.74396727805312],[-73.98770722724012,40.743967759763606],[-73.98770707329633,40.74396789032064],[-73.98770631542816,40.743968484574204],[-73.98770554572499,40.7439690518113],[-73.9877047405052,40.74396960103446],[-73.98770391160876,40.74397013224492],[-73.98770307087732,40.74397063643895],[-73.98770219462925,40.74397112261904],[-73.98770129470626,40.743971581781395],[-73.98770038294822,40.74397201392728],[-73.98769944751353,40.743972428060474],[-73.98769850024385,40.743972815177216],[-73.98769752929918,40.74397317527621],[-73.98769653467939,40.743973509257955],[-73.98769554006493,40.743973814423505],[-73.98769452177531,40.74397409347181],[-73.98769350348898,40.743974354509966],[-73.98769246152936,40.74397457952526],[-73.98769140773474,40.743974777524166],[-73.98769132603644,40.743974791023035],[-73.98769035394511,40.74397494850782],[-73.98768928832054,40.743975092475004],[-73.9876882227009,40.743975209426964],[-73.98768715708792,40.743975290358655],[-73.98768607963828,40.74397535327894],[-73.98768499035532,40.74397538017768],[-73.98768391291739,40.743975380062466],[-73.98768283548439,40.74397535293205],[-73.9876817580564,40.743975298786395],[-73.98768068063339,40.743975217625554],[-73.98767961505703,40.743975100445695],[-73.98767854948568,40.743974956250625],[-73.98767749575934,40.7439747850416],[-73.98767645387795,40.743974586818645],[-73.98767541200155,40.74397436158051],[-73.98767438197014,40.7439741093284],[-73.98767336378371,40.74397383006232],[-73.98767236928231,40.74397352378359],[-73.98767137478585,40.74397319048965],[-73.98767040397435,40.74397283018302],[-73.98766945684616,40.743972451868785],[-73.987663492329,40.743969948721805],[-73.98766001046252,40.74396848682633],[-73.98764359916483,40.7439615952897],[-73.98760567986925,40.743945672957416]],[[-73.98683950915202,40.74296349882534],[-73.98665153184479,40.74288858833807],[-73.98655282243568,40.7430290685359],[-73.98648958315249,40.743119067696696],[-73.98631166166662,40.7433538142258],[-73.98631045822799,40.74335628687452],[-73.98631006815805,40.74335890640253],[-73.98631051516777,40.74336152152752],[-73.98631177205709,40.743363978259524],[-73.98631376663198,40.74336613521042],[-73.98631562050365,40.74336736192101],[-73.98631320330693,40.74337066829485],[-73.98656662004896,40.743477832328395],[-73.98659549745079,40.743490043863794],[-73.9865970678528,40.743487894536834],[-73.98680284871544,40.74357158438764],[-73.98722764315842,40.74374493931382],[-73.98724522645927,40.74375211469945],[-73.98760586889972,40.743909685125765],[-73.98764520636871,40.743926871921666],[-73.98800342352226,40.74343336543411],[-73.9879804155768,40.74342404999376],[-73.98785652274331,40.743373887772556],[-73.98748749993058,40.74324191231481],[-73.98719572513944,40.74311612536506],[-73.98708869845346,40.74307026771176],[-73.98683950915202,40.74296349882534]]]]},"properties":{"source_id":"12380001882.0","sub_code":"380000","feat_code":"3800","status":"Unchanged"}},{"type":"Feature","geometry":{"type":"MultiPolygon","coordinates":[[[[-73.98808701451318,40.74329958040846],[-73.98808088020311,40.74328678987515],[-73.98803838822207,40.743233605137924],[-73.98798214239585,40.74311242527963],[-73.98796851441591,40.74310120534232],[-73.98795030538585,40.743091246534334],[-73.98793514780516,40.74308604452037],[-73.98786491667882,40.74307780020563],[-73.98784900766114,40.74307699707716],[-73.9878113563275,40.74307441314652],[-73.98778566087725,40.74307165037079],[-73.98776007563932,40.74306834369486],[-73.98773462192554,40.743064495822665],[-73.98770931986367,40.7430601094579],[-73.98768418721318,40.743055189105114],[-73.98765924528581,40.74304973746824],[-73.98763451302496,40.743043759051915],[-73.98761000937405,40.74303725836092],[-73.98758575446024,40.743030240800536],[-73.98756176485878,40.74302271177584],[-73.98753806188067,40.743014676692255],[-73.98751466210085,40.74300614275582],[-73.9874915844623,40.74299711537189],[-73.98746884672364,40.74298760264709],[-73.98744817485378,40.74297906088936],[-73.9874278772239,40.742970004979256],[-73.98740797514391,40.74296044572558],[-73.98738849110768,40.74295039393693],[-73.98736944760917,40.74293985952155],[-73.98735086358985,40.74292885508894],[-73.98733276154321,40.74291739234826],[-73.98731516041074,40.74290548390902],[-73.98729807913352,40.74289314328106],[-73.98728153783688,40.74288038307402],[-73.98726555309356,40.74286721859849],[-73.9872501438446,40.742853663364414],[-73.98723532666261,40.742839732682526],[-73.98722111693611,40.74282544276385],[-73.98714442174376,40.742749253145725],[-73.9871398212558,40.74274695904101],[-73.98712573051166,40.74274210553557],[-73.98711134604135,40.74273778059307],[-73.98709669980995,40.742733994122574],[-73.98708182851867,40.74273075513316],[-73.9870667676849,40.7427280717333],[-73.9870515516425,40.742725949329824],[-73.98703621827732,40.74272439333001],[-73.98702080192331,40.742723408240145],[-73.98700534165111,40.74272299496516],[-73.98698987297911,40.742723156210594],[-73.9869744314265,40.742723890179356],[-73.98695905606428,40.742725195975495],[-73.986943782412,40.7427270700009],[-73.98692864717323,40.74272950865789],[-73.98691368586825,40.74273250474639],[-73.98689893401729,40.74273605196697],[-73.98688442714104,40.74274014131876],[-73.9868701995761,40.74274476470117],[-73.98685628447609,40.742749908610435],[-73.98684271617816,40.742755563145074],[-73.98682952546822,40.74276171390058],[-73.98682447004231,40.742748968448105],[-73.9868125154815,40.7427188334172],[-73.98683762313642,40.74271146834181],[-73.98686299470592,40.7427046426947],[-73.9868886088774,40.742698364577784],[-73.98691444433904,40.742692637590544],[-73.98694048214692,40.74268746713375],[-73.98696669980536,40.74268285680669],[-73.98698069480724,40.742680710680595],[-73.98699307718653,40.74267881110956],[-73.98701959297898,40.742675332741335],[-73.98704622468733,40.74267242440094],[-73.98707295100039,40.74267008788686],[-73.98707731635609,40.74266987495662],[-73.98708116558993,40.74266919190368],[-73.98708666016614,40.742658263967925],[-73.98708544803495,40.74264471390442],[-73.9870702909023,40.74260757079579],[-73.98706250237878,40.74257276893045],[-73.98706028819309,40.742549189808194],[-73.98706370207908,40.74251006226487],[-73.98707465345284,40.74246922370371],[-73.98710113178615,40.74241415887151],[-73.98712100164076,40.74238110798752],[-73.98715282941653,40.742342667999786],[-73.98718913470613,40.7422991982693],[-73.98720008937255,40.742283779206026],[-73.9872012130862,40.742270785015386],[-73.98720146583366,40.74226785749533],[-73.987198467946,40.742262122733756],[-73.9871947323983,40.74225664273361],[-73.98719029588305,40.742251472429736],[-73.98718520219721,40.74224666405635],[-73.9871795046099,40.742242266246706],[-73.98717325875946,40.74223832133075],[-73.98716652857212,40.742234870738805],[-73.98715938034333,40.742231948697416],[-73.98715188628934,40.74222958403085],[-73.98714412217926,40.742227801061155],[-73.98715877408266,40.74220773849982],[-73.9871629012942,40.74220208827866],[-73.98716701547826,40.742196454265],[-73.98717727488102,40.74218240659835],[-73.98719422426218,40.742159198817276],[-73.98719425257437,40.74215973462208],[-73.98719552486244,40.742168366122954],[-73.98719759752902,40.74217690766207],[-73.98720046229515,40.742185315113616],[-73.98720410259335,40.74219354795294],[-73.98720850067252,40.74220156385412],[-73.98721363404552,40.74220932139121],[-73.98721714371712,40.742213432595165],[-73.98722132477145,40.742217162058516],[-73.98722610618245,40.742220447638374],[-73.9872314086352,40.74222323259392],[-73.98723714097302,40.74222547098913],[-73.9872432061177,40.74222712499188],[-73.9872495034376,40.74222816577478],[-73.9872559240108,40.742228576216114],[-73.98726236128148,40.74222834909996],[-73.9872755386743,40.74222297272892],[-73.98728878593018,40.742217537831195],[-73.98730205923893,40.74221206241194],[-73.98731531360629,40.74220656447642],[-73.98732850522194,40.74220106293042],[-73.98734159027589,40.74219557487885],[-73.98737554246088,40.74217900927711],[-73.98740917503142,40.74216205641241],[-73.98744247733036,40.74214472258737],[-73.9874754398848,40.74212701230382],[-73.98750805203757,40.74210893186439],[-73.98752117373961,40.74210356086221],[-73.98753393797192,40.74209771075011],[-73.98754631631631,40.742091396833736],[-73.98755827798668,40.74208463441858],[-73.98756979574914,40.742077437909856],[-73.987580841185,40.74206982531481],[-73.98759138824373,40.74206181464094],[-73.98760141205857,40.742053424796346],[-73.98761089013054,40.74204467558983],[-73.98761979759244,40.742035588631055],[-73.98762811549713,40.742026184629815],[-73.98763582252923,40.74201648609658],[-73.98764290092527,40.74200651554224],[-73.98764917561034,40.74198906979266],[-73.98765467719367,40.741971468172125],[-73.9876593985683,40.74195373139164],[-73.98766333499533,40.741935878361396],[-73.98767078159013,40.741906717139756],[-73.98767893024996,40.74187764784434],[-73.98768777505082,40.74184868848454],[-73.98769731362114,40.74181985436849],[-73.98770753766934,40.74179116170432],[-73.98771844363965,40.74176262760107],[-73.98773002442492,40.741734265565405],[-73.98775050290656,40.74169157830871],[-73.98775255745925,40.741676592289046],[-73.98775011066006,40.74166776075627],[-73.98773483305368,40.741653963362346],[-73.98768142696066,40.741635732300274],[-73.98766264336894,40.74163002017448],[-73.98765515382631,40.741629135974506],[-73.98762800849597,40.741646027474395],[-73.98765634187848,40.741600636854734],[-73.98769495143817,40.74153878605719],[-73.9876940190981,40.74158032094506],[-73.98769730183659,40.74158873293221],[-73.98770802424225,40.741598826960136],[-73.9877241427057,40.74160475131421],[-73.98775685573483,40.74161582022706],[-73.98776108221224,40.741617154327216],[-73.98776553492291,40.7416179571521],[-73.9877700990269,40.74161820797778],[-73.9877746573139,40.74161789868734],[-73.98777909138644,40.741617039173704],[-73.98778328758063,40.741615651036994],[-73.9877966490256,40.741612905006555],[-73.98780136059955,40.74160955291791],[-73.98780792495108,40.74160034592843],[-73.98786350558886,40.741529716025404],[-73.98791505171845,40.74146926410297],[-73.9880005598244,40.74139343594012],[-73.98807714126558,40.741334566039114],[-73.98808595761403,40.741330929803354],[-73.98808950981183,40.74132899768258],[-73.98809254943976,40.74132661255363],[-73.98809497939978,40.74132385275062],[-73.98809672035146,40.741320806515105],[-73.98809771663166,40.74131757289711],[-73.98809793507102,40.741314256352084],[-73.98809737091496,40.74131096313933],[-73.98808568079505,40.74128994409513],[-73.98807462768532,40.74126871349643],[-73.9880642210543,40.74124728575259],[-73.98805446563449,40.74122567617286],[-73.98804663056406,40.74121078547502],[-73.98803954615936,40.741195677832394],[-73.98803322307111,40.74118037755986],[-73.98802766958319,40.74116490356911],[-73.98802289516196,40.74114928107535],[-73.98801890572285,40.74113353169158],[-73.988015708365,40.7411176779312],[-73.98801330545142,40.741101743207764],[-73.98801472075115,40.74109905624181],[-73.9880153854579,40.74109620620595],[-73.98801527113537,40.741093313765184],[-73.98801438486576,40.741090498687754],[-73.988012760962,40.74108788164504],[-73.98801047044141,40.74108557070538],[-73.98800760800225,40.74108366313327],[-73.98800429439231,40.741082240887415],[-73.9880006681227,40.74108136251524],[-73.98799688309992,40.74108106405295],[-73.9879930979701,40.74108135992523],[-73.98798947138428,40.74108223664101],[-73.98802039413619,40.741040280732435],[-73.98802722377974,40.741043279230844],[-73.98810814367776,40.741078811720094],[-73.98810759301303,40.74107953837248],[-73.98810310599264,40.74107877517953],[-73.98809851705538,40.74107855858371],[-73.98809394104262,40.741078895800904],[-73.98808949279888,40.74107977603692],[-73.98808528243471,40.741081179492014],[-73.9880814165118,40.74108306925642],[-73.98807799093787,40.741085399414295],[-73.98807509215172,40.74108811054111],[-73.98807279120211,40.74109113600674],[-73.98807114611591,40.741094400174674],[-73.9880701983463,40.74109782020255],[-73.98807025866559,40.74110477842723],[-73.98807100448226,40.74111178084778],[-73.98807242515649,40.741118741014446],[-73.98807450412787,40.74112557697919],[-73.98807721654866,40.74113220499239],[-73.9880845708545,40.74115416011682],[-73.9880926994956,40.741175956831526],[-73.98810159418728,40.74119758162787],[-73.98811125019758,40.741219017395586],[-73.98812166042616,40.7412402488251],[-73.98813281540497,40.74126125970613],[-73.98813641138035,40.74126610840679],[-73.98814065148025,40.741270646498734],[-73.98814548953949,40.7412748244492],[-73.98815087347238,40.74127859632698],[-73.9881567452725,40.74128192250361],[-73.98816303864534,40.741284765151],[-73.98816968847896,40.74128709364509],[-73.98817661900478,40.74128888366441],[-73.98818375800535,40.741290114489786],[-73.98819102497414,40.74129077350582],[-73.98822220230143,40.741288683019405],[-73.98825328148583,40.74128587300936],[-73.98828423292701,40.74128234617431],[-73.98831502820852,40.74127810701399],[-73.98834481693022,40.74128177059378],[-73.98836508354326,40.7412831558219],[-73.9883852565127,40.74128518580006],[-73.9884053003214,40.741287856022204],[-73.98842517826795,40.74129116378326],[-73.98844485720349,40.74129510187586],[-73.98846430161119,40.74129966399298],[-73.98848347834245,40.74130484112643],[-73.98850235306456,40.741310625168296],[-73.98852089144519,40.741317006209755],[-73.98853906270413,40.74132397164076],[-73.98855683369298,40.741331510652195],[-73.98857417481558,40.741339609733565],[-73.98859105292424,40.74134825357329],[-73.98860744079067,40.74135742866119],[-73.98862330881923,40.74136711698444],[-73.98863862978187,40.7413773032319],[-73.98865337526686,40.74138796939092],[-73.98866752041486,40.74139909474757],[-73.98868104036568,40.74141066218999],[-73.98869391025993,40.74142265010379],[-73.98870610997388,40.741435037775545],[-73.98871761464794,40.74144780359091],[-73.98872905934387,40.74145121223023],[-73.98878301968243,40.741434181705614],[-73.98879363540614,40.741445856012206],[-73.9888042523175,40.741457530317895],[-73.98877603943794,40.74147433013322],[-73.98876830200628,40.74148311202433],[-73.9887624202669,40.74148929163053],[-73.98875632072952,40.74150218719689],[-73.98876304113044,40.741514573426905],[-73.98877024473033,40.741526110525484],[-73.98877786827359,40.74153980257791],[-73.98878889623192,40.741543237285335],[-73.98879618321872,40.741544745443285],[-73.98884780657694,40.741541342934994],[-73.98885228216864,40.74155403961724],[-73.98885675894614,40.74156673539896],[-73.98882172181959,40.74157585684161],[-73.98881458903692,40.74157964998531],[-73.98881076904523,40.741582937365465],[-73.98880729698601,40.741587118082336],[-73.98880047106198,40.74159666819656],[-73.98880409861455,40.74161127837563],[-73.98880689974968,40.74162599383359],[-73.98880887091961,40.74164078665438],[-73.98881000857645,40.74165563072306],[-73.98881031035633,40.74167049812362],[-73.98880989760175,40.741681939025476],[-73.98881125355663,40.74169410950987],[-73.98881215666941,40.741709679364256],[-73.98881223219358,40.74172526444687],[-73.98881147776484,40.74174083954321],[-73.98880989693883,40.74175637853899],[-73.98880749090323,40.74177185622003],[-73.98880587705875,40.74177955089569],[-73.98878684495931,40.74185670808802],[-73.98877409246542,40.74189219312566],[-73.98875312573539,40.74193408896979],[-73.98874455332793,40.74195121937761],[-73.98872403123875,40.74198203091889],[-73.98872503754018,40.74198942057786],[-73.98880541966543,40.74203551546668],[-73.988801413257,40.74204886869543],[-73.98879807260785,40.74206000223902],[-73.98879066631123,40.742077662261494],[-73.98876620880353,40.74213598301447],[-73.98864864310275,40.74208234539557],[-73.98861815477144,40.742075826317986],[-73.98857356674871,40.74206855481147],[-73.9885587468594,40.742069795139344],[-73.98837176451232,40.74225356538442],[-73.98835702133796,40.742310139145474],[-73.98835020148452,40.742365432284515],[-73.98834749566915,40.7423612113347],[-73.98833931036977,40.74235742297401],[-73.98833007291314,40.74235816585713],[-73.98831902391954,40.74236602706323],[-73.98822799811518,40.74243908132704],[-73.98822201839438,40.74244287004887],[-73.98819793267621,40.74245739456127],[-73.98817339356573,40.742471473271074],[-73.9881484140885,40.7424850971743],[-73.98812300963742,40.7424982599687],[-73.98809719560622,40.74251095175002],[-73.98807098620398,40.74252316621595],[-73.98804439682382,40.74253489706418],[-73.98801744285927,40.74254613619158],[-73.98799013970348,40.742556877295876],[-73.98796250511745,40.74256711497568],[-73.98795627363671,40.74256839844705],[-73.98795029423887,40.74257025196542],[-73.98794465691076,40.74257264762443],[-73.98793944572083,40.742575549412656],[-73.98793723579364,40.742618285438866],[-73.98794728351143,40.74262851624939],[-73.98796768131275,40.74263996922823],[-73.98798895608216,40.74264687293392],[-73.98801051510478,40.74265324896823],[-73.98803233351815,40.74265908922386],[-73.98805439119543,40.74266438739495],[-73.98807666327328,40.74266913987682],[-73.98809912488899,40.74267333946276],[-73.98812175473115,40.74267698254837],[-73.98814452793621,40.7426800664295],[-73.98816742082516,40.74268258570055],[-73.98819040853424,40.74268453855798],[-73.9882134661997,40.742685923198096],[-73.9882365701416,40.74268673871796],[-73.98825969668022,40.74268698331407],[-73.98828282095143,40.74268665698398],[-73.98830591809124,40.74268575972504],[-73.98831689029215,40.74268401655673],[-73.98832982588091,40.742680228535086],[-73.98834155162743,40.74267540390612],[-73.98834771482012,40.74267194838429],[-73.98835337963943,40.74266803175222],[-73.98835848687975,40.74266369362622],[-73.98836298443783,40.74265898172806],[-73.98836880236468,40.742652906595595],[-73.9883940230773,40.74266826728534],[-73.98847665816554,40.74271859590917],[-73.98848635424388,40.74272253479559],[-73.98851238999045,40.742721812487346],[-73.98850219994901,40.74273986843501],[-73.98850068754918,40.74274254909306],[-73.98847218169387,40.742793059277574],[-73.98846961797818,40.742781722539576],[-73.98846932029245,40.74277781430982],[-73.9884682328805,40.74277398704664],[-73.98846638177365,40.742770334405265],[-73.9884638107642,40.74276694283877],[-73.98846058258891,40.742763893399015],[-73.98845401157612,40.742763573060465],[-73.98844743808883,40.74276386776754],[-73.98844096276537,40.74276477392831],[-73.9884346815101,40.74276627804477],[-73.98842869022893,40.74276835671345],[-73.9884230800934,40.74277097842575],[-73.98841793517256,40.74277410446841],[-73.98841333361717,40.74277768622205],[-73.9884093452911,40.74278167056378],[-73.98840602821974,40.742785997165555],[-73.98840343569348,40.742790601196326],[-73.98837968466752,40.74282713686976],[-73.98837147747967,40.74283988181601],[-73.98836251022733,40.742852326816006],[-73.98835280304216,40.74286444665748],[-73.98834237605604,40.74287621612811],[-73.98833019035472,40.74289085983757],[-73.9883085028488,40.742921102962775],[-73.98826308792242,40.74296733937192],[-73.98824105793678,40.742978896931554],[-73.98821862428456,40.74299001139629],[-73.9881958047272,40.743000674663165],[-73.98817261821,40.743010878629306],[-73.98814908249469,40.74302061429124],[-73.9881252177107,40.74302987354629],[-73.98810104398716,40.74303865009283],[-73.9880765790859,40.743046934927364],[-73.98805184313576,40.743054723549285],[-73.98804719565504,40.74305669427658],[-73.98804300154474,40.743059190046246],[-73.98803936619002,40.74306215053536],[-73.9880363748504,40.74306550371223],[-73.9880341009475,40.74306916853894],[-73.9880326013287,40.74307305407026],[-73.98803191153038,40.743077067557664],[-73.98803204814593,40.743081110847676],[-73.98813219737863,40.74328188741226],[-73.98812932947112,40.743283541347736],[-73.98811891775794,40.743288748805696],[-73.98811438629718,40.74329069883596],[-73.98810807043286,40.74329341591362],[-73.98810695504551,40.74329382372805],[-73.98809683604324,40.743297521064285],[-73.9880874382365,40.74330038370436],[-73.98808701451318,40.74329958040846]],[[-73.9878584344415,40.74303847168607],[-73.98786594693132,40.743037761077375],[-73.98787332218667,40.74303645972125],[-73.98788047969407,40.743034582017295],[-73.98788734130687,40.743032148669094],[-73.98789383361313,40.743029186684105],[-73.98789988556832,40.74302572667215],[-73.98790543086265,40.743021806447715],[-73.987910411473,40.743017470129544],[-73.98791477174412,40.74301276273723],[-73.98791846549135,40.743007736495386],[-73.98792145126563,40.7430024454302],[-73.98792369827346,40.74299694627034],[-73.98792518045623,40.742991300247624],[-73.98792588359561,40.74298556679407],[-73.98792579939233,40.742979809844805],[-73.98792492783556,40.74297409063425],[-73.98781455466587,40.74272264037525],[-73.98778195919627,40.74271958150202],[-73.987735704441,40.74271524154551],[-73.98772775321075,40.74272620437013],[-73.9877200671551,40.74273734822441],[-73.98771266877547,40.74274864159296],[-73.98770557583728,40.7427600538605],[-73.98770165525313,40.74276243168068],[-73.98769731562713,40.74276434389386],[-73.98769265405274,40.74276574998758],[-73.98768777117398,40.74276661845484],[-73.98768277355224,40.74276693039637],[-73.98767777011474,40.742766679520265],[-73.98767286978646,40.74276587034068],[-73.98766818030589,40.74276452177981],[-73.98766380467379,40.742762662664965],[-73.98765983523285,40.74276033352888],[-73.98765636195587,40.74275758480961],[-73.98765345823834,40.74275447684902],[-73.98765118918608,40.742751078092695],[-73.98764960214463,40.742747461486786],[-73.98764873380243,40.74274370627988],[-73.98764860308779,40.742739894420126],[-73.98764625569333,40.74273757716405],[-73.98764327123281,40.74273573080476],[-73.98763980834013,40.742734456215906],[-73.98763605407092,40.74273382095555],[-73.98764057518197,40.742730092441704],[-73.98764450082138,40.74272599375546],[-73.98764778006836,40.74272157892183],[-73.98765037028888,40.74271690646927],[-73.98765223476842,40.7427120385288],[-73.98765335099955,40.742707039934636],[-73.98765370239434,40.742701977322426],[-73.98765328538863,40.74269691822989],[-73.98765210470614,40.74269192929501],[-73.98765017691048,40.74268707625658],[-73.98764752685307,40.742682424854145],[-73.98764296108631,40.742677981263256],[-73.98763784115307,40.74267389871597],[-73.98763221914082,40.74267021684009],[-73.98762614713792,40.74266697076098],[-73.9876196855212,40.74266419200272],[-73.9876128958522,40.74266190758714],[-73.98760584442928,40.74266013913343],[-73.98759859755175,40.74265890375835],[-73.9875912262557,40.74265821317612],[-73.9875838015781,40.74265807459836],[-73.98757639455708,40.742658488933294],[-73.98754946168982,40.74266384854356],[-73.98752243763606,40.74266929458633],[-73.98749535081195,40.742674821661566],[-73.98746823081807,40.74268042346889],[-73.98744110488678,40.7426860937077],[-73.98741400261852,40.74269182697819],[-73.98738695242974,40.74269761697991],[-73.98735998155286,40.74270345831291],[-73.98734759694833,40.74270463751761],[-73.98733533418105,40.74270640476541],[-73.9873232406109,40.74270875375793],[-73.9872682439377,40.742714095801986],[-73.98725367651562,40.7427191811542],[-73.98724203312067,40.7427263046757],[-73.98723319364916,40.74273819038739],[-73.987230706941,40.74275241812082],[-73.98723248537448,40.742764245575685],[-73.98723707256336,40.74277418047627],[-73.9872655606796,40.742802752211134],[-73.98726818396705,40.742804874095455],[-73.98728493916313,40.74281962084642],[-73.98730227459032,40.74283397593838],[-73.98732017249162,40.742847924961],[-73.98733861747787,40.74286145530527],[-73.98735759179159,40.742874555262404],[-73.98737707885935,40.74288721222316],[-73.9873970609236,40.74289941447876],[-73.98741752022659,40.74291115122098],[-73.98743843664252,40.742922411641274],[-73.98745979122957,40.74293318493123],[-73.98748156504541,40.7429434620835],[-73.98750373796426,40.74295323228955],[-73.9875262898594,40.742962488342904],[-73.98754919942056,40.74297122123603],[-73.98757244652124,40.74297942196145],[-73.98758995035116,40.742986486524295],[-73.98760781184649,40.742993015321346],[-73.98762600140924,40.742998998443724],[-73.9876444906254,40.74300442598262],[-73.98766325108068,40.74300928892976],[-73.98768225080866,40.74301357917711],[-73.98768670952082,40.743014440538474],[-73.9877014602104,40.743017291318274],[-73.98772084968745,40.74302041724545],[-73.98772431511644,40.743020866967825],[-73.98778983670724,40.743033290121524],[-73.98784332217423,40.74303809818259],[-73.98785086522945,40.743038584351744],[-73.9878584344415,40.74303847168607]],[[-73.98723081684395,40.74268554468883],[-73.98745386766761,40.74265085736257],[-73.98757089033279,40.74263271312987],[-73.98758099172575,40.742627824466965],[-73.98758663448984,40.74262176646471],[-73.98759786480356,40.742581870715256],[-73.98759930910279,40.742576303936964],[-73.98760001935412,40.74257065423297],[-73.9875999884429,40.742564980135484],[-73.98759921635929,40.74255933567493],[-73.98759771138076,40.74255377758412],[-73.98759548770484,40.74254836079541],[-73.9875925666334,40.74254313844108],[-73.98758897893997,40.742538163654224],[-73.98758475776705,40.742533483264744],[-73.98757994691266,40.74252914590465],[-73.98753822947349,40.7425048006958],[-73.9874969383743,40.7424800295783],[-73.98745955645305,40.74245698154137],[-73.98739929636774,40.742410636677725],[-73.98738914762868,40.7424030514974],[-73.98737956846018,40.74239505034437],[-73.98737058727325,40.74238665573453],[-73.98736223366166,40.74237789558707],[-73.98735453248362,40.74236879692],[-73.98734750741295,40.7423593876518],[-73.98734118212332,40.74234969750187],[-73.98733788204346,40.74234535399406],[-73.98733392716724,40.74234133729814],[-73.98732937431465,40.742337702351264],[-73.98732428504205,40.742334502290035],[-73.98731873274704,40.74233178124732],[-73.98731279556408,40.742329577953385],[-73.98730655754927,40.74232792213424],[-73.98730010512743,40.742326838113065],[-73.98729352946096,40.74232634210895],[-73.98728692408211,40.74232643953523],[-73.98728038134048,40.74232712950169],[-73.98727399358727,40.742328402112896],[-73.98726785080743,40.74233023936866],[-73.98726203943528,40.74233261606448],[-73.98725664117104,40.74233549889054],[-73.98725173179645,40.74233884643212],[-73.9872473811746,40.74234261187058],[-73.9872436496982,40.742346742082745],[-73.98724059184093,40.742351178541796],[-73.9872290364171,40.74236294238441],[-73.98721811316284,40.74237505028968],[-73.98720784220922,40.742387484249846],[-73.98719823776821,40.7424002226545],[-73.98718931641957,40.74241324569454],[-73.98718109355926,40.74242653175965],[-73.98717358221552,40.74244005923923],[-73.98716679304854,40.74245380652247],[-73.98716073908686,40.742467750197754],[-73.98714687253637,40.742497824682374],[-73.98713365660535,40.74254302235136],[-73.98712871543539,40.74258826867043],[-73.98714623753864,40.74264098900423],[-73.98715237660815,40.7426585585792],[-73.98716727339529,40.74267688915779],[-73.98717525142976,40.74268089550118],[-73.98718617036312,40.7426853992511],[-73.98720517755973,40.74268714924818],[-73.98723081684395,40.74268554468883]],[[-73.98737360950915,40.7423327427145],[-73.98740906852295,40.7423685444495],[-73.98742652666174,40.74238465102314],[-73.98747177912949,40.7424163015698],[-73.98755472374732,40.74246481907072],[-73.98761208608738,40.742495952177855],[-73.98761845804383,40.74249691100242],[-73.9876249354825,40.74249728540896],[-73.9876314248705,40.74249706998439],[-73.98763783504111,40.74249626832094],[-73.98764407364256,40.742494890314276],[-73.98765005068894,40.742492957566945],[-73.9876556832972,40.74249049618485],[-73.9876608909507,40.74248754127912],[-73.98766559668334,40.74248413606594],[-73.98766973655187,40.74248032736488],[-73.98767325016333,40.74247617190145],[-73.98767608659655,40.74247172640223],[-73.98767820676862,40.74246705569958],[-73.98767957988407,40.74246222642774],[-73.98768018698682,40.74245730702328],[-73.98764085407494,40.74234359309497],[-73.98764025795208,40.74234037281813],[-73.98763585641674,40.74231237198227],[-73.98763222566012,40.74228430639245],[-73.9876293680466,40.74225619045703],[-73.98762728475701,40.74222803498228],[-73.98762597578812,40.74219985257541],[-73.98762549038481,40.74217423129872],[-73.98762600076671,40.74216735778375],[-73.98762652066635,40.742160235729905],[-73.98762704770596,40.74215291826681],[-73.98762749166806,40.7421466769006],[-73.98763265896247,40.74213138954856],[-73.9876341595594,40.74212862425272],[-73.98763488350782,40.74212568327465],[-73.98763480355377,40.742122689980825],[-73.98763392085783,40.7421197704424],[-73.98763227328385,40.74211704983391],[-73.98762992948085,40.742114640726015],[-73.98762699125054,40.74211264758841],[-73.98762357934203,40.74211115238023],[-73.98761984055501,40.74211021905314],[-73.98761593234923,40.742109888146906],[-73.98761201810922,40.74211017228616],[-73.98760826596016,40.74211105978238],[-73.98760454086629,40.74211289281377],[-73.987601724094,40.74211353907458],[-73.98759831165097,40.74211491828385],[-73.98756518463316,40.74213225847648],[-73.98751097857837,40.7421606329893],[-73.98748197464349,40.742174996528824],[-73.98745258125871,40.742188895357],[-73.98742281144936,40.74220232317139],[-73.9873694107735,40.74222859231993],[-73.98736306773985,40.742231353478985],[-73.98735712479628,40.74223459014934],[-73.98735164351523,40.742238269018976],[-73.9873466807343,40.74224235227298],[-73.98734228855632,40.742246796692754],[-73.98733850961251,40.74225155815821],[-73.98733538653529,40.74225658624576],[-73.98733294893378,40.74226182962979],[-73.9873312216817,40.74226723428259],[-73.98733022491726,40.74227274437505],[-73.98732996693936,40.74227830227571],[-73.9873304513109,40.742283851252914],[-73.98733167330714,40.74228933367373],[-73.987358579539,40.74231756752345],[-73.98737360950915,40.7423327427145]],[[-73.98768719681394,40.74212027413079],[-73.98768394554342,40.74214004621503],[-73.98768158815112,40.74215989313677],[-73.98768012701042,40.7421797896822],[-73.98767956449433,40.742199712438406],[-73.98767990179208,40.742219637992314],[-73.98768113654073,40.742239542930484],[-73.98768326874584,40.74225940203874],[-73.98768629604443,40.742279192804034],[-73.98769392695782,40.74230993332536],[-73.98770227064605,40.74234057306542],[-73.98771132474452,40.74237109941661],[-73.98772108333682,40.74240149797012],[-73.98773154169042,40.742431756118094],[-73.98773265504015,40.74243591837981],[-73.98773448116759,40.74243993213375],[-73.98773698811863,40.74244372713701],[-73.98774013209866,40.74244723674727],[-73.98774265237853,40.742449376620016],[-73.98774385747247,40.74245039972416],[-73.98774810031578,40.74245316022939],[-73.98775278486339,40.74245547052794],[-73.98775782942856,40.74245729008826],[-73.9877622051888,40.74245835675353],[-73.98777401417173,40.74245804192979],[-73.9877858277807,40.74245832594243],[-73.98779759273775,40.74245920608432],[-73.9878092569488,40.74246068054888],[-73.98782076832117,40.74246274032562],[-73.98783207594569,40.742465378205175],[-73.98784312891412,40.74246858157507],[-73.98785387868655,40.74247233602221],[-73.98786427672333,40.742476625332394],[-73.98787427685319,40.74248143059022],[-73.98788383527334,40.74248673017899],[-73.98789290936526,40.74249249978065],[-73.9879014576946,40.74249871417685],[-73.98790944356317,40.74250534634859],[-73.9879168302734,40.74251236567483],[-73.98792358467952,40.742519741535084],[-73.98793027147083,40.74252129921252],[-73.98793715965374,40.74252221574973],[-73.987944143857,40.742522477628064],[-73.98795111752369,40.74252208123428],[-73.98795797409502,40.742521031960294],[-73.98798104405569,40.74251298834063],[-73.98800378496392,40.74250440437794],[-73.98802617313855,40.742495287273975],[-73.9880481872657,40.74248564873327],[-73.98806980248011,40.74247549685811],[-73.988090998652,40.742464842452655],[-73.98811175209968,40.742453697221315],[-73.98813204150945,40.74244207196819],[-73.98815184793553,40.74242997839817],[-73.98817114887987,40.742417430016815],[-73.9881899253967,40.74240443942949],[-73.98820815735606,40.742391020142044],[-73.98822582699613,40.74237718475997],[-73.98824291537056,40.74236294949075],[-73.9882594047177,40.742348326939926],[-73.98827349109342,40.74233763485492],[-73.98828789380067,40.74232571180735],[-73.98830056872524,40.74231588316161],[-73.98831131176811,40.74230401376966],[-73.98832137882081,40.74229180571755],[-73.98833074856827,40.74227928151591],[-73.98833940679918,40.74226646367619],[-73.98834733456611,40.74225337651033],[-73.98835452002578,40.742240042529865],[-73.98836094896636,40.74222648784837],[-73.98836660954456,40.74221273587778],[-73.98837149110064,40.74219881183141],[-73.98837558652662,40.742184742723865],[-73.98837888516309,40.7421705519673],[-73.98838138345373,40.74215626837762],[-73.9883830754751,40.74214191536756],[-73.98838398061338,40.742124956210844],[-73.98838410788902,40.74210798256751],[-73.9883834549307,40.74209101695],[-73.98838202528759,40.74207407826933],[-73.98837982014055,40.742057188137714],[-73.98837684067063,40.742040366366396],[-73.98837309161047,40.74202363456799],[-73.98836885922724,40.7419948746486],[-73.98835692306561,40.74195108088647],[-73.98833073341372,40.7418858599161],[-73.98832684196728,40.74187777657081],[-73.98831609329218,40.74186815986692],[-73.98829826272927,40.74186210214696],[-73.98827612538834,40.74186012598422],[-73.9882686715768,40.74185784334041],[-73.9882649374231,40.741857521478984],[-73.98825355865415,40.741855977750504],[-73.98824233271333,40.741853885627705],[-73.98823130458997,40.74185125321982],[-73.98822052045671,40.74184809223821],[-73.98821002293444,40.741844413493354],[-73.9881998546428,40.74184023409943],[-73.98819005820184,40.74183556936939],[-73.9881806714949,40.7418304391185],[-73.98817173477288,40.741824864963036],[-73.98816328355075,40.741818868519005],[-73.98815535215903,40.741812474103725],[-73.98814797256,40.74180570783522],[-73.98814337722514,40.74180124084739],[-73.98812144809585,40.741806971215475],[-73.98809600468134,40.74181432483034],[-73.98807088555513,40.74182229802199],[-73.98804611913343,40.74183088178853],[-73.98802172909619,40.741840068028075],[-73.98799774267604,40.741849845937615],[-73.9879741859215,40.74186020471406],[-73.98795108251313,40.74187113535502],[-73.98792596325616,40.741886149579365],[-73.98790132695804,40.74190163661511],[-73.98787719138002,40.74191758565833],[-73.98785357428352,40.741933985004685],[-73.987830492246,40.74195082294958],[-73.98780796184506,40.74196808778856],[-73.98778599847446,40.741985766916386],[-73.98776461871209,40.74200384772818],[-73.98774383795188,40.74202231761867],[-73.98773516384243,40.74203089942749],[-73.98772710651247,40.742039824394496],[-73.9877196872786,40.742049064606434],[-73.98771292864093,40.74205859485161],[-73.9877068507322,40.74206838721656],[-73.98770146894937,40.74207841378734],[-73.98769680105745,40.74208864574974],[-73.98769285890182,40.74209905338834],[-73.98768965432815,40.742109606087205],[-73.98768719681394,40.74212027413079]],[[-73.98774647539425,40.74196026666332],[-73.98788433397945,40.7418603015567],[-73.98788674002154,40.74185900958222],[-73.98790999513744,40.74184722889143],[-73.98793366454306,40.74183593361263],[-73.98795772929424,40.74182513094757],[-73.98798217162991,40.74181483079982],[-73.98800697379025,40.7418050385703],[-73.98803211919873,40.74179576236163],[-73.9881204132481,40.74176750818927],[-73.98812032330176,40.741767314570964],[-73.98811680015044,40.74175894219362],[-73.98811398621856,40.741750415002166],[-73.98811189333898,40.74174176991863],[-73.98811052860916,40.7417330402626],[-73.98810989794201,40.741724262955415],[-73.98811000606696,40.74171547221688],[-73.98811084942538,40.74170670496745],[-73.98811242564263,40.741697996326565],[-73.98811472997642,40.74168938141356],[-73.9881166039358,40.74168411634226],[-73.98809539845948,40.74168199525925],[-73.98807686995669,40.7416796205065],[-73.9880581969565,40.74167755821172],[-73.9880394090567,40.741675812880445],[-73.98802054059158,40.74167438631725],[-73.98800162234294,40.74167328212727],[-73.98798268864522,40.741672501214644],[-73.98796377028062,40.74167204538352],[-73.98794490158349,40.74167191553801],[-73.98792611333647,40.741672111681424],[-73.98790743869014,40.74167263291673],[-73.98788890961113,40.74167347924738],[-73.9878705568824,40.74167464887565],[-73.98785241365476,40.74167614000409],[-73.98784634211903,40.74167726139528],[-73.98783969859036,40.74167915806237],[-73.98783340540352,40.74168165180225],[-73.98782755254592,40.74168470570364],[-73.98782222882248,40.74168827475078],[-73.98781750883184,40.74169230762265],[-73.98781346480648,40.741696743992996],[-73.98780120199477,40.74171276721753],[-73.98778956899193,40.74172906786364],[-73.98777857764051,40.7417456315247],[-73.98776823741525,40.741762442893254],[-73.98776574319217,40.74176683530162],[-73.98772444961459,40.741873206001436],[-73.98771220419735,40.741955111211354],[-73.98771229298215,40.74196801728726],[-73.98771589287149,40.741970943418536],[-73.98771992040464,40.74197260438296],[-73.98772550631222,40.74197274635804],[-73.98774647539425,40.74196026666332]],[[-73.98847402121909,40.741672835994514],[-73.98847082779078,40.741674550240255],[-73.98846819429018,40.74167674811427],[-73.98846624623472,40.74167932607091],[-73.98846507599414,40.74168216255086],[-73.98846473568562,40.74168512428444],[-73.98846524427675,40.74168807259544],[-73.98846647620807,40.74169135416644],[-73.988469201217,40.741700856589574],[-73.98847112466791,40.74171047149575],[-73.98847224064748,40.74172016016268],[-73.98847195497706,40.74172894818226],[-73.98847093289014,40.741737704610344],[-73.98847216117215,40.74174155620187],[-73.9884741188034,40.74174522956597],[-73.98847676080722,40.741748645453534],[-73.98848003036636,40.74175173091771],[-73.98848386000671,40.74175441931419],[-73.98848816449326,40.74175665300198],[-73.9884928514856,40.74175838334434],[-73.98848254888398,40.74177774771822],[-73.988472164557,40.741797263368056],[-73.98845751122275,40.74179421908716],[-73.98844388724106,40.741795170457365],[-73.98843737065424,40.741802431492],[-73.98843025977602,40.741809361079916],[-73.988422581842,40.74181593220862],[-73.98841436882381,40.74182211786598],[-73.98840565387681,40.74182789194046],[-73.98839647252365,40.74183323282349],[-73.9883916675896,40.74183567451431],[-73.98838121781269,40.74185010138404],[-73.98838026031667,40.74186179977414],[-73.98838184512773,40.74187152360878],[-73.98840548228914,40.7419294457014],[-73.98841188362393,40.74195184915898],[-73.98842263356089,40.74199524207058],[-73.98842807829911,40.742024269560396],[-73.98842929595551,40.74204159903934],[-73.98843031882465,40.742089758256014],[-73.98843130881724,40.74210225288992],[-73.98843291598169,40.742112870028706],[-73.9884355877624,40.742128975864446],[-73.98843817201514,40.74213777407713],[-73.98844196201885,40.74214384207358],[-73.98844456047581,40.74214584145985],[-73.98844687378514,40.74214675750753],[-73.98845325398237,40.742147863969926],[-73.9884731070342,40.74213232050662],[-73.98850404056297,40.74209758293946],[-73.98856719041696,40.74203805490731],[-73.9886569151625,40.7419658737351],[-73.98867981737428,40.74194006565664],[-73.98869216343451,40.741920856353495],[-73.98871534437805,40.74187094802593],[-73.98871777383577,40.74186412782383],[-73.98873130700713,40.741826139459114],[-73.98873416027304,40.74181959125119],[-73.98873916355929,40.74180632997357],[-73.98874345886026,40.741792925445885],[-73.98874703670091,40.74177940017998],[-73.98874989352609,40.74176577578772],[-73.98875202341259,40.74175207478132],[-73.98875342398937,40.741738318772654],[-73.98875409051712,40.741724531174555],[-73.98875402536011,40.74171073540041],[-73.98875322496359,40.74169695216153],[-73.98875169405983,40.74168320487159],[-73.98875216036087,40.741670233113176],[-73.98875189734498,40.74165725858201],[-73.98875090500857,40.741644304691285],[-73.98874918453224,40.741631393953725],[-73.98874674064798,40.741618551583926],[-73.98874357453617,40.7416058009952],[-73.98873969566505,40.74159316470113],[-73.98873510876689,40.74158066611519],[-73.98873242058008,40.74157726283607],[-73.98872904445592,40.74157421248831],[-73.98872506444245,40.74157159072272],[-73.98872058234822,40.74156946598768],[-73.9887157130078,40.74156789142436],[-73.98871057836178,40.74156690666697],[-73.98870530864073,40.74156653694238],[-73.98868704779558,40.74157767532288],[-73.98866825425371,40.74158828865243],[-73.98864895406473,40.74159836252522],[-73.98862917446225,40.74160788343608],[-73.98860894267993,40.74161683697943],[-73.98847762538269,40.74167168640765],[-73.98847402121909,40.741672835994514]],[[-73.98813672089662,40.74164892660097],[-73.98814308833614,40.74164158992526],[-73.98815005716632,40.74163457749366],[-73.98815760015135,40.74162791631838],[-73.9881656865031,40.74162163521239],[-73.98817428306657,40.74161575848589],[-73.98818335431858,40.74161031134936],[-73.98819286355287,40.74160531451049],[-73.9882027716954,40.74160078867691],[-73.98821303967239,40.74159675275513],[-73.98821882837228,40.74159482266029],[-73.98821233828589,40.741572725354146],[-73.98820531435126,40.741550001239936],[-73.98822977217625,40.74154506085888],[-73.98824639904342,40.74154170186459],[-73.98825185012679,40.741540813620304],[-73.98826805078116,40.74158444663963],[-73.98826826389771,40.74158442054661],[-73.98827977090475,40.74158359415224],[-73.98829132280353,40.7415833269761],[-73.9883028746037,40.741583620814744],[-73.98831437776376,40.741584473862126],[-73.9883257872941,40.741585883412256],[-73.98833705347003,40.74158784315655],[-73.98834813367083,40.74159034498617],[-73.98835898172419,40.74159337899094],[-73.9883695526421,40.74159693345976],[-73.98837980498897,40.74160099307993],[-73.98838969496157,40.74160554073741],[-73.98839918467657,40.741610559318985],[-73.98840880083384,40.74161697099688],[-73.98841786045507,40.74162383467256],[-73.98842632802646,40.7416311224268],[-73.98843416921838,40.74163880453962],[-73.9884428724978,40.741638707258076],[-73.98845150132178,40.741637838233814],[-73.98845993847597,40.741636210962795],[-73.98846806792889,40.74163384524456],[-73.98856754806627,40.74158902792159],[-73.98865585195512,40.741534809919465],[-73.98866846555543,40.74152235804908],[-73.98867506408253,40.74151333201536],[-73.98867734246497,40.7415036887092],[-73.9886769446324,40.741496863727065],[-73.98865232456633,40.74146062580008],[-73.9886195061668,40.74142833037825],[-73.98859270657393,40.741405501673626],[-73.98858596473443,40.74140101918195],[-73.98857199674701,40.74139249089527],[-73.98855757168015,40.741384414616],[-73.98854271439411,40.741376805655165],[-73.98852745093339,40.74136967662217],[-73.98851180852647,40.74136304102721],[-73.9884958132181,40.74135690967889],[-73.98847949578892,40.74135129338611],[-73.98846288228381,40.741346202057045],[-73.9884460022997,40.7413416446995],[-73.98842888661767,40.741337628520604],[-73.9884115648345,40.74133416252818],[-73.98839406654787,40.74133125122779],[-73.9883764237231,40.74132890002554],[-73.98835866714158,40.741327113427],[-73.98834082758526,40.74132589413682],[-73.98832293701979,40.74132524485968],[-73.98830502622724,40.74132516649922],[-73.98828712599015,40.74132565815801],[-73.9882692694584,40.741326720739984],[-73.98825148623084,40.74132835154661],[-73.98823380945828,40.741330546979334],[-73.98821809799436,40.74133301726507],[-73.98818293089684,40.741340851675716],[-73.98817994696405,40.74134297296419],[-73.98817758689955,40.74134550945042],[-73.98817594780589,40.74134835758605],[-73.98817509955731,40.74135139761087],[-73.9881750741428,40.741354505258215],[-73.9881758751376,40.7413575490544],[-73.98821887299012,40.74145632107689],[-73.98821675362805,40.7414568080344],[-73.98820098399322,40.741459994214914],[-73.98817804644766,40.74146462767311],[-73.9881606774569,40.741413563535886],[-73.98815920668702,40.741408596187654],[-73.98815692606274,40.741403805255516],[-73.98815387345698,40.74139926818693],[-73.98815009739872,40.741395058828395],[-73.98814565944166,40.7413912438237],[-73.98814063061187,40.741387885315085],[-73.98813509140868,40.74138503644069],[-73.98812346141005,40.74138526307025],[-73.98811186683061,40.741386046215666],[-73.9881003526607,40.741387383180076],[-73.98808896862734,40.74138926676461],[-73.98808336239847,40.74139047916767],[-73.98795282528675,40.74149145475355],[-73.98793110185018,40.74151246941352],[-73.98789922606102,40.74155917266841],[-73.98786821859765,40.741615964386206],[-73.9878689282012,40.741620193242014],[-73.98787051750973,40.741624281711445],[-73.98787294510409,40.741628124430655],[-73.98787615062068,40.741631622337486],[-73.98788005001501,40.741634685372404],[-73.98788454266531,40.741637234280034],[-73.9878994233509,40.74163976987131],[-73.98791447109417,40.74164165080957],[-73.98792963616965,40.741642871686444],[-73.98794487003549,40.74164342709387],[-73.98796011941327,40.74164331702619],[-73.98797533694452,40.74164254057794],[-73.98799046935025,40.74164109954457],[-73.98801056578782,40.74164130515302],[-73.98803063844704,40.7416420636668],[-73.98805065772981,40.74164337328184],[-73.98807059995772,40.74164523309526],[-73.98809043553281,40.74164764040241],[-73.98811014077721,40.7416505906985],[-73.98812968727673,40.74165408217959],[-73.98813241619546,40.741654649780266],[-73.98813672089662,40.74164892660097]],[[-73.98829801065972,40.741767080620214],[-73.98830463033929,40.74176612765566],[-73.98831106778701,40.74176461635792],[-73.98831724130628,40.74176256562931],[-73.98832307393496,40.74176000247728],[-73.98832849344612,40.74175695751185],[-73.98833342879539,40.74175346944767],[-73.98833781959306,40.74174958330402],[-73.98834160900076,40.74174534680205],[-73.98834475083477,40.74174081396766],[-73.98834720483062,40.74173604152871],[-73.98834894019485,40.74173109071661],[-73.98834993560568,40.74172602276372],[-73.9883482507158,40.74171315704926],[-73.98834795985105,40.741710933667925],[-73.98834658108048,40.74170784659033],[-73.9883439395218,40.74170193359379],[-73.98834102539719,40.74169748479405],[-73.98833747662367,40.74169331148513],[-73.98833333818268,40.74168946500042],[-73.98832866216,40.74168599307201],[-73.9883235065619,40.741682939830525],[-73.98831793531542,40.74168034220329],[-73.9883120170842,40.74167823351584],[-73.98830582763686,40.7416766398906],[-73.98829944392673,40.74167558204696],[-73.98829294409308,40.74167507079894],[-73.988286409827,40.741675115159886],[-73.98827992282193,40.74167571243662],[-73.98827356358777,40.74167685723424],[-73.98826741263626,40.74167853335189],[-73.98826154456002,40.74168072098608],[-73.98825603513713,40.74168339222878],[-73.98825095067487,40.74168651466863],[-73.98824635629774,40.741690048689996],[-73.98824230884344,40.741693951074346],[-73.98823885923092,40.741698171398625],[-73.98823569608199,40.741702696123454],[-73.98823322076937,40.741707461353805],[-73.9882314617188,40.74171240765923],[-73.98823044380443,40.74171747290726],[-73.98823017887739,40.74172259316321],[-73.98823067050103,40.74172770359086],[-73.98823191158323,40.741732740253546],[-73.98823388674386,40.74173763921361],[-73.98823657113084,40.74174233923405],[-73.9882399316041,40.74174677997741],[-73.98824392555095,40.7417509065084],[-73.98824850325435,40.741754666592406],[-73.98825360434093,40.741758012496426],[-73.98825916843606,40.74176090279084],[-73.98826512214077,40.74176330054735],[-73.98827139205474,40.74176517604166],[-73.98827789885715,40.741766504051455],[-73.98828197751192,40.74176697273019],[-73.98828442233672,40.741767254837605],[-73.98828455967356,40.74176726835917],[-73.98829129162775,40.7417674626528],[-73.98829801065972,40.741767080620214]],[[-73.9877596190074,40.742524918349574],[-73.98775168153236,40.74252560729401],[-73.98774386353487,40.74252685816695],[-73.9877362336872,40.74252866016966],[-73.98772885829482,40.74253099619953],[-73.98772180366343,40.742533847353144],[-73.98771512899617,40.74253718842259],[-73.98770889586514,40.742540988797344],[-73.98770315755515,40.74254521606482],[-73.9876979637997,40.742549833309745],[-73.98769336078126,40.74255480001423],[-73.98768938876319,40.74256007205779],[-73.98768608327299,40.742565604419],[-73.98768347155155,40.74257134667243],[-73.98768157847142,40.74257725019336],[-73.98768041825026,40.74258326185354],[-73.98768000392154,40.742589330325366],[-73.98768033786331,40.74259540157878],[-73.98768141653368,40.74260142248348],[-73.98768323047096,40.74260733990845],[-73.98768576547705,40.742613102523364],[-73.98768899669804,40.742618659897],[-73.9876928980958,40.74262396249873],[-73.98769743415974,40.74262896439878],[-73.98770256582691,40.742633621468116],[-73.98770824811379,40.74263789317904],[-73.9877144301165,40.7426417417047],[-73.98772105856237,40.742645133720636],[-73.98772807544199,40.74264803950389],[-73.98773541919346,40.74265043293301],[-73.98774302470177,40.74265229328945],[-73.98775082566735,40.74265360435695],[-73.98775875342133,40.7426543553221],[-73.98776673929459,40.74265453807304],[-73.98777471224845,40.74265415260216],[-73.98778260242774,40.74265320160359],[-73.98779034116026,40.742651693174686],[-73.98779781829691,40.74264984162437],[-73.98780503742174,40.74264747135428],[-73.98781193696414,40.74264460306961],[-73.98781845772082,40.74264126107781],[-73.98782454403954,40.74263747508976],[-73.98783014263577,40.74263327571722],[-73.98783520614388,40.742628699875965],[-73.9878396907494,40.7426237880843],[-73.98784355855788,40.74261858086109],[-73.987846775226,40.742613123228125],[-73.98784931351368,40.74260746290943],[-73.98785115091681,40.74260164853004],[-73.98785227440294,40.74259572871601],[-73.98785267093886,40.74258975659592],[-73.987852339332,40.74258378079696],[-73.98785128075657,40.74257785534975],[-73.9878495058597,40.742572028882684],[-73.98784702883991,40.74256635272616],[-73.98784387218389,40.74256087550988],[-73.9878400619307,40.74255564406288],[-73.98783563122343,40.74255070341401],[-73.98783061794138,40.742546096791415],[-73.98782506470073,40.74254186202094],[-73.9878190200372,40.742538037829355],[-73.98781253603998,40.74253465483937],[-73.9878056671663,40.74253174277336],[-73.98779847497777,40.74252932775254],[-73.9877910186693,40.74252742959424],[-73.98778336217228,40.74252606451436],[-73.98777557415468,40.742525244226684],[-73.98776760610505,40.74252479672923],[-73.9877596190074,40.742524918349574]],[[-73.98792289242584,40.74267445755726],[-73.98791569368207,40.742675437454174],[-73.98790866887889,40.742676987389835],[-73.98790189852956,40.74267909026298],[-73.98789545604473,40.74268172176775],[-73.98788941246795,40.74268485399597],[-73.9878838352922,40.742688450934494],[-73.98787878609104,40.742692474768624],[-73.98787431933582,40.742696878677734],[-73.98787048713002,40.74270161584105],[-73.98786732973875,40.74270663223248],[-73.98786488269111,40.74271187382544],[-73.987879959449,40.74274432878148],[-73.98789429264885,40.74277697906724],[-73.9879078775556,40.74280981477696],[-73.9879207094339,40.74284282690525],[-73.98793278473283,40.742876004645986],[-73.9879440987174,40.742909337192756],[-73.98795464902018,40.742942815540566],[-73.9879644332739,40.74297642978368],[-73.98796619211079,40.74297951600457],[-73.9879686388914,40.74298231953808],[-73.9879716966731,40.74298475122602],[-73.98797526838311,40.742986736316155],[-73.98797750713969,40.74298756771773],[-73.987982853256,40.74299166197993],[-73.98798876421732,40.742995280833114],[-73.98799516662459,40.74299838104531],[-73.98800198115819,40.743000922985814],[-73.98800912494492,40.743002876028704],[-73.98801650919044,40.743004215850966],[-73.98802404273096,40.74300492623399],[-73.9880316332172,40.743004999063565],[-73.98803918829883,40.743004432529084],[-73.98804661325607,40.743003232924295],[-73.98805381691928,40.74300141644885],[-73.98806071166972,40.7429990056064],[-73.98813967634892,40.74296413803437],[-73.98815313561488,40.742958698557054],[-73.98816622674842,40.742952766463056],[-73.98817891777927,40.742946357057875],[-73.98819117792107,40.74293948564706],[-73.98820297875533,40.74293216843702],[-73.98821428949532,40.74292442343481],[-73.98822508527407,40.74291626954871],[-73.98823533885657,40.74290772658722],[-73.98824502537595,40.74289881345863],[-73.98825412114847,40.74288955447432],[-73.98826596458443,40.74287554739639],[-73.98829660401849,40.742839315017136],[-73.9883034690979,40.74283042230849],[-73.98830909566601,40.74282192389566],[-73.98831553929035,40.742812779001504],[-73.988321335322,40.74280338009841],[-73.98832646362857,40.74279375600058],[-73.98833090881352,40.74278393552278],[-73.988334659032,40.742773949281194],[-73.9883377000716,40.74276382609054],[-73.98833944009375,40.742759477718906],[-73.98834034543778,40.74275498518163],[-73.98834039714413,40.74275044032851],[-73.98833959519673,40.74274593591176],[-73.98833795497119,40.74274156468518],[-73.98833550960312,40.7427374176032],[-73.98833231117301,40.742733577517804],[-73.98832842478544,40.74273012548104],[-73.98832392857081,40.742727129939325],[-73.98831670325535,40.742724348441264],[-73.98830924098097,40.742722504346396],[-73.98828121630527,40.742722361019226],[-73.98825320357055,40.742721644063515],[-73.988225225273,40.742720354382115],[-73.9881973003567,40.74271849287754],[-73.98816945250188,40.742716059552215],[-73.98814169946831,40.742713058010025],[-73.98811406375196,40.74270948915392],[-73.98808656429651,40.74270535658794],[-73.98805922359773,40.74270066301605],[-73.98803206059935,40.74269541114187],[-73.9880050954286,40.74268960637062],[-73.98797834939717,40.74268325140622],[-73.98795184026412,40.742676352554184],[-73.98794474257862,40.74267501005616],[-73.98793749797656,40.74267424206575],[-73.98793018815032,40.74267405759647],[-73.98792289242584,40.74267445755726]]]]},"properties":{"source_id":"12380002297.0","sub_code":"380010","feat_code":"3800","status":"Updated"}},{"type":"Feature","geometry":{"type":"MultiPolygon","coordinates":[[[[-73.9912519399561,40.744679119139306],[-73.99120008323857,40.74465690869473],[-73.99114821471551,40.74463469822582],[-73.99109634622687,40.74461248863397],[-73.99103389326848,40.74458631416489],[-73.99097144035905,40.744560140562335],[-73.99090897565858,40.744533966924905],[-73.990846522846,40.74450780225948],[-73.9908131807604,40.74449382914416],[-73.99078407008378,40.744481628555],[-73.9907600325908,40.74447155626288],[-73.99072160553055,40.744455454815636],[-73.99065915286641,40.74442928104325],[-73.9905967002514,40.74440310723692],[-73.99053424768547,40.74437693339663],[-73.9904885205985,40.744357772249984],[-73.99047178332849,40.74435075952139],[-73.99040933086069,40.74432458561318],[-73.99034687844197,40.74429841167099],[-73.99028441423224,40.744272237693835],[-73.99022196191166,40.74424606368368],[-73.99016883189643,40.74422379683387],[-73.99015950964015,40.7442198896396],[-73.99011486843854,40.74420113186396],[-73.99010328488784,40.7441962645309],[-73.99004706017546,40.744172639394606],[-73.98999083550295,40.74414901423081],[-73.98993462270892,40.7441253980456],[-73.98987839811615,40.74410177282673],[-73.98982217356327,40.74407814758034],[-73.9897659490502,40.74405452230649],[-73.98970973641704,40.74403089700611],[-73.98966462190482,40.744011910284385],[-73.9896517597865,40.74400649708392],[-73.98959378319982,40.74398208812744],[-73.98953581849561,40.74395767914274],[-73.98947784199241,40.743933279132804],[-73.98947520777412,40.743932170368296],[-73.98941986553316,40.743908870088475],[-73.98936190095637,40.743884461016016],[-73.98930392458064,40.74386006091823],[-73.98924594824882,40.74383565178616],[-73.98918798379945,40.74381124262587],[-73.98913381383458,40.74378842859194],[-73.98913263584106,40.74378793230157],[-73.98913100204183,40.743787238757186],[-73.98912927353481,40.7437864731633],[-73.98912758055359,40.74378567155245],[-73.9891259230996,40.74378482491959],[-73.98912431301274,40.743783933265874],[-73.9891227384531,40.74378299659015],[-73.98912119941927,40.74378202389746],[-73.98911971959251,40.74378100618502],[-73.98911827529004,40.743779961460696],[-73.98911811073584,40.743779832672686],[-73.98911687835474,40.743778871715556],[-73.9891168167956,40.743778819480305],[-73.98911554062512,40.74377774595565],[-73.98911425025969,40.743776593185004],[-73.98911300726144,40.74377539539352],[-73.98911182346588,40.743774179597494],[-73.98911069887596,40.743772927786736],[-73.98910962165179,40.743771639960194],[-73.9891086154702,40.74377033413022],[-73.98910765665283,40.743769001289536],[-73.98910675703962,40.74376764143922],[-73.98910592846904,40.74376626358547],[-73.98910563255727,40.74376573315901],[-73.98910515910262,40.743764858722166],[-73.9891044607788,40.74376343585539],[-73.98910380981633,40.74376200398801],[-73.98910324173781,40.74376054511331],[-73.98910273286049,40.743759077239105],[-73.98910228318435,40.74375760036543],[-73.98910190455082,40.74375610548839],[-73.98910159695693,40.74375461061801],[-73.98910136040564,40.74375309774424],[-73.98910118305405,40.7437515848761],[-73.98910107674209,40.743750072014635],[-73.98910104147124,40.743748550154834],[-73.9891010653986,40.743747037305745],[-73.98910114135214,40.743745949500735],[-73.989101172207,40.74374551545938],[-73.98910133821359,40.74374400262369],[-73.98910157525833,40.74374249879984],[-73.98910221523651,40.7437386987218],[-73.98910384122384,40.74372923274836],[-73.9891115302887,40.74368447108443],[-73.9891202529623,40.743632494656936],[-73.98912896378233,40.74358051822723],[-73.98913768642872,40.743528541797644],[-73.98914640905998,40.74347657437213],[-73.98915511983928,40.7434245979393],[-73.98916384244481,40.74337262150658],[-73.98917256503677,40.743320645072835],[-73.98918165443848,40.74326997440739],[-73.98919074382788,40.74321929473583],[-73.98919983320337,40.74316861506316],[-73.98919996363718,40.74316740839619],[-73.98920014143027,40.74316620173368],[-73.98920037842257,40.743164995076754],[-73.98920066277272,40.74316379742928],[-73.98920100632056,40.74316260879244],[-73.98920140906465,40.74316143817134],[-73.98920185916805,40.74316026755462],[-73.98920236846767,40.7431591149536],[-73.98920292512516,40.743157971362066],[-73.98920352913751,40.74315685479022],[-73.98920419234761,40.74315574722895],[-73.9892049029141,40.74315465768225],[-73.98920567267679,40.74315358615123],[-73.98920647795606,40.74315253263372],[-73.98920733059023,40.743151506135796],[-73.98920823057934,40.743150506657514],[-73.9892091897646,40.74314952519491],[-73.98921017262518,40.74314857074971],[-73.9892112146805,40.74314764332531],[-73.98921158058029,40.74314734078928],[-73.98921229224946,40.74314675192444],[-73.98921340533495,40.74314587853706],[-73.9892145657739,40.74314504117435],[-73.98921576172792,40.743144230830154],[-73.9892169931956,40.743143456509614],[-73.98921824833855,40.7431427092064],[-73.98921955083495,40.743141997927914],[-73.98922087700365,40.74314133167696],[-73.98922223868747,40.74314069244453],[-73.98922363588495,40.74314008923565],[-73.98922504491628,40.74313952294872],[-73.98922648946153,40.74313899088429],[-73.98922668127706,40.743138926966225],[-73.98922794583909,40.74313850474683],[-73.98922943773036,40.743138054632915],[-73.9892309414556,40.743137640540375],[-73.98923246885322,40.74313727147536],[-73.98923399624495,40.743136938430624],[-73.98923555914892,40.74313665041451],[-73.98923712204561,40.74313640742371],[-73.98923869677624,40.7431362004543],[-73.98924028334093,40.74313602950621],[-73.98924186989689,40.743135912588535],[-73.98924346828684,40.74313583169221],[-73.98924506667093,40.74313578681611],[-73.98924666504637,40.74313579597045],[-73.98924826341597,40.74313584114502],[-73.98924984993849,40.7431359313438],[-73.98925144829498,40.74313605756394],[-73.9892530229646,40.74313622880718],[-73.98925459762697,40.743136445075756],[-73.98925616044221,40.74313670636853],[-73.98925771141188,40.74313700368048],[-73.98925925053592,40.74313733701156],[-73.98926076597306,40.74313771536577],[-73.98926226956308,40.743138138744186],[-73.98926374946917,40.74313858913558],[-73.98926520568837,40.7431390845501],[-73.9892666500605,40.7431396249888],[-73.98926805890875,40.743140192439384],[-73.98933017829256,40.74316642997563],[-73.98939008383317,40.74319167671681],[-73.98944998941914,40.74321692342673],[-73.9895098832093,40.74324217910936],[-73.98956978888613,40.74326742575683],[-73.98962969460834,40.743292672373],[-73.98968960037452,40.74331792796297],[-73.9897494943477,40.74334317451563],[-73.98980940020475,40.74336843004313],[-73.98983848889581,40.74338068941157],[-73.98986930610855,40.74339367653429],[-73.98988281335696,40.743399369825205],[-73.98992920021792,40.743418922993214],[-73.98995018270132,40.743427768703455],[-73.98998910621121,40.74344417842696],[-73.9900447193781,40.74346761623574],[-73.99004901225126,40.7434694248244],[-73.99010890649677,40.7434946711896],[-73.9901688126263,40.743519926529586],[-73.99017190619915,40.74352122982699],[-73.99021569808588,40.74353967773587],[-73.99022622073923,40.743544110023294],[-73.99028361705399,40.74356829348732],[-73.99031232114689,40.74358038520907],[-73.99034102525026,40.74359247692366],[-73.99039842164701,40.743616669335346],[-73.99041257067086,40.74362262916748],[-73.99045582992666,40.74364085271428],[-73.99046453055809,40.74364451849758],[-73.99051322640805,40.743665036063526],[-73.99057063476977,40.743689228390146],[-73.99062803133455,40.74371341168201],[-73.9906349750431,40.743716337092856],[-73.9906854397809,40.74373759494617],[-73.9907050668724,40.74374586588555],[-73.99074284826767,40.74376178718668],[-73.99080024495744,40.743785970392494],[-73.99080815712662,40.74378934522308],[-73.99085877821643,40.74381093710072],[-73.99091729967935,40.743835903778184],[-73.99097583302608,40.74386087042672],[-73.99103435457673,40.743885837044544],[-73.9910928880112,40.74391080363342],[-73.99115140964956,40.743935770191534],[-73.99120994317177,40.74396073672079],[-73.99126846489787,40.743985703219266],[-73.99128351267316,40.74399211596712],[-73.99131496975308,40.74400553589396],[-73.9913269985078,40.744010669688805],[-73.99138973526676,40.74403633883811],[-73.99145248391405,40.74406200795397],[-73.9915152207686,40.74408768603978],[-73.9915779695126,40.74411335508707],[-73.99162974436493,40.74413454688421],[-73.99164070646381,40.744139033104375],[-73.99169780790632,40.74416239637897],[-73.99170345530446,40.74416470298363],[-73.99170471026278,40.744165368548494],[-73.99170595337657,40.74416607103325],[-73.99170714912584,40.74416680953486],[-73.99170832119178,40.74416757504997],[-73.99170944589426,40.744168367576876],[-73.99171054691232,40.744169196122286],[-73.99171160056699,40.74417005167952],[-73.99171261869941,40.744170925244276],[-73.99171360130734,40.744171834826766],[-73.991714536553,40.744172762415985],[-73.99171470110721,40.74417293892715],[-73.99171542443524,40.74417371701698],[-73.99171627679415,40.744174698630616],[-73.99171708179078,40.74417569825095],[-73.99171783942516,40.74417671587801],[-73.99171854969613,40.7441777605169],[-73.99171921260597,40.74417881415744],[-73.99171982815238,40.74417989480974],[-73.99172039633767,40.74418098446372],[-73.99172091716179,40.744182083119355],[-73.99172137878354,40.744183199780885],[-73.99172179304308,40.744184334449095],[-73.99172215994257,40.74418546911394],[-73.99172247947978,40.74418662178553],[-73.99172273981691,40.744187774452826],[-73.99172294095285,40.74418893612093],[-73.99172298590312,40.74418927291365],[-73.99172309472874,40.744190097785655],[-73.99172320114334,40.74419126935254],[-73.99172324835808,40.74419243911417],[-73.99172324821154,40.74419361877794],[-73.99172318886602,40.74419478943243],[-73.99172308216043,40.74419596008348],[-73.99172291625587,40.7441971217252],[-73.99172270299124,40.744198283363545],[-73.99172243052762,40.74419943599257],[-73.99172211070504,40.744200579613114],[-73.99172196738512,40.744201028055166],[-73.99172174352238,40.74420172323024],[-73.99172131714185,40.744202848833],[-73.99172084340242,40.74420396542728],[-73.99172031046504,40.74420506400717],[-73.99171974200873,40.744206153579405],[-73.99171911435452,40.744207225137274],[-73.99171845118248,40.744208278682464],[-73.99171772881256,40.74420931421325],[-73.9917124117309,40.74421665296049],[-73.99168404999517,40.744255795942905],[-73.99164957771745,40.744303322192714],[-73.99161509354936,40.74435085743607],[-73.99158062117326,40.74439838366455],[-73.9915461369067,40.744445918886605],[-73.99151593952774,40.74448692574048],[-73.99148573027263,40.744527923580236],[-73.99145552097917,40.744568930416925],[-73.99142532348863,40.74460993724632],[-73.99141254934769,40.744627277351405],[-73.99139511412082,40.74465094406663],[-73.99136633762645,40.744689960866566],[-73.99136557973252,40.744690942361984],[-73.99136477448049,40.744691905843744],[-73.99136393371165,40.744692842307636],[-73.99136304558468,40.74469376075781],[-73.99136212194085,40.74469465219014],[-73.99136115093891,40.74469552560875],[-73.99136014442014,40.7446963720095],[-73.99135910238452,40.7446971913924],[-73.99135802483327,40.74469797475234],[-73.99135691176399,40.74469874009948],[-73.99135577501912,40.744699469424525],[-73.99135459091731,40.74470017173085],[-73.99135338313876,40.74470084702017],[-73.99135213984461,40.744701486286544],[-73.99135087287483,40.74470208953089],[-73.99134958222832,40.74470266575821],[-73.99134826790615,40.74470320686398],[-73.99134818738958,40.744703236574665],[-73.99134691806859,40.74470371014578],[-73.99134555639542,40.744704178306925],[-73.99134417104668,40.74470461044603],[-73.99134277386251,40.74470500656393],[-73.99134135300278,40.744705366659794],[-73.99133990846755,40.744705690733596],[-73.99133846393696,40.744705978787096],[-73.9913370075709,40.744706230819425],[-73.9913355275305,40.744706437824625],[-73.9913340474948,40.74470660880955],[-73.99133256746374,40.74470674377416],[-73.99133107559842,40.744706833712556],[-73.99132957189774,40.74470688762977],[-73.9913280800418,40.744706905527586],[-73.99132657635043,40.74470688740423],[-73.99132545391444,40.74470683959283],[-73.99132508450504,40.744706824256404],[-73.9913235926644,40.74470672508829],[-73.99132211266968,40.744706580895716],[-73.99132063267848,40.74470640968794],[-73.99131916453327,40.744706193455706],[-73.9913176963928,40.74470594120318],[-73.9913162519384,40.74470564392708],[-73.99131481932761,40.744705319636644],[-73.99131339856282,40.74470495032178],[-73.99131200148302,40.7447045449884],[-73.99131061624801,40.74470410363563],[-73.99130925469673,40.74470363526944],[-73.99130791683157,40.74470312187973],[-73.99130660265017,40.744702581476545],[-73.99129161391625,40.74469614172163],[-73.9912519399561,40.744679119139306]],[[-73.98966017274071,40.74334624626459],[-73.98929122759071,40.74318862295391],[-73.98922769147819,40.74321052275834],[-73.98918806654223,40.74347647833398],[-73.98914261537203,40.743732009070484],[-73.9891416486468,40.74373560830497],[-73.98914142900988,40.74373927784937],[-73.98914196358004,40.74374292855425],[-73.9891432381637,40.74374647216853],[-73.98914522199156,40.74374982134024],[-73.98914786653289,40.743752895919606],[-73.98914977013436,40.74375449629946],[-73.98915110668054,40.74375561935733],[-73.98915486548569,40.74375792590919],[-73.98915905060572,40.74375976063551],[-73.98949517037867,40.743899504507226],[-73.98949952838396,40.743901316724205],[-73.9896855502763,40.74398122289068],[-73.9896926348489,40.74398426633723],[-73.99004769853295,40.74413972502852],[-73.99013141386938,40.744175872268336],[-73.99018589577854,40.74419939725865],[-73.99028676164436,40.74424294981156],[-73.99048452413625,40.74432774092196],[-73.99065268166923,40.74439983845203],[-73.99092798776755,40.744512927185006],[-73.99131940953696,40.74467050909698],[-73.9913669426119,40.74460806523428],[-73.99144322934558,40.744507849037255],[-73.99166736062242,40.74418688796299],[-73.99138190122474,40.74406925177332],[-73.99105020090245,40.74393198654659],[-73.99078496423677,40.74382085120106],[-73.99068122753822,40.74377701338895],[-73.9904417389605,40.743675809219205],[-73.99039015673658,40.74365401176206],[-73.99035023023129,40.74363713923011],[-73.9901924139438,40.74357044787387],[-73.99015088451596,40.74355289795492],[-73.9900945181862,40.74352970777229],[-73.98998111554809,40.74348305081021],[-73.98992874634719,40.74346075329609],[-73.98985991370759,40.74343144566525],[-73.9897657217727,40.7433913395662],[-73.98966017274071,40.74334624626459]]]]},"properties":{"source_id":"12380002338.0","sub_code":"380000","feat_code":"3800","status":"Unchanged"}}], "crs" : { "type": "name", "properties": { "name": "urn:ogc:def:crs:OGC:1.3:CRS84" } } }